minute,active_evs,routed_now,lava_wait_min,baseline_wait_min,grid_stress,baseline_grid_stress,actual_kw,forecast_kw,v2g_kw,v2g_supplied_kwh,v2g_credits_awarded,credit_ledger_transactions
0,1,1,0.0,0.0,0.6647850748308618,0.6647850748308618,0.0,0.0,0.0,0.0,0,0
1,1,0,0.0,0.0,0.6647850748308618,0.6647850748308618,0.0,0.0,0.0,0.0,0,0
2,1,0,0.0,0.0,0.6647850748308618,0.6647850748308618,0.0,0.0,0.0,0.0,0,0
3,1,0,0.0,0.0,0.6647850748308618,0.6647850748308618,0.0,0.0,0.0,0.0,0,0
4,0,0,0.0,0.0,0.6647850748308618,0.6647850748308618,0.0,0.0,0.0,0.0,0,0
5,0,0,0.0,0.0,0.6983564118772638,0.7045439118772637,55.0,19.25,0.0,0.0,0,0
6,0,0,0.0,0.0,0.6983564118772638,0.7045439118772637,55.0,55.0,0.0,0.0,0,0
7,0,0,0.0,0.0,0.6983564118772638,0.7045439118772637,55.0,55.0,0.0,0.0,0,0
8,1,1,0.0,0.0,0.6983564118772638,0.7045439118772637,55.0,55.0,0.0,0.0,0,0
9,2,0,0.0,0.0,0.6983564118772638,0.7045439118772637,55.0,55.0,0.0,0.0,0,0
10,3,1,0.0,0.0,0.7049005244994192,0.7110880244994191,55.0,55.0,0.0,0.0,0,0
11,4,1,0.0,0.0,0.7049005244994192,0.7110880244994191,55.0,55.0,0.0,0.0,0,0
12,4,0,0.0,0.0,0.7049005244994192,0.7110880244994191,55.0,55.0,0.0,0.0,0,0
13,4,0,0.0,0.0,0.7049005244994192,0.7110880244994191,55.0,55.0,0.0,0.0,0,0
14,4,0,0.0,0.0,0.7049005244994192,0.7110880244994191,55.0,55.0,0.0,0.0,0,0
15,4,0,0.0,0.0,0.6989878613408051,0.705175361340805,55.0,55.0,0.0,0.0,0,0
16,4,0,0.0,0.0,0.6989878613408051,0.705175361340805,55.0,55.0,0.0,0.0,0,0
17,5,1,0.0,0.0,0.6989878613408051,0.705175361340805,55.0,55.0,0.0,0.0,0,0
18,6,1,0.0,0.0,0.6989878613408051,0.705175361340805,55.0,55.0,0.0,0.0,0,0
19,6,0,0.0,0.0,0.6989878613408051,0.705175361340805,55.0,55.0,0.0,0.0,0,0
20,8,1,0.0,0.0,0.7029679064443383,0.7091554064443382,55.0,55.0,0.0,0.0,0,0
21,8,0,0.0,0.0,0.7029679064443383,0.7091554064443382,55.0,55.0,0.0,0.0,0,0
22,7,0,0.0,0.0,0.7029679064443383,0.7091554064443382,55.0,55.0,0.0,0.0,0,0
23,7,0,0.0,0.0,0.7373429064443382,0.7497179064443382,110.0,74.25,0.0,0.0,0,0
24,7,0,0.0,0.0,0.7373429064443382,0.7497179064443382,110.0,110.0,0.0,0.0,0,0
25,7,0,0.0,0.0,0.7334968051664047,0.7458718051664047,110.0,110.0,0.0,0.0,0,0
26,7,1,0.0,0.0,0.7334968051664047,0.7458718051664047,110.0,110.0,0.0,0.0,0,0
27,7,0,0.0,0.0,0.7678718051664047,0.7864343051664047,165.0,129.25,0.0,0.0,0,0
28,7,0,0.0,0.0,0.7678718051664047,0.7864343051664047,165.0,165.0,0.0,0.0,0,0
29,7,1,0.0,0.0,0.7678718051664047,0.7864343051664047,165.0,165.0,0.0,0.0,0,0
30,9,2,0.0,0.0,0.7345363220118909,0.826786322011891,220.0,184.25,54.0,0.2,0,0
31,9,0,0.0,0.0,0.7345363220118909,0.826786322011891,220.0,220.0,54.0,0.2,0,0
32,8,0,0.0,0.0,0.700161322011891,0.7862238220118909,165.0,200.75,54.0,0.2,0,0
33,7,0,0.0,0.0,0.7487125720118909,0.826786322011891,220.0,184.25,42.659,0.4,0,0
34,9,2,0.0,0.0,0.760743822011891,0.867348822011891,275.0,239.25,60.534,0.4,0,0
35,12,2,0.0,0.0,0.7598804286544113,0.8648804286544114,275.0,275.0,59.25,0.4,0,0
36,13,1,0.0,0.0,0.7598804286544113,0.8648804286544114,275.0,275.0,59.25,0.4,0,0
37,13,0,0.0,0.0,0.7598804286544113,0.8648804286544114,275.0,275.0,59.25,0.4,0,0
38,12,0,0.0,0.0,0.7598804286544113,0.8648804286544114,275.0,275.0,59.25,0.4,0,0
39,11,0,0.0,0.0,0.7719116786544113,0.9054429286544113,330.0,294.25,77.125,0.4,0,0
40,9,1,0.0,0.0,0.8011585436171667,0.9408772936171667,385.0,349.25,77.125,0.4,0,0
41,9,1,0.0,0.0,0.8805335436171666,0.9769397936171667,550.0,442.75,77.125,0.6000000000000001,1,0
42,10,1,0.0,1.4055555555555554,0.8805335436171666,0.9769397936171667,605.0,569.25,77.125,0.6000000000000001,1,0
43,10,0,0.0,0.0,0.8099285436171666,0.9769397936171667,605.0,605.0,133.609,0.6000000000000001,1,0
44,8,0,0.0,0.0,0.8099285436171666,0.9769397936171667,605.0,605.0,133.609,0.6000000000000001,1,0
45,6,1,0.0,14.766666666666666,0.8108396308002461,0.9795421308002461,715.0,643.5,134.962,0.6000000000000001,1,0
46,6,0,0.0,0.0,0.8108396308002461,0.9795421308002461,715.0,715.0,134.962,0.6000000000000001,1,0
47,6,0,0.0,0.0,0.8108396308002461,0.9795421308002461,715.0,715.0,134.962,0.6000000000000001,1,0
48,6,0,0.0,0.0,0.8108396308002461,0.9795421308002461,715.0,715.0,134.962,0.6000000000000001,1,0
49,6,0,0.0,0.0,0.8108396308002461,0.9795421308002461,715.0,715.0,134.962,0.8,1,0
50,6,0,0.0,0.0,0.8091924620720291,0.9748349620720291,715.0,715.0,132.514,1.0,2,0
51,6,0,0.0,0.0,0.7748349620720292,0.9748349620720291,715.0,715.0,160.0,1.0,2,0
52,7,1,0.0,14.766666666666666,0.7948349620720292,0.9748349620720291,715.0,715.0,144.0,1.0,2,0
53,10,2,0.0,14.766666666666666,0.8091924620720291,0.9748349620720291,660.0,695.75,132.514,1.0,2,0
54,11,1,0.0,14.766666666666666,0.8091924620720291,0.9748349620720291,660.0,660.0,132.514,1.0,2,0
55,12,1,0.0,14.766666666666666,0.8093662177099706,0.9753324677099706,660.0,660.0,132.773,1.0,2,0
56,12,0,0.0,0.0,0.8093662177099706,0.9753324677099706,660.0,660.0,132.773,1.2,2,0
57,12,0,0.0,0.0,0.7953324677099707,0.9753324677099706,660.0,660.0,144.0,1.4,2,0
58,13,1,0.0,14.766666666666666,0.7953324677099707,0.9753324677099706,660.0,660.0,144.0,1.4,2,0
59,14,1,0.0,14.766666666666666,0.7953324677099707,0.9753324677099706,660.0,660.0,144.0,1.4,2,0
60,14,0,0.0,0.0,0.7766188953294939,0.9766188953294939,660.0,660.0,160.0,1.4,2,0
61,15,1,0.0,14.766666666666666,0.7766188953294939,0.9766188953294939,660.0,660.0,160.0,1.4,2,0
62,15,0,0.0,0.0,0.7766188953294939,0.9766188953294939,660.0,660.0,160.0,1.5999999999999999,3,0
63,18,1,0.0,14.766666666666666,0.7766188953294939,0.9766188953294939,660.0,660.0,160.0,1.5999999999999999,3,0
64,18,1,0.0,14.766666666666666,0.7841188953294939,0.9766188953294939,550.0,621.5,154.0,1.4,2,0
65,18,0,0.0,0.0,0.7796796142524761,0.9721796142524761,605.0,569.25,154.0,1.4,2,0
66,18,0,0.0,0.0,0.7971796142524761,0.9721796142524761,550.0,585.75,140.0,1.2,2,0
67,18,0,0.0,0.0,0.804054614252476,0.9721796142524761,495.0,530.75,126.0,1.0,2,0
68,18,0,0.0,0.0,0.7703046142524761,0.936117114252476,385.0,456.5,98.0,1.0,2,0
69,18,1,0.0,0.0,0.757804614252476,0.936117114252476,385.0,385.0,108.0,1.0,2,0
70,17,0,0.0,0.0,0.7931221339852719,0.9739208839852718,440.0,404.25,108.639,1.0,2,0
71,19,1,0.0,0.0,0.7931221339852719,0.9739208839852718,440.0,440.0,108.639,0.8,1,0
72,19,0,0.0,0.0,0.7810908839852718,0.9378583839852718,385.0,420.75,90.764,0.8,1,0
73,21,2,0.0,0.0,0.7720458839852717,0.9378583839852718,385.0,385.0,98.0,0.8,1,0
74,24,3,0.0,0.0,0.7720458839852717,0.9378583839852718,385.0,385.0,98.0,0.8,1,0
75,25,1,0.0,0.0,0.770629906400361,0.936442406400361,385.0,385.0,98.0,0.8,1,0
76,24,0,0.0,0.0,0.736254906400361,0.8958799064003611,330.0,365.75,98.0,0.6000000000000001,1,0
77,25,1,0.0,0.0,0.770629906400361,0.936442406400361,385.0,349.25,98.0,0.6000000000000001,1,0
78,25,0,0.0,0.0,0.770629906400361,0.936442406400361,385.0,385.0,98.0,0.8,1,0
79,26,1,0.0,0.0,0.770629906400361,0.936442406400361,385.0,385.0,98.0,1.2,2,0
80,27,1,0.0,0.0,0.7669751534447129,0.9327876534447128,385.0,385.0,98.0,1.4,2,0
81,27,1,0.0,0.0,0.7494751534447128,0.9327876534447128,385.0,385.0,112.0,1.4,2,0
82,24,0,0.0,0.0,0.7838501534447129,0.9688501534447129,440.0,404.25,112.0,1.4,2,0
83,24,0,0.0,0.0,0.7838501534447129,0.9688501534447129,440.0,440.0,112.0,1.4,2,0
84,24,0,0.0,0.0,0.7669751534447129,0.9327876534447128,385.0,420.75,98.0,1.2,2,0
85,23,0,0.0,0.0,0.7481484005574033,0.8902734005574033,330.0,365.75,84.0,1.0,2,0
86,22,0,0.0,0.0,0.7306484005574032,0.8902734005574033,330.0,330.0,98.0,1.0,2,0
87,25,3,0.0,0.0,0.7650234005574033,0.9308359005574033,385.0,349.25,98.0,1.0,2,0
88,19,0,0.0,0.0,0.7525234005574033,0.9308359005574033,385.0,385.0,108.0,0.8,1,0
89,17,1,0.0,0.0,0.8064146505574032,0.9668984005574033,660.0,481.25,128.387,0.8,1,0
90,16,0,0.0,0.0,0.806601675859802,0.967434175859802,660.0,660.0,128.666,0.8,1,0
91,16,0,0.0,0.0,0.806601675859802,0.967434175859802,660.0,660.0,128.666,1.0,2,0
92,13,0,0.0,0.0,0.806601675859802,0.967434175859802,660.0,660.0,128.666,1.0,2,0
93,12,1,0.0,0.0,0.806601675859802,0.967434175859802,715.0,679.25,128.666,1.2,2,0
94,12,0,0.0,0.0,0.806601675859802,0.967434175859802,825.0,753.5,128.666,1.2,2,0
95,12,1,0.0,0.0,0.7870706140474601,0.9670706140474601,825.0,825.0,144.0,1.0,2,0
96,13,1,0.0,0.0,0.7670706140474601,0.9670706140474601,880.0,844.25,160.0,1.0,2,0
97,15,1,0.0,0.0,0.8064743640474601,0.9670706140474601,880.0,880.0,128.477,0.6000000000000001,1,0
98,13,0,0.0,0.0,0.8064743640474601,0.9670706140474601,880.0,880.0,128.477,0.8,1,0
99,12,1,0.0,1.4055555555555554,0.8064743640474601,0.9670706140474601,935.0,899.25,128.477,1.0,2,0
100,11,0,0.0,0.0,0.7661330072682624,0.9661330072682623,935.0,935.0,160.0,1.2,2,0
101,10,0,0.0,0.0,0.7661330072682624,0.9661330072682623,990.0,954.25,160.0,1.2,2,0
102,10,0,0.0,0.0,0.7661330072682624,0.9661330072682623,990.0,990.0,160.0,1.4,2,0
103,9,0,0.0,0.0,0.7661330072682624,0.9661330072682623,990.0,990.0,160.0,1.5999999999999999,3,0
104,8,0,0.0,0.0,0.7661330072682624,0.9661330072682623,990.0,990.0,160.0,1.5999999999999999,3,0
105,9,0,0.0,0.0,0.7648892431734082,0.9648892431734082,990.0,990.0,160.0,1.7999999999999998,3,0
106,10,1,34.0,38.766666666666666,0.7648892431734082,0.9648892431734082,990.0,990.0,160.0,1.9999999999999998,3,0
107,10,0,0.0,0.0,0.7648892431734082,0.9648892431734082,990.0,990.0,160.0,1.9999999999999998,3,0
108,13,3,34.0,38.766666666666666,0.7648892431734082,0.9648892431734082,990.0,990.0,160.0,1.7999999999999998,3,0
109,13,0,0.0,0.0,0.7648892431734082,0.9648892431734082,990.0,990.0,160.0,1.9999999999999998,3,0
110,13,0,0.0,0.0,0.7627078722993565,0.9627078722993565,990.0,990.0,160.0,1.7999999999999998,3,0
111,13,0,0.0,0.0,0.7627078722993565,0.9627078722993565,990.0,990.0,160.0,1.7999999999999998,3,0
112,13,1,26.0,30.766666666666666,0.7627078722993565,0.9627078722993565,990.0,990.0,160.0,1.7999999999999998,3,0
113,13,1,34.0,38.766666666666666,0.7627078722993565,0.9627078722993565,990.0,990.0,160.0,1.7999999999999998,3,0
114,11,0,0.0,0.0,0.7627078722993565,0.9627078722993565,990.0,990.0,160.0,1.9999999999999998,3,0
115,12,1,34.0,62.766666666666666,0.761598052030102,0.961598052030102,990.0,990.0,160.0,2.1999999999999997,4,0
116,12,0,0.0,0.0,0.761598052030102,0.961598052030102,990.0,990.0,160.0,2.1999999999999997,4,0
117,11,0,0.0,0.0,0.761598052030102,0.961598052030102,990.0,990.0,160.0,2.1999999999999997,4,0
118,11,0,0.0,0.0,0.761598052030102,0.961598052030102,990.0,990.0,160.0,2.1999999999999997,4,0
119,10,0,0.0,0.0,0.761598052030102,0.961598052030102,990.0,990.0,160.0,1.9999999999999998,3,0
120,11,1,26.0,78.76666666666667,0.765000889131203,0.965000889131203,990.0,990.0,160.0,1.9999999999999998,3,0
121,12,1,26.0,78.76666666666667,0.765000889131203,0.965000889131203,990.0,990.0,160.0,2.1999999999999997,4,0
122,13,1,18.0,78.76666666666667,0.765000889131203,0.965000889131203,990.0,990.0,160.0,1.9999999999999998,3,0
123,15,1,18.0,78.76666666666667,0.765000889131203,0.965000889131203,990.0,990.0,160.0,1.9999999999999998,3,0
124,17,2,18.0,78.76666666666667,0.765000889131203,0.965000889131203,990.0,990.0,160.0,1.9999999999999998,3,0
125,17,0,0.0,0.0,0.7647330014800038,0.9647330014800037,990.0,990.0,160.0,1.9999999999999998,3,0
126,19,1,18.0,70.76666666666667,0.7647330014800038,0.9647330014800037,990.0,990.0,160.0,1.5999999999999999,3,0
127,21,2,18.0,70.76666666666667,0.7647330014800038,0.9647330014800037,990.0,990.0,160.0,1.5999999999999999,3,0
128,20,0,0.0,0.0,0.7647330014800038,0.9647330014800037,990.0,990.0,160.0,1.5999999999999999,3,0
129,21,1,18.0,62.766666666666666,0.7647330014800038,0.9647330014800037,990.0,990.0,160.0,1.5999999999999999,3,0
130,21,0,0.0,0.0,0.7650774284601172,0.9650774284601171,990.0,990.0,160.0,1.5999999999999999,3,0
131,22,1,18.0,62.766666666666666,0.7650774284601172,0.9650774284601171,990.0,990.0,160.0,1.5999999999999999,3,0
132,23,1,18.0,62.766666666666666,0.7650774284601172,0.9650774284601171,990.0,990.0,160.0,1.7999999999999998,3,0
133,23,0,0.0,0.0,0.7650774284601172,0.9650774284601171,990.0,990.0,160.0,1.7999999999999998,3,0
134,23,0,0.0,0.0,0.7650774284601172,0.9650774284601171,990.0,990.0,160.0,1.9999999999999998,3,0
135,23,0,0.0,0.0,0.7637762598685776,0.9637762598685775,990.0,990.0,160.0,1.7999999999999998,3,0
136,22,0,0.0,0.0,0.7637762598685776,0.9637762598685775,990.0,990.0,160.0,1.9999999999999998,3,0
137,22,0,0.0,0.0,0.7637762598685776,0.9637762598685775,990.0,990.0,160.0,1.7999999999999998,3,0
138,22,0,0.0,0.0,0.7637762598685776,0.9637762598685775,990.0,990.0,160.0,1.7999999999999998,3,0
139,21,0,0.0,0.0,0.7837762598685776,0.9637762598685775,880.0,951.5,144.0,1.4,2,0
140,21,0,0.0,0.0,0.7831065407405791,0.963106540740579,935.0,899.25,144.0,1.4,2,0
141,20,1,0.0,54.766666666666666,0.805087790740579,0.963106540740579,880.0,915.75,126.415,1.4,2,0
142,19,1,0.0,54.766666666666666,0.763106540740579,0.963106540740579,935.0,899.25,160.0,1.4,2,0
143,19,1,0.0,46.766666666666666,0.7831065407405791,0.963106540740579,935.0,935.0,144.0,1.2,2,0
144,20,1,0.0,46.766666666666666,0.7831065407405791,0.963106540740579,935.0,935.0,144.0,1.2,2,0
145,20,0,0.0,0.0,0.7623985519481238,0.9623985519481237,935.0,935.0,160.0,1.2,2,0
146,18,0,0.0,0.0,0.8048398019481238,0.9623985519481237,825.0,896.5,126.047,0.8,1,0
147,20,2,0.0,46.766666666666666,0.7823985519481238,0.9623985519481237,880.0,844.25,144.0,1.2,2,0
148,20,0,0.0,0.0,0.7823985519481238,0.9623985519481237,880.0,880.0,144.0,1.2,2,0
149,20,0,0.0,0.0,0.7823985519481238,0.9623985519481237,880.0,880.0,144.0,1.2,2,0
150,21,1,0.0,38.766666666666666,0.8037695968466407,0.9612695968466407,880.0,880.0,126.0,1.0,2,0
151,23,2,0.0,38.766666666666666,0.7612695968466408,0.9612695968466407,880.0,880.0,160.0,1.2,2,0
152,24,0,0.0,0.0,0.7612695968466408,0.9612695968466407,880.0,880.0,160.0,1.4,2,0
153,24,0,0.0,0.0,0.7612695968466408,0.9612695968466407,880.0,880.0,160.0,1.2,2,0
154,23,0,0.0,0.0,0.7612695968466408,0.9612695968466407,880.0,880.0,160.0,1.2,2,0
155,22,0,0.0,0.0,0.7603702597319,0.9603702597318999,935.0,899.25,160.0,1.2,2,0
156,22,0,0.0,0.0,0.7603702597319,0.9603702597318999,935.0,935.0,160.0,1.5999999999999999,3,0
157,22,0,0.0,0.0,0.7603702597319,0.9603702597318999,935.0,935.0,160.0,1.5999999999999999,3,0
158,21,0,0.0,0.0,0.7603702597319,0.9603702597318999,935.0,935.0,160.0,1.9999999999999998,3,0
159,22,1,0.0,30.766666666666666,0.7603702597319,0.9603702597318999,935.0,935.0,160.0,1.9999999999999998,3,0
160,23,1,10.0,30.766666666666666,0.7599875630873296,0.9599875630873296,990.0,954.25,160.0,1.9999999999999998,3,0
161,23,0,0.0,0.0,0.7599875630873296,0.9599875630873296,990.0,990.0,160.0,1.9999999999999998,3,0
162,24,0,0.0,0.0,0.7599875630873296,0.9599875630873296,990.0,990.0,160.0,1.9999999999999998,3,0
163,25,1,26.0,30.766666666666666,0.7599875630873296,0.9599875630873296,990.0,990.0,160.0,1.7999999999999998,3,0
164,25,0,0.0,0.0,0.7599875630873296,0.9599875630873296,990.0,990.0,160.0,1.9999999999999998,3,0
165,25,0,0.0,0.0,0.7596622709394447,0.9596622709394447,990.0,990.0,160.0,1.9999999999999998,3,0
166,26,1,10.0,30.766666666666666,0.7596622709394447,0.9596622709394447,990.0,990.0,160.0,1.9999999999999998,3,0
167,27,0,0.0,0.0,0.7596622709394447,0.9596622709394447,990.0,990.0,160.0,1.9999999999999998,3,0
168,26,0,0.0,0.0,0.7796622709394447,0.9596622709394447,880.0,951.5,144.0,1.2,2,0
169,28,0,0.0,0.0,0.7596622709394447,0.9596622709394447,880.0,880.0,160.0,1.4,2,0
170,27,0,0.0,0.0,0.7588777428180751,0.958877742818075,880.0,880.0,160.0,1.4,2,0
171,28,2,0.0,22.766666666666666,0.7788777428180751,0.958877742818075,880.0,880.0,144.0,1.2,2,0
172,28,0,0.0,0.0,0.8013777428180751,0.958877742818075,880.0,880.0,126.0,1.2,2,0
173,27,0,0.0,0.0,0.8013777428180751,0.958877742818075,825.0,860.75,126.0,1.0,2,0
174,27,0,0.0,0.0,0.8013777428180751,0.958877742818075,770.0,805.75,126.0,1.0,2,0
175,27,0,0.0,0.0,0.7994833944274511,0.9569833944274511,770.0,770.0,126.0,1.0,2,0
176,25,0,0.0,0.0,0.7769833944274511,0.9569833944274511,770.0,770.0,144.0,1.0,2,0
177,24,0,0.0,0.0,0.7994833944274511,0.9569833944274511,770.0,770.0,126.0,0.8,1,0
178,23,0,0.0,0.0,0.7569833944274511,0.9569833944274511,770.0,770.0,160.0,0.8,1,0
179,23,0,0.0,0.0,0.7569833944274511,0.9569833944274511,715.0,750.75,160.0,1.0,2,0
180,23,1,0.0,0.0,0.7634358134925094,0.9634358134925094,715.0,715.0,160.0,1.0,2,0
181,24,1,0.0,0.0,0.7634358134925094,0.9634358134925094,715.0,715.0,160.0,1.2,2,0
182,24,0,0.0,0.0,0.7634358134925094,0.9634358134925094,715.0,715.0,160.0,1.5999999999999999,3,0
183,25,1,0.0,0.0,0.7709358134925094,0.9634358134925094,660.0,695.75,154.0,1.5999999999999999,3,0
184,24,0,0.0,0.0,0.7709358134925094,0.9634358134925094,660.0,660.0,154.0,1.5999999999999999,3,0
185,24,1,0.0,0.0,0.7640863977882792,0.9640863977882792,660.0,660.0,160.0,1.7999999999999998,3,0
186,26,1,0.0,0.0,0.7840863977882793,0.9640863977882792,660.0,660.0,144.0,1.5999999999999999,3,0
187,25,0,0.0,0.0,0.7840863977882793,0.9640863977882792,660.0,660.0,144.0,1.5999999999999999,3,0
188,26,1,0.0,0.0,0.7840863977882793,0.9640863977882792,715.0,679.25,144.0,1.5999999999999999,3,0
189,26,0,0.0,0.0,0.7840863977882793,0.9640863977882792,715.0,715.0,144.0,1.5999999999999999,3,0
190,25,0,0.0,0.0,0.765464105708733,0.965464105708733,715.0,715.0,160.0,1.5999999999999999,3,0
191,26,1,0.0,0.0,0.765464105708733,0.965464105708733,770.0,734.25,160.0,1.5999999999999999,3,0
192,24,0,0.0,0.0,0.785464105708733,0.965464105708733,715.0,750.75,144.0,1.4,2,0
193,24,0,0.0,0.0,0.785464105708733,0.965464105708733,825.0,753.5,144.0,1.2,2,0
194,25,2,0.0,14.766666666666666,0.785464105708733,0.965464105708733,825.0,825.0,144.0,1.2,2,0
195,24,0,0.0,0.0,0.7661146900045028,0.9661146900045028,825.0,825.0,160.0,1.4,2,0
196,24,0,0.0,0.0,0.7861146900045028,0.9661146900045028,825.0,825.0,144.0,1.2,2,0
197,24,1,0.0,0.0,0.8061396900045028,0.9661146900045028,770.0,805.75,127.98,1.0,2,0
198,23,0,0.0,0.0,0.7861146900045028,0.9661146900045028,825.0,789.25,144.0,1.2,2,0
199,24,0,0.0,0.0,0.7661146900045028,0.9661146900045028,880.0,844.25,160.0,1.2,2,0
200,25,1,0.0,1.4055555555555554,0.7653684315475904,0.9653684315475903,880.0,880.0,160.0,1.4,2,0
201,25,0,0.0,0.0,0.7653684315475904,0.9653684315475903,880.0,880.0,160.0,1.4,2,0
202,25,0,0.0,0.0,0.7653684315475904,0.9653684315475903,935.0,899.25,160.0,1.5999999999999999,3,0
203,24,0,0.0,0.0,0.7653684315475904,0.9653684315475903,880.0,915.75,160.0,1.5999999999999999,3,0
204,25,1,0.0,14.766666666666666,0.7653684315475904,0.9653684315475903,935.0,899.25,160.0,1.5999999999999999,3,0
205,25,1,0.0,14.766666666666666,0.7657319933599325,0.9657319933599324,935.0,935.0,160.0,1.7999999999999998,3,0
206,25,0,0.0,0.0,0.7657319933599325,0.9657319933599324,935.0,935.0,160.0,1.7999999999999998,3,0
207,26,0,0.0,0.0,0.7657319933599325,0.9657319933599324,880.0,915.75,160.0,1.7999999999999998,3,0
208,26,0,0.0,0.0,0.7657319933599325,0.9657319933599324,825.0,860.75,160.0,1.7999999999999998,3,0
209,26,1,0.0,22.766666666666666,0.7657319933599325,0.9657319933599324,825.0,825.0,160.0,1.9999999999999998,3,0
210,28,2,0.0,22.766666666666666,0.7656745888632468,0.9656745888632468,880.0,844.25,160.0,2.1999999999999997,4,0
211,27,0,0.0,0.0,0.7656745888632468,0.9656745888632468,880.0,880.0,160.0,2.1999999999999997,4,0
212,27,0,0.0,0.0,0.7656745888632468,0.9656745888632468,880.0,880.0,160.0,1.9999999999999998,3,0
213,28,1,0.0,22.766666666666666,0.7656745888632468,0.9656745888632468,880.0,880.0,160.0,1.7999999999999998,3,0
214,29,0,0.0,0.0,0.7656745888632468,0.9656745888632468,880.0,880.0,160.0,1.5999999999999999,3,0
215,29,0,0.0,0.0,0.7650622742319342,0.9650622742319341,880.0,880.0,160.0,1.5999999999999999,3,0
216,29,0,0.0,0.0,0.7650622742319342,0.9650622742319341,880.0,880.0,160.0,1.7999999999999998,3,0
217,30,1,0.0,14.766666666666666,0.7650622742319342,0.9650622742319341,880.0,880.0,160.0,1.7999999999999998,3,0
218,30,0,0.0,0.0,0.7650622742319342,0.9650622742319341,880.0,880.0,160.0,1.7999999999999998,3,0
219,30,0,0.0,0.0,0.7650622742319342,0.9650622742319341,935.0,899.25,160.0,1.7999999999999998,3,0
220,31,1,0.0,14.766666666666666,0.764583903426221,0.9645839034262209,880.0,915.75,160.0,1.5999999999999999,3,0
221,31,0,0.0,0.0,0.764583903426221,0.9645839034262209,825.0,860.75,160.0,1.5999999999999999,3,0
222,30,0,0.0,0.0,0.764583903426221,0.9645839034262209,825.0,825.0,160.0,1.4,2,0
223,31,1,0.0,1.4055555555555554,0.764583903426221,0.9645839034262209,880.0,844.25,160.0,1.4,2,0
224,29,0,0.0,0.0,0.764583903426221,0.9645839034262209,880.0,880.0,160.0,1.4,2,0
225,30,1,0.0,1.4055555555555554,0.7645073640973068,0.9645073640973068,935.0,899.25,160.0,1.5999999999999999,3,0
226,30,0,0.0,0.0,0.7645073640973068,0.9645073640973068,935.0,935.0,160.0,1.5999999999999999,3,0
227,29,1,0.0,1.4055555555555554,0.7645073640973068,0.9645073640973068,935.0,935.0,160.0,1.7999999999999998,3,0
228,30,1,10.0,14.766666666666666,0.7645073640973068,0.9645073640973068,990.0,954.25,160.0,1.7999999999999998,3,0
229,29,0,0.0,0.0,0.7645073640973068,0.9645073640973068,990.0,990.0,160.0,1.9999999999999998,3,0
230,31,2,10.0,14.766666666666666,0.7647178472518206,0.9647178472518205,990.0,990.0,160.0,1.9999999999999998,3,0
231,31,1,10.0,14.766666666666666,0.7647178472518206,0.9647178472518205,990.0,990.0,160.0,1.9999999999999998,3,0
232,29,0,0.0,0.0,0.7647178472518206,0.9647178472518205,990.0,990.0,160.0,2.1999999999999997,4,0
233,29,0,0.0,0.0,0.7647178472518206,0.9647178472518205,990.0,990.0,160.0,2.1999999999999997,4,0
234,30,1,18.0,22.766666666666666,0.7647178472518206,0.9647178472518205,990.0,990.0,160.0,1.9999999999999998,3,0
235,28,0,0.0,0.0,0.764736982084049,0.964736982084049,990.0,990.0,160.0,1.9999999999999998,3,0
236,26,0,0.0,0.0,0.764736982084049,0.964736982084049,990.0,990.0,160.0,1.7999999999999998,3,0
237,26,0,0.0,0.0,0.764736982084049,0.964736982084049,990.0,990.0,160.0,1.5999999999999999,3,0
238,26,0,0.0,0.0,0.764736982084049,0.964736982084049,990.0,990.0,160.0,1.7999999999999998,3,0
239,24,0,0.0,0.0,0.764736982084049,0.964736982084049,990.0,990.0,160.0,1.9999999999999998,3,0
240,24,0,0.0,0.0,0.773059522995968,0.973059522995968,990.0,990.0,160.0,2.6,5,0
241,24,0,0.0,0.0,0.773059522995968,0.973059522995968,990.0,990.0,160.0,2.1999999999999997,4,0
242,24,0,0.0,0.0,0.773059522995968,0.973059522995968,990.0,990.0,160.0,2.1999999999999997,4,0
243,25,1,10.0,38.766666666666666,0.773059522995968,0.973059522995968,990.0,990.0,160.0,2.1999999999999997,4,0
244,27,2,10.0,38.766666666666666,0.773059522995968,0.973059522995968,990.0,990.0,160.0,2.4,4,0
245,28,1,0.0,38.766666666666666,0.7743989612519648,0.9743989612519648,935.0,970.75,160.0,2.1999999999999997,4,0
246,29,1,0.0,38.766666666666666,0.7743989612519648,0.9743989612519648,935.0,935.0,160.0,2.1999999999999997,4,0
247,30,1,0.0,30.766666666666666,0.7743989612519648,0.9743989612519648,935.0,935.0,160.0,1.9999999999999998,3,0
248,30,0,0.0,0.0,0.7743989612519648,0.9743989612519648,880.0,915.75,160.0,1.7999999999999998,3,0
249,31,1,0.0,30.766666666666666,0.7743989612519648,0.9743989612519648,880.0,880.0,160.0,1.5999999999999999,3,0
250,31,0,0.0,0.0,0.795719264675733,0.9757192646757329,825.0,860.75,144.0,1.0,2,0
251,32,1,0.0,22.766666666666666,0.795719264675733,0.9757192646757329,825.0,825.0,144.0,1.4,2,0
252,33,1,0.0,22.766666666666666,0.795719264675733,0.9757192646757329,825.0,825.0,144.0,1.4,2,0
253,34,1,0.0,22.766666666666666,0.795719264675733,0.9757192646757329,825.0,825.0,144.0,1.4,2,0
254,34,0,0.0,0.0,0.8095017646757329,0.9757192646757329,770.0,805.75,132.974,1.2,2,0
255,34,0,0.0,0.0,0.8097364838037314,0.9763889838037314,715.0,750.75,133.322,1.2,2,0
256,34,0,0.0,0.0,0.8097364838037314,0.9763889838037314,715.0,715.0,133.322,1.2,2,0
257,35,1,0.0,22.766666666666666,0.8097364838037314,0.9763889838037314,715.0,715.0,133.322,1.2,2,0
258,35,0,0.0,0.0,0.8097364838037314,0.9763889838037314,715.0,715.0,133.322,1.2,2,0
259,35,0,0.0,0.0,0.8097364838037314,0.9763889838037314,715.0,715.0,133.322,1.2,2,0
260,35,0,0.0,0.0,0.8100176467573292,0.9771926467573293,715.0,715.0,133.74,1.2,2,0
261,35,0,0.0,0.0,0.8100176467573292,0.9771926467573293,660.0,695.75,133.74,1.0,2,0
262,35,0,0.0,0.0,0.8100176467573292,0.9771926467573293,660.0,660.0,133.74,1.0,2,0
263,35,0,0.0,0.0,0.7971926467573294,0.9771926467573293,660.0,660.0,144.0,1.0,2,0
264,36,1,0.0,14.766666666666666,0.7971926467573294,0.9771926467573293,660.0,660.0,144.0,1.0,2,0
265,36,0,0.0,0.0,0.7977092872274996,0.9777092872274995,605.0,640.75,144.0,0.8,1,0
266,37,0,0.0,0.0,0.7977092872274996,0.9777092872274995,605.0,605.0,144.0,1.0,2,0
267,36,0,0.0,0.0,0.8101980372274995,0.9777092872274995,550.0,585.75,134.009,1.0,2,0
268,36,0,0.0,0.0,0.8101980372274995,0.9777092872274995,605.0,569.25,134.009,1.0,2,0
269,35,0,0.0,0.0,0.8101980372274995,0.9777092872274995,605.0,605.0,134.009,1.2,2,0
270,35,0,0.0,0.0,0.7982259276976698,0.9782259276976697,660.0,624.25,144.0,1.4,2,0
271,36,1,0.0,1.4055555555555554,0.7982259276976698,0.9782259276976697,660.0,660.0,144.0,1.4,2,0
272,36,0,0.0,0.0,0.7982259276976698,0.9782259276976697,660.0,660.0,144.0,1.4,2,0
273,35,0,0.0,0.0,0.8103796776976697,0.9782259276976697,605.0,640.75,134.277,1.2,2,0
274,35,0,0.0,0.0,0.8103796776976697,0.9782259276976697,660.0,624.25,134.277,1.2,2,0
275,35,0,0.0,0.0,0.8108611356181235,0.9796036356181235,660.0,660.0,134.994,1.4,2,0
276,34,0,0.0,0.0,0.7996036356181235,0.9796036356181235,660.0,660.0,144.0,1.5999999999999999,3,0
277,33,0,0.0,0.0,0.7796036356181235,0.9796036356181235,715.0,679.25,160.0,1.5999999999999999,3,0
278,29,0,0.0,0.0,0.7796036356181235,0.9796036356181235,715.0,715.0,160.0,1.5999999999999999,3,0
279,29,0,0.0,0.0,0.7796036356181235,0.9796036356181235,715.0,715.0,160.0,1.5999999999999999,3,0
280,28,0,0.0,0.0,0.7808473997129777,0.9808473997129776,715.0,715.0,160.0,1.5999999999999999,3,0
281,29,1,0.0,0.0,0.7808473997129777,0.9808473997129776,660.0,695.75,160.0,1.5999999999999999,3,0
282,29,0,0.0,0.0,0.7808473997129777,0.9808473997129776,660.0,660.0,160.0,1.7999999999999998,3,0
283,30,1,0.0,0.0,0.7883473997129776,0.9808473997129776,605.0,640.75,154.0,1.7999999999999998,3,0
284,31,0,0.0,0.0,0.7883473997129776,0.9808473997129776,605.0,605.0,154.0,1.7999999999999998,3,0
285,31,0,0.0,0.0,0.8063449053509191,0.9813449053509191,550.0,585.75,140.0,1.5999999999999999,3,0
286,30,0,0.0,0.0,0.7957199053509192,0.9813449053509191,495.0,530.75,140.0,1.5999999999999999,3,0
287,30,0,0.0,0.0,0.8063449053509191,0.9813449053509191,550.0,514.25,140.0,1.5999999999999999,3,0
288,30,0,0.0,0.0,0.8077524053509193,0.9813449053509191,495.0,530.75,130.374,1.4,2,0
289,29,0,0.0,0.0,0.7957211553509191,0.9813449053509191,440.0,475.75,112.499,1.2,2,0
290,29,0,0.0,0.0,0.7961893436069158,0.9826843436069159,440.0,440.0,113.196,1.4,2,0
291,29,0,0.0,0.0,0.7961893436069158,0.9826843436069159,440.0,440.0,113.196,1.4,2,0
292,28,0,0.0,0.0,0.7976843436069159,0.9826843436069159,440.0,440.0,112.0,1.2,2,0
293,28,0,0.0,0.0,0.7976843436069159,0.9826843436069159,440.0,440.0,112.0,1.2,2,0
294,28,0,0.0,0.0,0.7976843436069159,0.9826843436069159,440.0,440.0,112.0,1.2,2,0
295,29,0,0.0,0.0,0.7982966582382287,0.9832966582382288,440.0,440.0,112.0,1.0,2,0
296,31,2,0.0,0.0,0.7982966582382287,0.9832966582382288,440.0,440.0,112.0,1.0,2,0
297,30,0,0.0,0.0,0.7964041582382287,0.9832966582382288,440.0,440.0,113.514,1.0,2,0
298,30,0,0.0,0.0,0.8151716582382287,0.9832966582382288,495.0,459.25,126.0,1.0,2,0
299,30,0,0.0,0.0,0.8151716582382287,0.9832966582382288,495.0,495.0,126.0,1.0,2,0
300,29,0,0.0,0.0,0.8124479554958377,0.9947617054958378,495.0,495.0,137.351,1.0,2,0
301,28,0,0.0,0.0,0.8161667054958377,0.9947617054958378,550.0,514.25,142.876,1.0,2,0
302,27,0,0.0,0.0,0.8161667054958377,0.9947617054958378,605.0,569.25,142.876,1.0,2,0
303,27,0,0.0,0.0,0.8161667054958377,0.9947617054958378,605.0,605.0,142.876,0.8,1,0
304,27,0,0.0,0.0,0.8161667054958377,0.9947617054958378,605.0,605.0,142.876,0.8,1,0
305,27,0,0.0,0.0,0.8175393461026853,0.9986843461026853,605.0,605.0,144.916,0.8,1,0
306,27,0,0.0,0.0,0.8175393461026853,0.9986843461026853,605.0,605.0,144.916,0.8,1,0
307,27,0,0.0,0.0,0.8175393461026853,0.9986843461026853,605.0,605.0,144.916,1.0,2,0
308,28,1,0.0,0.0,0.8175393461026853,0.9986843461026853,605.0,605.0,144.916,1.2,2,0
309,29,0,0.0,0.0,0.8175393461026853,0.9986843461026853,605.0,605.0,144.916,1.4,2,0
310,31,2,0.0,0.0,0.8278366046962751,1.0,550.0,585.75,140.0,1.2,2,0
311,31,0,0.0,0.0,0.834711604696275,1.0,495.0,530.75,126.0,1.0,2,0
312,32,1,0.0,0.0,0.834711604696275,1.0,495.0,495.0,126.0,1.0,2,0
313,32,0,0.0,0.0,0.815274104696275,1.0,495.0,495.0,141.55,1.0,2,0
314,31,0,0.0,0.0,0.815274104696275,1.0,495.0,495.0,141.55,1.0,2,0
315,30,0,0.0,0.0,0.8256111553694112,1.0,550.0,514.25,144.0,0.8,1,0
316,30,0,0.0,0.0,0.8256111553694112,1.0,605.0,569.25,144.0,1.0,2,0
317,31,1,0.0,0.0,0.8256111553694112,1.0,605.0,605.0,144.0,1.0,2,0
318,32,1,0.0,0.0,0.8481111553694112,1.0,550.0,585.75,126.0,1.2,2,0
319,32,0,0.0,0.0,0.8481111553694112,1.0,550.0,550.0,126.0,1.2,2,0
320,32,0,0.0,0.0,0.849641941947693,1.0,550.0,550.0,126.0,1.4,2,0
321,32,0,0.0,0.0,0.849641941947693,1.0,550.0,550.0,126.0,1.4,2,0
322,33,1,0.0,0.0,0.849641941947693,1.0,550.0,550.0,126.0,1.4,2,0
323,33,0,0.0,0.0,0.849641941947693,1.0,550.0,550.0,126.0,1.4,2,0
324,34,1,0.0,0.0,0.849641941947693,1.0,550.0,550.0,126.0,1.4,2,0
325,33,0,0.0,0.0,0.8336344588615179,1.0,550.0,550.0,140.0,1.4,2,0
326,32,0,0.0,0.0,0.826634458861518,1.0,605.0,569.25,145.6,1.4,2,0
327,32,0,0.0,0.0,0.826634458861518,1.0,660.0,624.25,145.6,1.4,2,0
328,35,2,0.0,0.0,0.826634458861518,1.0,660.0,660.0,145.6,1.4,2,0
329,35,0,0.0,0.0,0.826634458861518,1.0,660.0,660.0,145.6,1.4,2,0
330,35,0,0.0,0.0,0.8283374589298569,1.0,660.0,660.0,145.6,1.4,2,0
331,35,0,0.0,0.0,0.8283374589298569,1.0,660.0,660.0,145.6,1.2,2,0
332,34,0,0.0,0.0,0.8283374589298569,1.0,550.0,621.5,145.6,0.8,1,0
333,33,0,0.0,0.0,0.8283374589298569,1.0,550.0,550.0,145.6,0.6000000000000001,1,0
334,32,0,0.0,0.0,0.8283374589298569,1.0,605.0,569.25,145.6,0.6000000000000001,1,0
335,32,0,0.0,0.0,0.830537964636137,1.0,715.0,643.5,145.6,0.8,1,0
336,34,2,0.0,0.0,0.830537964636137,1.0,715.0,715.0,145.6,0.8,1,0
337,34,0,0.0,0.0,0.830537964636137,1.0,715.0,715.0,145.6,1.0,2,0
338,33,0,0.0,0.0,0.830537964636137,1.0,715.0,715.0,145.6,1.2,2,0
339,33,0,0.0,0.0,0.830537964636137,1.0,770.0,734.25,145.6,1.2,2,0
340,32,0,0.0,0.0,0.8331403018192165,1.0,770.0,770.0,145.6,1.2,2,0
341,33,0,0.0,0.0,0.8331403018192165,1.0,770.0,770.0,145.6,0.8,1,0
342,33,0,0.0,0.0,0.8151403018192165,1.0,770.0,770.0,160.0,0.8,1,0
343,33,0,0.0,0.0,0.8151403018192165,1.0,770.0,770.0,160.0,0.8,1,0
344,34,1,0.0,0.0,0.8151403018192165,1.0,770.0,770.0,160.0,1.0,2,0
345,34,0,0.0,0.0,0.8169581108809263,1.0,715.0,750.75,160.0,0.8,1,0
346,34,0,0.0,0.0,0.8169581108809263,1.0,715.0,715.0,160.0,1.0,2,0
347,35,1,0.0,0.0,0.8169581108809263,1.0,715.0,715.0,160.0,1.2,2,0
348,35,0,0.0,0.0,0.8169581108809263,1.0,715.0,715.0,160.0,1.5999999999999999,3,0
349,36,1,0.0,0.0,0.8169581108809263,1.0,715.0,715.0,160.0,1.7999999999999998,3,0
350,35,0,0.0,0.0,0.8186993806137219,1.0,715.0,715.0,160.0,1.7999999999999998,3,0
351,35,0,0.0,0.0,0.8186993806137219,1.0,770.0,734.25,160.0,1.7999999999999998,3,0
352,36,1,0.0,0.0,0.8186993806137219,1.0,770.0,770.0,160.0,1.9999999999999998,3,0
353,35,0,0.0,0.0,0.8186993806137219,1.0,770.0,770.0,160.0,1.9999999999999998,3,0
354,34,1,0.0,1.4055555555555554,0.8186993806137219,1.0,825.0,789.25,160.0,1.9999999999999998,3,0
355,33,0,0.0,0.0,0.8204597851787463,1.0,880.0,844.25,160.0,1.7999999999999998,3,0
356,33,1,0.0,14.766666666666666,0.8204597851787463,1.0,825.0,860.75,160.0,1.5999999999999999,3,0
357,34,1,0.0,22.766666666666666,0.8204597851787463,1.0,825.0,825.0,160.0,1.5999999999999999,3,0
358,33,0,0.0,0.0,0.8204597851787463,1.0,825.0,825.0,160.0,1.5999999999999999,3,0
359,34,1,0.0,30.766666666666666,0.8204597851787463,1.0,825.0,825.0,160.0,1.5999999999999999,3,0
360,34,0,0.0,0.0,0.832305063896672,1.0,825.0,825.0,160.0,1.4,2,0
361,35,1,0.0,14.766666666666666,0.850305063896672,1.0,825.0,825.0,145.6,1.2,2,0
362,36,1,0.0,14.766666666666666,0.850305063896672,1.0,825.0,825.0,145.6,1.4,2,0
363,37,1,0.0,14.766666666666666,0.832305063896672,1.0,825.0,825.0,160.0,1.4,2,0
364,39,2,0.0,14.766666666666666,0.832305063896672,1.0,825.0,825.0,160.0,1.4,2,0
365,40,1,0.0,14.766666666666666,0.8379689742363152,1.0,825.0,825.0,160.0,1.4,2,0
366,40,0,0.0,0.0,0.8379689742363152,1.0,825.0,825.0,160.0,1.5999999999999999,3,0
367,40,0,0.0,0.0,0.8379689742363152,1.0,770.0,805.75,160.0,1.5999999999999999,3,0
368,41,1,0.0,14.766666666666666,0.8379689742363152,1.0,715.0,750.75,160.0,1.4,2,0
369,42,1,0.0,14.766666666666666,0.8379689742363152,1.0,715.0,715.0,160.0,1.4,2,0
370,42,0,0.0,0.0,0.8408966035672796,1.0,660.0,695.75,160.0,1.4,2,0
371,42,0,0.0,0.0,0.8408966035672796,1.0,660.0,660.0,160.0,1.5999999999999999,3,0
372,44,2,0.0,14.766666666666666,0.8483966035672795,1.0,605.0,640.75,154.0,1.5999999999999999,3,0
373,44,0,0.0,0.0,0.8483966035672795,1.0,605.0,605.0,154.0,1.5999999999999999,3,0
374,44,0,0.0,0.0,0.8483966035672795,1.0,605.0,605.0,154.0,1.5999999999999999,3,0
375,44,0,0.0,0.0,0.8608674912868175,1.0,550.0,585.75,145.6,1.5999999999999999,3,0
376,45,1,0.0,1.4055555555555554,0.8608674912868175,1.0,550.0,550.0,145.6,1.5999999999999999,3,0
377,45,0,0.0,0.0,0.8502424912868176,1.0,495.0,530.75,145.6,1.4,2,0
378,45,0,0.0,0.0,0.8178674912868176,1.0,440.0,475.75,144.0,1.4,2,0
379,47,2,0.0,0.0,0.7941174912868174,0.9662424912868175,330.0,401.5,108.0,1.0,2,0
380,48,0,0.0,0.0,0.7840220306840702,0.9274595306840703,275.0,310.75,90.0,0.8,1,0
381,46,0,0.0,0.0,0.7817832806840702,0.9274595306840703,275.0,275.0,91.791,1.0,2,0
382,46,0,0.0,0.0,0.8183970306840702,0.9680220306840702,330.0,294.25,90.0,0.8,1,0
383,47,0,0.0,0.0,0.8183970306840702,0.9680220306840702,330.0,330.0,90.0,0.8,1,0
384,46,0,0.0,0.0,0.8065220306840702,0.9274595306840703,275.0,310.75,72.0,0.6000000000000001,1,0
385,46,0,0.0,0.0,0.842600030752409,0.9697250307524089,330.0,294.25,72.0,0.6000000000000001,1,0
386,46,0,0.0,0.0,0.842600030752409,0.9697250307524089,330.0,330.0,72.0,0.6000000000000001,1,0
387,46,0,0.0,0.0,0.842600030752409,0.9697250307524089,330.0,330.0,72.0,0.8,1,0
388,45,0,0.0,0.0,0.8201000307524089,0.9697250307524089,330.0,330.0,90.0,1.0,2,0
389,45,1,0.0,0.0,0.8544750307524088,1.0,385.0,349.25,90.0,1.0,2,0
390,45,0,0.0,0.0,0.8771855139069227,1.0,385.0,385.0,72.0,0.8,1,0
391,43,1,0.0,0.0,0.8771855139069227,1.0,385.0,385.0,72.0,0.8,1,0
392,44,1,0.0,0.0,0.8546855139069226,1.0,385.0,385.0,90.0,0.8,1,0
393,43,1,0.0,0.0,0.8428105139069227,0.9699355139069227,330.0,365.75,72.0,0.6000000000000001,1,0
394,42,0,0.0,0.0,0.8771855139069227,1.0,385.0,349.25,72.0,0.6000000000000001,1,0
395,42,0,0.0,0.0,0.9138375589421174,1.0,440.0,404.25,72.0,0.6000000000000001,1,0
396,40,0,0.0,0.0,0.9138375589421174,1.0,440.0,440.0,72.0,0.6000000000000001,1,0
397,40,0,0.0,0.0,0.9138375589421174,1.0,440.0,440.0,72.0,0.4,0,0
398,40,0,0.0,0.0,0.9138375589421174,1.0,440.0,440.0,72.0,0.6000000000000001,1,0
399,40,0,0.0,0.0,0.8988375589421174,1.0,440.0,440.0,84.0,0.6000000000000001,1,0
400,39,0,0.0,0.0,0.9012294129706828,1.0,440.0,440.0,84.0,0.6000000000000001,1,0
401,39,0,0.0,0.0,0.8837294129706827,1.0,440.0,440.0,98.0,0.6000000000000001,1,0
402,38,0,0.0,0.0,0.8662294129706828,1.0,440.0,440.0,112.0,0.6000000000000001,1,0
403,39,1,0.0,0.0,0.8662294129706828,1.0,440.0,440.0,112.0,0.6000000000000001,1,0
404,40,1,0.0,0.0,0.8662294129706828,1.0,440.0,440.0,112.0,0.8,1,0
405,38,0,0.0,0.0,0.8496287500854234,1.0,440.0,440.0,126.0,0.8,1,0
406,39,1,0.0,0.0,0.8771287500854235,1.0,550.0,478.5,140.0,0.8,1,0
407,39,0,0.0,0.0,0.8771287500854235,1.0,550.0,550.0,140.0,0.8,1,0
408,37,0,0.0,0.0,0.8701287500854236,1.0,550.0,550.0,145.6,0.8,1,0
409,38,0,0.0,0.0,0.8701287500854236,1.0,660.0,588.5,145.6,0.8,1,0
410,37,0,0.0,0.0,0.8710089523679356,1.0,660.0,660.0,145.6,0.8,1,0
411,36,0,0.0,0.0,0.8710089523679356,1.0,715.0,679.25,145.6,0.8,1,0
412,35,0,0.0,0.0,0.8710089523679356,1.0,770.0,734.25,145.6,0.8,1,0
413,35,0,0.0,0.0,0.8710089523679356,1.0,825.0,789.25,145.6,0.8,1,0
414,36,1,0.0,0.0,0.8710089523679356,1.0,825.0,825.0,145.6,0.8,1,0
415,36,0,0.0,0.0,0.8711620310257637,1.0,825.0,825.0,145.6,1.0,2,0
416,38,2,0.0,0.0,0.8711620310257637,1.0,825.0,825.0,145.6,1.0,2,0
417,39,0,0.0,0.0,0.8711620310257637,1.0,825.0,825.0,145.6,0.8,1,0
418,39,1,0.0,0.0,0.8711620310257637,1.0,770.0,805.75,145.6,0.8,1,0
419,41,1,0.0,0.0,0.8711620310257637,1.0,825.0,789.25,145.6,0.8,1,0
420,42,1,0.0,0.0,1.0,1.0,825.0,825.0,145.6,1.0,2,0
421,40,0,0.0,0.0,1.0,1.0,825.0,825.0,160.0,1.0,2,0
422,40,0,0.0,0.0,1.0,1.0,935.0,863.5,160.0,1.2,2,0
423,40,1,0.0,14.766666666666666,1.0,1.0,935.0,935.0,160.0,1.2,2,0
424,39,0,0.0,0.0,1.0,1.0,935.0,935.0,160.0,1.2,2,0
425,39,0,0.0,0.0,1.0,1.0,935.0,935.0,160.0,1.4,2,0
426,38,0,0.0,0.0,1.0,1.0,935.0,935.0,160.0,1.4,2,0
427,39,1,0.0,22.766666666666666,1.0,1.0,880.0,915.75,145.6,1.0,2,0
428,40,1,0.0,22.766666666666666,1.0,1.0,880.0,880.0,160.0,1.2,2,0
429,40,0,0.0,0.0,1.0,1.0,880.0,880.0,160.0,1.5999999999999999,3,0
430,40,0,0.0,0.0,1.0,1.0,825.0,860.75,145.6,1.4,2,0
431,41,1,0.0,22.766666666666666,1.0,1.0,825.0,825.0,160.0,1.4,2,0
432,43,1,0.0,22.766666666666666,1.0,1.0,825.0,825.0,160.0,1.5999999999999999,3,0
433,43,0,0.0,0.0,1.0,1.0,770.0,805.75,160.0,1.4,2,0
434,43,0,0.0,0.0,1.0,1.0,715.0,750.75,145.6,1.2,2,0
435,43,0,0.0,0.0,1.0,1.0,715.0,715.0,145.6,1.0,2,0
436,43,0,0.0,0.0,1.0,1.0,715.0,715.0,160.0,1.2,2,0
437,43,0,0.0,0.0,1.0,1.0,660.0,695.75,145.6,1.0,2,0
438,45,2,0.0,1.4055555555555554,1.0,1.0,660.0,660.0,145.6,1.0,2,0
439,46,1,0.0,1.4055555555555554,1.0,1.0,660.0,660.0,145.6,1.0,2,0
440,46,0,0.0,0.0,1.0,1.0,660.0,660.0,145.6,1.2,2,0
441,46,0,0.0,0.0,1.0,1.0,660.0,660.0,145.6,1.4,2,0
442,46,1,0.0,1.4055555555555554,1.0,1.0,660.0,660.0,145.6,1.4,2,0
443,49,3,0.0,1.4055555555555557,1.0,1.0,715.0,679.25,160.0,1.5999999999999999,3,0
444,48,0,0.0,0.0,1.0,1.0,715.0,715.0,160.0,1.5999999999999999,3,0
445,48,0,0.0,0.0,1.0,1.0,770.0,734.25,160.0,1.5999999999999999,3,0
446,49,2,0.0,1.4055555555555554,1.0,1.0,770.0,770.0,160.0,1.4,2,0
447,49,0,0.0,0.0,1.0,1.0,825.0,789.25,160.0,1.4,2,0
448,51,2,0.0,1.4055555555555554,1.0,1.0,825.0,825.0,160.0,1.5999999999999999,3,0
449,50,0,0.0,0.0,1.0,1.0,880.0,844.25,160.0,1.9999999999999998,3,0
450,50,0,0.0,0.0,1.0,1.0,935.0,899.25,160.0,1.9999999999999998,3,0
451,50,0,0.0,0.0,1.0,1.0,825.0,896.5,145.6,1.5999999999999999,3,0
452,50,0,0.0,0.0,1.0,1.0,825.0,825.0,145.6,1.5999999999999999,3,0
453,51,0,0.0,0.0,1.0,1.0,825.0,825.0,145.6,1.5999999999999999,3,0
454,50,0,0.0,0.0,1.0,1.0,880.0,844.25,160.0,1.5999999999999999,3,0
455,51,1,0.0,0.0,1.0,1.0,880.0,880.0,160.0,1.5999999999999999,3,0
456,51,1,0.0,0.0,1.0,1.0,825.0,860.75,145.6,1.4,2,0
457,49,0,0.0,0.0,1.0,1.0,825.0,825.0,160.0,1.4,2,0
458,48,0,0.0,0.0,1.0,1.0,825.0,825.0,145.6,1.2,2,0
459,48,0,0.0,0.0,1.0,1.0,825.0,825.0,160.0,1.4,2,0
460,45,0,0.0,0.0,1.0,1.0,825.0,825.0,160.0,1.4,2,0
461,44,0,0.0,0.0,1.0,1.0,825.0,825.0,160.0,1.2,2,0
462,45,1,0.0,0.0,1.0,1.0,880.0,844.25,160.0,1.4,2,0
463,45,0,0.0,0.0,1.0,1.0,880.0,880.0,160.0,1.4,2,0
464,44,0,0.0,0.0,1.0,1.0,880.0,880.0,160.0,1.4,2,0
465,45,1,0.0,0.0,1.0,1.0,880.0,880.0,160.0,1.5999999999999999,3,0
466,45,0,0.0,0.0,1.0,1.0,880.0,880.0,160.0,1.5999999999999999,3,0
467,46,3,0.0,0.0,1.0,1.0,880.0,880.0,160.0,1.5999999999999999,3,0
468,46,0,0.0,0.0,1.0,1.0,935.0,899.25,160.0,1.7999999999999998,3,0
469,46,0,0.0,0.0,1.0,1.0,880.0,915.75,160.0,1.7999999999999998,3,0
470,45,0,0.0,0.0,1.0,1.0,770.0,841.5,160.0,1.4,2,0
471,44,0,0.0,0.0,1.0,1.0,770.0,770.0,160.0,1.4,2,0
472,43,1,0.0,1.4055555555555554,1.0,1.0,825.0,789.25,160.0,1.4,2,0
473,45,2,0.0,22.766666666666666,1.0,1.0,880.0,844.25,160.0,1.5999999999999999,3,0
474,45,0,0.0,0.0,1.0,1.0,825.0,860.75,145.6,1.4,2,0
475,46,1,0.0,22.766666666666666,1.0,1.0,825.0,825.0,145.6,1.4,2,0
476,46,0,0.0,0.0,1.0,1.0,825.0,825.0,145.6,1.4,2,0
477,48,2,0.0,22.766666666666666,1.0,1.0,825.0,825.0,145.6,1.4,2,0
478,49,2,0.0,22.766666666666666,1.0,1.0,825.0,825.0,145.6,1.5999999999999999,3,0
479,50,1,0.0,30.766666666666666,1.0,1.0,825.0,825.0,160.0,1.5999999999999999,3,0
480,50,0,0.0,0.0,1.0,1.0,825.0,825.0,145.6,1.4,2,0
481,51,1,0.0,30.766666666666666,1.0,1.0,825.0,825.0,145.6,1.2,2,0
482,52,1,0.0,30.766666666666666,1.0,1.0,825.0,825.0,145.6,1.2,2,0
483,53,1,0.0,30.766666666666666,1.0,1.0,825.0,825.0,145.6,1.4,2,0
484,53,0,0.0,0.0,1.0,1.0,770.0,805.75,145.6,1.0,2,0
485,54,1,0.0,22.766666666666666,1.0,1.0,770.0,770.0,145.6,1.0,2,0
486,55,0,0.0,0.0,1.0,1.0,770.0,770.0,140.0,0.6000000000000001,1,0
487,55,0,0.0,0.0,1.0,1.0,770.0,770.0,145.6,0.6000000000000001,1,0
488,55,0,0.0,0.0,1.0,1.0,770.0,770.0,145.6,0.6000000000000001,1,0
489,55,0,0.0,0.0,1.0,1.0,770.0,770.0,145.6,0.8,1,0
490,55,0,0.0,0.0,1.0,1.0,770.0,770.0,145.6,0.8,1,0
491,56,0,0.0,0.0,1.0,1.0,770.0,770.0,145.6,0.8,1,0
492,56,0,0.0,0.0,1.0,1.0,770.0,770.0,145.6,0.8,1,0
493,56,0,0.0,0.0,1.0,1.0,770.0,770.0,145.6,0.8,1,0
494,57,1,0.0,1.4055555555555554,1.0,1.0,715.0,750.75,145.6,0.8,1,0
495,57,0,0.0,0.0,1.0,1.0,715.0,715.0,145.6,0.6000000000000001,1,0
496,58,1,0.0,1.4055555555555554,1.0,1.0,715.0,715.0,145.6,0.6000000000000001,1,0
497,58,0,0.0,0.0,1.0,1.0,715.0,715.0,145.6,0.8,1,0
498,59,1,0.0,1.4055555555555554,1.0,1.0,715.0,715.0,145.6,0.8,1,0
499,58,0,0.0,0.0,1.0,1.0,715.0,715.0,145.6,0.8,1,0
500,57,0,0.0,0.0,1.0,1.0,770.0,734.25,145.6,0.6000000000000001,1,0
501,59,1,0.0,1.4055555555555554,1.0,1.0,825.0,789.25,145.6,0.8,1,0
502,59,0,0.0,0.0,1.0,1.0,825.0,825.0,145.6,1.0,2,0
503,57,0,0.0,0.0,1.0,1.0,825.0,825.0,145.6,1.4,2,0
504,56,0,0.0,0.0,1.0,1.0,935.0,863.5,145.6,1.4,2,0
505,55,0,0.0,0.0,1.0,1.0,935.0,935.0,160.0,1.4,2,0
506,54,0,0.0,0.0,1.0,1.0,935.0,935.0,160.0,1.4,2,0
507,51,0,0.0,0.0,1.0,1.0,990.0,954.25,160.0,1.4,2,0
508,51,0,0.0,0.0,1.0,1.0,935.0,970.75,160.0,1.2,2,0
509,50,1,0.0,0.0,1.0,1.0,880.0,915.75,160.0,1.0,2,0
510,50,0,0.0,0.0,1.0,1.0,880.0,880.0,160.0,1.2,2,0
511,50,0,0.0,0.0,1.0,1.0,880.0,880.0,160.0,1.4,2,0
512,50,0,0.0,0.0,1.0,1.0,825.0,860.75,160.0,1.2,2,0
513,50,0,0.0,0.0,1.0,1.0,825.0,825.0,160.0,1.4,2,0
514,51,1,0.0,0.0,1.0,1.0,825.0,825.0,160.0,1.4,2,0
515,50,0,0.0,0.0,1.0,1.0,825.0,825.0,160.0,1.7999999999999998,3,0
516,51,2,0.0,0.0,1.0,1.0,880.0,844.25,160.0,1.7999999999999998,3,0
517,51,0,0.0,0.0,1.0,1.0,825.0,860.75,160.0,1.7999999999999998,3,0
518,50,1,0.0,0.0,1.0,1.0,770.0,805.75,160.0,1.7999999999999998,3,0
519,50,0,0.0,0.0,1.0,1.0,825.0,789.25,160.0,1.9999999999999998,3,0
520,49,0,0.0,0.0,1.0,1.0,825.0,825.0,160.0,2.1999999999999997,4,0
521,49,0,0.0,0.0,1.0,1.0,880.0,844.25,160.0,2.4,4,0
522,49,1,0.0,1.4055555555555554,1.0,1.0,880.0,880.0,160.0,2.666666666666667,5,0
523,50,1,0.0,22.766666666666666,1.0,1.0,880.0,880.0,160.0,2.4,4,0
524,49,1,0.0,22.766666666666666,1.0,1.0,880.0,880.0,160.0,2.4,4,0
525,51,2,0.0,22.766666666666666,1.0,1.0,880.0,880.0,160.0,2.6,5,0
526,51,0,0.0,0.0,1.0,1.0,825.0,860.75,160.0,2.4,4,0
527,52,1,0.0,22.766666666666666,1.0,1.0,825.0,825.0,160.0,2.4,4,0
528,52,1,0.0,22.766666666666666,1.0,1.0,715.0,786.5,160.0,1.9999999999999998,3,0
529,52,0,0.0,0.0,1.0,1.0,715.0,715.0,160.0,1.9999999999999998,3,0
530,52,0,0.0,0.0,1.0,1.0,715.0,715.0,160.0,1.9999999999999998,3,0
531,52,0,0.0,0.0,1.0,1.0,715.0,715.0,160.0,1.5999999999999999,3,0
532,52,0,0.0,0.0,1.0,1.0,660.0,695.75,145.6,1.5999999999999999,3,0
533,52,0,0.0,0.0,1.0,1.0,660.0,660.0,145.6,1.5999999999999999,3,0
534,52,0,0.0,0.0,1.0,1.0,660.0,660.0,145.6,1.4,2,0
535,52,0,0.0,0.0,1.0,1.0,660.0,660.0,145.6,1.4,2,0
536,51,0,0.0,0.0,1.0,1.0,605.0,640.75,160.0,1.2,2,0
537,52,1,0.0,1.4055555555555554,1.0,1.0,660.0,624.25,160.0,1.2,2,0
538,54,1,0.0,0.0,1.0,1.0,605.0,640.75,145.6,0.8,1,0
539,54,0,0.0,0.0,1.0,1.0,605.0,605.0,145.6,1.0,2,0
540,54,1,0.0,0.0,0.8691749976876999,1.0,605.0,605.0,145.6,1.2,2,0
541,53,1,0.0,0.0,0.8691749976876999,1.0,605.0,605.0,145.6,1.0,2,0
542,52,0,0.0,0.0,0.8691749976876999,1.0,715.0,643.5,145.6,1.0,2,0
543,52,0,0.0,0.0,0.8691749976876999,1.0,770.0,734.25,145.6,1.0,2,0
544,53,1,0.0,0.0,0.8691749976876999,1.0,770.0,770.0,145.6,1.2,2,0
545,53,0,0.0,0.0,0.8653097615775378,1.0,770.0,770.0,145.6,1.2,2,0
546,53,1,0.0,0.0,0.8473097615775378,1.0,770.0,770.0,160.0,1.4,2,0
547,54,1,0.0,0.0,0.8473097615775378,1.0,825.0,789.25,160.0,1.5999999999999999,3,0
548,54,0,0.0,0.0,0.8473097615775378,1.0,770.0,805.75,160.0,1.4,2,0
549,53,0,0.0,0.0,0.8473097615775378,1.0,770.0,770.0,160.0,1.4,2,0
550,54,1,0.0,0.0,0.8447074243944586,1.0,825.0,789.25,160.0,1.5999999999999999,3,0
551,53,1,0.0,0.0,0.8447074243944586,1.0,770.0,805.75,160.0,1.5999999999999999,3,0
552,52,0,0.0,0.0,0.8447074243944586,1.0,880.0,808.5,160.0,1.5999999999999999,3,0
553,54,1,0.0,1.4055555555555554,0.8447074243944586,1.0,935.0,899.25,160.0,1.4,2,0
554,54,2,0.0,1.4055555555555554,0.8447074243944586,1.0,935.0,935.0,160.0,1.7999999999999998,3,0
555,54,0,0.0,0.0,0.8429470198294342,1.0,935.0,935.0,160.0,1.7999999999999998,3,0
556,53,1,0.0,1.4055555555555554,0.8429470198294342,1.0,935.0,935.0,160.0,1.5999999999999999,3,0
557,53,1,10.0,22.766666666666666,0.8429470198294342,1.0,990.0,954.25,160.0,1.5999999999999999,3,0
558,52,0,0.0,0.0,0.8429470198294342,1.0,990.0,990.0,160.0,1.5999999999999999,3,0
559,51,0,0.0,0.0,0.8429470198294342,1.0,990.0,990.0,160.0,1.7999999999999998,3,0
560,50,0,0.0,0.0,0.8391965927126435,1.0,990.0,990.0,160.0,1.5999999999999999,3,0
561,50,1,18.0,46.766666666666666,0.8391965927126435,1.0,990.0,990.0,160.0,1.5999999999999999,3,0
562,51,1,18.0,54.766666666666666,0.8391965927126435,1.0,990.0,990.0,160.0,1.4,2,0
563,52,1,18.0,54.766666666666666,0.8391965927126435,1.0,990.0,990.0,160.0,1.4,2,0
564,53,1,18.0,54.766666666666666,0.8391965927126435,1.0,990.0,990.0,160.0,1.5999999999999999,3,0
565,54,0,0.0,0.0,0.8360010757304799,1.0,990.0,990.0,160.0,1.7999999999999998,3,0
566,55,1,18.0,46.766666666666666,0.8360010757304799,1.0,990.0,990.0,160.0,1.5999999999999999,3,0
567,56,1,10.0,46.766666666666666,0.8540010757304799,1.0,990.0,990.0,145.6,1.4,2,0
568,56,0,0.0,0.0,0.8540010757304799,1.0,990.0,990.0,145.6,1.0,2,0
569,56,0,0.0,0.0,0.8540010757304799,1.0,990.0,990.0,145.6,1.0,2,0
570,56,0,0.0,0.0,0.8505950755938025,1.0,990.0,990.0,145.6,1.2,2,0
571,56,0,0.0,0.0,0.8505950755938025,1.0,990.0,990.0,145.6,1.0,2,0
572,57,1,10.0,30.766666666666666,0.8325950755938025,1.0,990.0,990.0,160.0,1.0,2,0
573,58,0,0.0,0.0,0.8325950755938025,1.0,935.0,970.75,160.0,0.8,1,0
574,58,0,0.0,0.0,0.8325950755938025,1.0,935.0,935.0,160.0,1.0,2,0
575,57,0,0.0,0.0,0.8295717721016955,1.0,935.0,935.0,160.0,0.8,1,0
576,56,0,0.0,0.0,0.8295717721016955,1.0,990.0,954.25,160.0,1.2,2,0
577,56,0,0.0,0.0,0.8295717721016955,1.0,990.0,990.0,160.0,1.9999999999999998,3,0
578,56,2,18.0,30.766666666666666,0.8295717721016955,1.0,990.0,990.0,160.0,1.9999999999999998,3,0
579,56,0,0.0,0.0,0.8295717721016955,1.0,990.0,990.0,160.0,2.1999999999999997,4,0
580,56,0,0.0,0.0,0.8274478057243293,1.0,990.0,990.0,160.0,1.9999999999999998,3,0
581,56,0,0.0,0.0,0.8274478057243293,1.0,990.0,990.0,160.0,1.7999999999999998,3,0
582,58,2,10.0,30.766666666666666,0.8274478057243293,1.0,990.0,990.0,160.0,1.9999999999999998,3,0
583,55,0,0.0,0.0,0.8274478057243293,1.0,990.0,990.0,160.0,2.4,4,0
584,57,1,10.0,38.766666666666666,0.8274478057243293,1.0,990.0,990.0,160.0,2.6,5,0
585,58,1,10.0,38.766666666666666,0.8218987043780572,1.0,990.0,990.0,160.0,2.666666666666667,5,0
586,57,0,0.0,0.0,0.8218987043780572,1.0,990.0,990.0,160.0,2.666666666666667,5,0
587,56,0,0.0,0.0,0.8218987043780572,1.0,990.0,990.0,160.0,2.6,5,0
588,56,0,0.0,0.0,0.8218987043780572,1.0,990.0,990.0,160.0,2.4,4,0
589,56,0,0.0,0.0,0.8218987043780572,1.0,990.0,990.0,160.0,2.4,4,0
590,57,1,0.0,38.766666666666666,0.8204061874642323,1.0,935.0,970.75,160.0,2.1999999999999997,4,0
591,62,4,0.0,38.766666666666666,0.8204061874642323,1.0,935.0,935.0,160.0,2.1999999999999997,4,0
592,62,0,0.0,0.0,0.8204061874642323,1.0,935.0,935.0,160.0,2.4,4,0
593,62,0,0.0,0.0,0.8204061874642323,1.0,935.0,935.0,160.0,2.4,4,0
594,62,0,0.0,0.0,0.8204061874642323,1.0,935.0,935.0,160.0,2.4,4,0
595,62,0,0.0,0.0,0.8182822210868661,1.0,880.0,915.75,160.0,1.7999999999999998,3,0
596,62,0,0.0,0.0,0.8182822210868661,1.0,825.0,860.75,160.0,1.7999999999999998,3,0
597,62,0,0.0,0.0,0.8182822210868661,1.0,825.0,825.0,160.0,1.5999999999999999,3,0
598,62,0,0.0,0.0,0.8182822210868661,1.0,825.0,825.0,160.0,1.5999999999999999,3,0
599,63,1,0.0,22.766666666666666,0.8182822210868661,1.0,825.0,825.0,160.0,1.5999999999999999,3,0
600,63,0,0.0,0.0,0.820965078202905,1.0,825.0,825.0,160.0,1.5999999999999999,3,0
601,63,0,0.0,0.0,0.820965078202905,1.0,825.0,825.0,160.0,1.5999999999999999,3,0
602,64,0,0.0,0.0,0.838965078202905,1.0,770.0,805.75,145.6,1.2,2,0
603,65,1,0.0,0.0,0.838965078202905,1.0,715.0,750.75,145.6,1.2,2,0
604,65,0,0.0,0.0,0.8459650782029049,1.0,605.0,676.5,140.0,0.8,1,0
605,64,0,0.0,0.0,0.838524977061649,1.0,605.0,605.0,145.6,1.0,2,0
606,65,1,0.0,0.0,0.838524977061649,1.0,660.0,624.25,145.6,1.0,2,0
607,66,1,0.0,0.0,0.838524977061649,1.0,660.0,660.0,145.6,1.0,2,0
608,66,2,0.0,0.0,0.838524977061649,1.0,660.0,660.0,145.6,1.0,2,0
609,67,1,0.0,0.0,0.838524977061649,1.0,770.0,698.5,145.6,1.0,2,0
610,67,0,0.0,0.0,0.8362096623619975,1.0,770.0,770.0,145.6,1.2,2,0
611,66,1,0.0,0.0,0.8362096623619975,1.0,770.0,770.0,145.6,1.4,2,0
612,65,0,0.0,0.0,0.8362096623619975,1.0,825.0,789.25,145.6,1.2,2,0
613,63,1,0.0,14.766666666666666,0.8182096623619974,1.0,880.0,844.25,160.0,1.4,2,0
614,62,0,0.0,0.0,0.8182096623619974,1.0,880.0,880.0,160.0,1.4,2,0
615,62,0,0.0,0.0,0.813961729607265,1.0,880.0,880.0,160.0,1.4,2,0
616,62,1,0.0,38.766666666666666,0.813961729607265,1.0,880.0,880.0,160.0,1.4,2,0
617,61,0,0.0,0.0,0.813961729607265,1.0,880.0,880.0,160.0,1.4,2,0
618,60,0,0.0,0.0,0.813961729607265,1.0,880.0,880.0,160.0,1.4,2,0
619,60,0,0.0,0.0,0.813961729607265,1.0,825.0,860.75,160.0,1.2,2,0
620,60,0,0.0,0.0,0.8110149654440721,1.0,770.0,805.75,160.0,1.0,2,0
621,59,0,0.0,0.0,0.8110149654440721,1.0,770.0,770.0,160.0,1.0,2,0
622,60,1,0.0,38.766666666666666,0.8110149654440721,1.0,770.0,770.0,160.0,1.5999999999999999,3,0
623,59,0,0.0,0.0,0.8110149654440721,1.0,770.0,770.0,160.0,1.5999999999999999,3,0
624,60,1,0.0,38.766666666666666,0.8110149654440721,1.0,770.0,770.0,160.0,1.5999999999999999,3,0
625,59,0,0.0,0.0,0.8082021451064791,1.0,715.0,750.75,160.0,1.5999999999999999,3,0
626,60,1,0.0,38.766666666666666,0.8082021451064791,1.0,715.0,715.0,160.0,1.5999999999999999,3,0
627,60,0,0.0,0.0,0.8082021451064791,1.0,715.0,715.0,160.0,1.5999999999999999,3,0
628,61,1,0.0,38.766666666666666,0.8082021451064791,1.0,715.0,715.0,160.0,1.5999999999999999,3,0
629,61,0,0.0,0.0,0.8082021451064791,1.0,715.0,715.0,160.0,1.9999999999999998,3,0
630,61,0,0.0,0.0,0.8050066281243156,1.0,715.0,715.0,160.0,1.9999999999999998,3,0
631,60,0,0.0,0.0,0.8050066281243156,1.0,715.0,715.0,160.0,1.9999999999999998,3,0
632,60,0,0.0,0.0,0.8050066281243156,1.0,770.0,734.25,160.0,1.7999999999999998,3,0
633,60,1,0.0,38.766666666666666,0.8050066281243156,1.0,770.0,770.0,160.0,1.9999999999999998,3,0
634,60,0,0.0,0.0,0.8050066281243156,1.0,825.0,789.25,160.0,2.1999999999999997,4,0
635,61,1,0.0,30.766666666666666,0.8032079538948342,1.0,770.0,805.75,160.0,1.7999999999999998,3,0
636,61,0,0.0,0.0,0.8107079538948342,1.0,715.0,750.75,154.0,1.5999999999999999,3,0
637,63,1,0.0,22.766666666666666,0.8107079538948342,1.0,715.0,715.0,154.0,1.4,2,0
638,63,0,0.0,0.0,0.8107079538948342,1.0,715.0,715.0,154.0,1.4,2,0
639,63,0,0.0,0.0,0.8107079538948342,1.0,715.0,715.0,154.0,1.4,2,0
640,64,1,0.0,22.766666666666666,0.8081630212084404,1.0,715.0,715.0,154.0,1.4,2,0
641,64,0,0.0,0.0,0.8186630212084405,1.0,715.0,715.0,145.6,1.0,2,0
642,61,0,0.0,0.0,0.8186630212084405,1.0,715.0,715.0,145.6,1.0,2,0
643,60,0,0.0,0.0,0.8186630212084405,1.0,880.0,772.75,145.6,1.4,2,0
644,62,1,0.0,14.766666666666666,0.8186630212084405,1.0,935.0,899.25,145.6,1.4,2,0
645,62,0,0.0,0.0,0.8172941446964468,0.9979841446964468,935.0,935.0,144.552,1.4,2,0
646,65,3,0.0,14.766666666666666,0.7979841446964469,0.9979841446964468,935.0,935.0,160.0,1.4,2,0
647,67,1,0.0,1.4055555555555554,0.8172941446964468,0.9979841446964468,880.0,915.75,144.552,1.4,2,0
648,66,0,0.0,0.0,0.8172941446964468,0.9979841446964468,825.0,860.75,144.552,1.2,2,0
649,65,0,0.0,0.0,0.8172941446964468,0.9979841446964468,880.0,844.25,144.552,1.2,2,0
650,65,0,0.0,0.0,0.8164639255001098,0.9956114255001098,880.0,880.0,143.318,1.0,2,0
651,65,0,0.0,0.0,0.8164639255001098,0.9956114255001098,880.0,880.0,143.318,1.2,2,0
652,63,0,0.0,0.0,0.8164639255001098,0.9956114255001098,880.0,880.0,143.318,1.2,2,0
653,65,1,0.0,1.4055555555555554,0.8156114255001099,0.9956114255001098,935.0,899.25,144.0,1.2,2,0
654,66,1,0.0,1.4055555555555554,0.8156114255001099,0.9956114255001098,935.0,935.0,144.0,1.4,2,0
655,67,1,0.0,1.4055555555555554,0.8131813018070873,0.9931813018070872,935.0,935.0,144.0,1.4,2,0
656,68,1,0.0,0.0,0.8156138018070872,0.9931813018070872,880.0,915.75,142.054,1.0,2,0
657,68,0,0.0,0.0,0.8156138018070872,0.9931813018070872,825.0,860.75,142.054,1.0,2,0
658,65,0,0.0,0.0,0.7931813018070872,0.9931813018070872,770.0,805.75,160.0,0.8,1,0
659,63,0,0.0,0.0,0.7931813018070872,0.9931813018070872,825.0,789.25,160.0,0.8,1,0
660,62,0,0.0,0.0,0.7941922848796228,0.9941922848796227,935.0,863.5,160.0,0.8,1,0
661,61,0,0.0,0.0,0.7941922848796228,0.9941922848796227,990.0,954.25,160.0,1.2,2,0
662,61,1,10.0,14.766666666666666,0.7941922848796228,0.9941922848796227,990.0,990.0,160.0,1.4,2,0
663,61,0,0.0,0.0,0.7941922848796228,0.9941922848796227,990.0,990.0,160.0,1.5999999999999999,3,0
664,60,0,0.0,0.0,0.7941922848796228,0.9941922848796227,990.0,990.0,160.0,1.7999999999999998,3,0
665,60,0,0.0,0.0,0.7962971164247603,0.9962971164247603,990.0,990.0,160.0,1.9999999999999998,3,0
666,61,1,10.0,14.766666666666666,0.7962971164247603,0.9962971164247603,990.0,990.0,160.0,2.1999999999999997,4,0
667,61,0,0.0,0.0,0.7962971164247603,0.9962971164247603,990.0,990.0,160.0,2.6,5,0
668,60,0,0.0,0.0,0.7962971164247603,0.9962971164247603,990.0,990.0,160.0,2.6,5,0
669,61,0,0.0,0.0,0.7962971164247603,0.9962971164247603,990.0,990.0,160.0,2.4,4,0
670,61,1,0.0,22.766666666666666,0.7931781387715109,0.9931781387715108,935.0,970.75,160.0,2.1999999999999997,4,0
671,62,0,0.0,0.0,0.7931781387715109,0.9931781387715108,880.0,915.75,160.0,1.7999999999999998,3,0
672,62,0,0.0,0.0,0.7931781387715109,0.9931781387715108,880.0,880.0,160.0,1.7999999999999998,3,0
673,63,1,0.0,14.766666666666666,0.7931781387715109,0.9931781387715108,880.0,880.0,160.0,1.5999999999999999,3,0
674,63,0,0.0,0.0,0.7931781387715109,0.9931781387715108,880.0,880.0,160.0,1.9999999999999998,3,0
675,63,0,0.0,0.0,0.7915325431998579,0.9915325431998578,880.0,880.0,160.0,1.9999999999999998,3,0
676,64,1,0.0,14.766666666666666,0.7915325431998579,0.9915325431998578,880.0,880.0,160.0,1.9999999999999998,3,0
677,64,0,0.0,0.0,0.7915325431998579,0.9915325431998578,825.0,860.75,160.0,1.9999999999999998,3,0
678,64,0,0.0,0.0,0.7915325431998579,0.9915325431998578,825.0,825.0,160.0,1.9999999999999998,3,0
679,64,0,0.0,0.0,0.7915325431998579,0.9915325431998578,770.0,805.75,160.0,1.7999999999999998,3,0
680,64,0,0.0,0.0,0.7898104082992905,0.9898104082992905,770.0,770.0,160.0,1.7999999999999998,3,0
681,65,1,0.0,0.0,0.7898104082992905,0.9898104082992905,770.0,770.0,160.0,1.5999999999999999,3,0
682,65,0,0.0,0.0,0.7898104082992905,0.9898104082992905,770.0,770.0,160.0,1.9999999999999998,3,0
683,65,0,0.0,0.0,0.7898104082992905,0.9898104082992905,770.0,770.0,160.0,1.9999999999999998,3,0
684,65,0,0.0,0.0,0.7898104082992905,0.9898104082992905,770.0,770.0,160.0,1.9999999999999998,3,0
685,65,1,0.0,0.0,0.78774384641861,0.9877438464186099,770.0,770.0,160.0,2.4,4,0
686,66,0,0.0,0.0,0.78774384641861,0.9877438464186099,770.0,770.0,160.0,1.9999999999999998,3,0
687,67,1,0.0,1.4055555555555554,0.78774384641861,0.9877438464186099,770.0,770.0,160.0,1.9999999999999998,3,0
688,68,1,0.0,1.4055555555555554,0.78774384641861,0.9877438464186099,770.0,770.0,160.0,1.9999999999999998,3,0
689,68,1,0.0,1.4055555555555554,0.78774384641861,0.9877438464186099,715.0,750.75,160.0,1.7999999999999998,3,0
690,70,2,0.0,14.766666666666666,0.7856198800412437,0.9856198800412437,770.0,734.25,160.0,1.7999999999999998,3,0
691,71,1,0.0,1.4055555555555554,0.7856198800412437,0.9856198800412437,715.0,750.75,160.0,1.5999999999999999,3,0
692,71,0,0.0,0.0,0.7856198800412437,0.9856198800412437,770.0,734.25,160.0,1.7999999999999998,3,0
693,70,0,0.0,0.0,0.7856198800412437,0.9856198800412437,770.0,770.0,160.0,1.7999999999999998,3,0
694,70,0,0.0,0.0,0.7856198800412437,0.9856198800412437,715.0,750.75,160.0,1.7999999999999998,3,0
695,69,0,0.0,0.0,0.7836107226572486,0.9836107226572486,715.0,715.0,160.0,1.7999999999999998,3,0
696,72,2,0.0,22.766666666666666,0.8036107226572486,0.9836107226572486,660.0,695.75,144.0,1.5999999999999999,3,0
697,73,1,0.0,22.766666666666666,0.8036107226572486,0.9836107226572486,660.0,660.0,144.0,1.5999999999999999,3,0
698,74,1,0.0,22.766666666666666,0.8036107226572486,0.9836107226572486,660.0,660.0,144.0,1.5999999999999999,3,0
699,74,0,0.0,0.0,0.8036107226572486,0.9836107226572486,660.0,660.0,144.0,1.5999999999999999,3,0
700,75,1,0.0,14.766666666666666,0.8120828321870783,0.9830940821870784,660.0,660.0,136.809,1.4,2,0
701,75,0,0.0,0.0,0.8120828321870783,0.9830940821870784,660.0,660.0,136.809,1.4,2,0
702,75,0,0.0,0.0,0.8120828321870783,0.9830940821870784,550.0,621.5,136.809,1.0,2,0
703,74,0,0.0,0.0,0.8120828321870783,0.9830940821870784,550.0,550.0,136.809,1.0,2,0
704,72,0,0.0,0.0,0.8083640821870786,0.9830940821870784,495.0,530.75,131.284,0.6000000000000001,1,0
705,75,3,0.0,0.0,0.8178601270855954,0.9819651270855954,550.0,514.25,131.284,0.4,0,0
706,75,0,0.0,0.0,0.8116876270855954,0.9819651270855954,550.0,550.0,136.222,0.4,0,0
707,76,1,0.0,0.0,0.8116876270855954,0.9819651270855954,550.0,550.0,136.222,0.4,0,0
708,76,0,0.0,0.0,0.8116876270855954,0.9819651270855954,550.0,550.0,136.222,0.6000000000000001,1,0
709,76,1,0.0,0.0,0.8116876270855954,0.9819651270855954,550.0,550.0,136.222,0.6000000000000001,1,0
710,77,1,0.0,0.0,0.811004624198286,0.9800133741982859,605.0,569.25,135.207,0.6000000000000001,1,0
711,78,1,0.0,0.0,0.811004624198286,0.9800133741982859,605.0,605.0,135.207,1.0,2,0
712,78,1,0.0,0.0,0.811004624198286,0.9800133741982859,550.0,585.75,135.207,0.8,1,0
713,77,0,0.0,0.0,0.811004624198286,0.9800133741982859,605.0,569.25,135.207,0.8,1,0
714,77,0,0.0,0.0,0.811004624198286,0.9800133741982859,660.0,624.25,135.207,0.8,1,0
715,76,0,0.0,0.0,0.8104688376200041,0.9784825876200041,660.0,660.0,134.411,0.8,1,0
716,75,1,0.0,0.0,0.8104688376200041,0.9784825876200041,715.0,679.25,134.411,0.8,1,0
717,75,0,0.0,0.0,0.7984825876200041,0.9784825876200041,825.0,753.5,144.0,0.8,1,0
718,75,0,0.0,0.0,0.8104688376200041,0.9784825876200041,770.0,805.75,134.411,0.8,1,0
719,72,0,0.0,0.0,0.8104688376200041,0.9784825876200041,715.0,750.75,134.411,0.8,1,0
720,72,0,0.0,0.0,0.7799220938973555,0.9799220938973554,825.0,753.5,160.0,0.8,1,0
721,70,0,0.0,0.0,0.7799220938973555,0.9799220938973554,825.0,825.0,160.0,1.0,2,0
722,70,1,0.0,1.4055555555555554,0.7799220938973555,0.9799220938973554,935.0,863.5,160.0,1.2,2,0
723,68,0,0.0,0.0,0.7799220938973555,0.9799220938973554,880.0,915.75,160.0,1.2,2,0
724,70,1,0.0,0.0,0.7799220938973555,0.9799220938973554,825.0,860.75,160.0,1.2,2,0
725,71,1,0.0,0.0,0.7790992961115288,0.9790992961115288,825.0,825.0,160.0,1.5999999999999999,3,0
726,70,0,0.0,0.0,0.7790992961115288,0.9790992961115288,825.0,825.0,160.0,1.5999999999999999,3,0
727,68,0,0.0,0.0,0.7790992961115288,0.9790992961115288,825.0,825.0,160.0,1.5999999999999999,3,0
728,69,0,0.0,0.0,0.7790992961115288,0.9790992961115288,880.0,844.25,160.0,1.7999999999999998,3,0
729,67,0,0.0,0.0,0.7790992961115288,0.9790992961115288,880.0,880.0,160.0,1.9999999999999998,3,0
730,66,0,0.0,0.0,0.7795776669172421,0.979577666917242,990.0,918.5,160.0,2.1999999999999997,4,0
731,66,0,0.0,0.0,0.7795776669172421,0.979577666917242,990.0,990.0,160.0,2.1999999999999997,4,0
732,66,0,0.0,0.0,0.7795776669172421,0.979577666917242,990.0,990.0,160.0,1.9999999999999998,3,0
733,66,0,0.0,0.0,0.7795776669172421,0.979577666917242,935.0,970.75,160.0,1.7999999999999998,3,0
734,66,0,0.0,0.0,0.7795776669172421,0.979577666917242,935.0,935.0,160.0,1.7999999999999998,3,0
735,68,2,0.0,1.4055555555555554,0.777759857855532,0.977759857855532,935.0,935.0,160.0,1.7999999999999998,3,0
736,68,0,0.0,0.0,0.797759857855532,0.977759857855532,825.0,896.5,144.0,1.5999999999999999,3,0
737,68,0,0.0,0.0,0.810216107855532,0.977759857855532,770.0,805.75,134.035,1.2,2,0
738,68,0,0.0,0.0,0.810216107855532,0.977759857855532,715.0,750.75,134.035,1.0,2,0
739,68,0,0.0,0.0,0.810216107855532,0.977759857855532,715.0,715.0,134.035,1.0,2,0
740,67,0,0.0,0.0,0.8101087005398758,0.9774537005398758,715.0,715.0,133.876,1.0,2,0
741,66,0,0.0,0.0,0.7974537005398759,0.9774537005398758,770.0,734.25,144.0,1.0,2,0
742,67,1,0.0,1.4055555555555554,0.7974537005398759,0.9774537005398758,825.0,789.25,144.0,1.2,2,0
743,68,1,0.0,1.4055555555555554,0.7774537005398758,0.9774537005398758,825.0,825.0,160.0,1.2,2,0
744,69,1,0.0,1.4055555555555554,0.7774537005398758,0.9774537005398758,825.0,825.0,160.0,1.4,2,0
745,69,0,0.0,0.0,0.7971858128886764,0.9771858128886763,770.0,805.75,144.0,1.0,2,0
746,70,1,0.0,1.4055555555555554,0.7771858128886764,0.9771858128886763,770.0,770.0,160.0,1.2,2,0
747,70,0,0.0,0.0,0.8100145628886763,0.9771858128886763,770.0,770.0,133.737,1.0,2,0
748,70,0,0.0,0.0,0.8100145628886763,0.9771858128886763,770.0,770.0,133.737,1.2,2,0
749,70,1,0.0,22.766666666666666,0.7771858128886764,0.9771858128886763,825.0,789.25,160.0,1.2,2,0
750,70,0,0.0,0.0,0.7767457117474204,0.9767457117474203,825.0,825.0,160.0,1.2,2,0
751,71,0,0.0,0.0,0.7767457117474204,0.9767457117474203,825.0,825.0,160.0,1.4,2,0
752,70,0,0.0,0.0,0.7767457117474204,0.9767457117474203,825.0,825.0,160.0,1.4,2,0
753,70,0,0.0,0.0,0.7767457117474204,0.9767457117474203,825.0,825.0,160.0,1.4,2,0
754,72,1,0.0,38.766666666666666,0.7767457117474204,0.9767457117474203,825.0,825.0,160.0,1.7999999999999998,3,0
755,74,1,0.0,38.766666666666666,0.7760377229549649,0.9760377229549648,825.0,825.0,160.0,2.4,4,0
756,74,0,0.0,0.0,0.7760377229549649,0.9760377229549648,825.0,825.0,160.0,2.4,4,0
757,74,0,0.0,0.0,0.7760377229549649,0.9760377229549648,825.0,825.0,160.0,2.4,4,0
758,74,0,0.0,0.0,0.7760377229549649,0.9760377229549648,825.0,825.0,160.0,2.4,4,0
759,75,1,0.0,38.766666666666666,0.7760377229549649,0.9760377229549648,825.0,825.0,160.0,2.4,4,0
760,75,0,0.0,0.0,0.7764778240962209,0.9764778240962209,825.0,825.0,160.0,2.1999999999999997,4,0
761,76,1,0.0,38.766666666666666,0.7764778240962209,0.9764778240962209,825.0,825.0,160.0,2.1999999999999997,4,0
762,77,1,0.0,30.766666666666666,0.7764778240962209,0.9764778240962209,825.0,825.0,160.0,1.9999999999999998,3,0
763,80,3,0.0,30.766666666666666,0.7764778240962209,0.9764778240962209,825.0,825.0,160.0,2.1999999999999997,4,0
764,82,2,0.0,22.766666666666666,0.7764778240962209,0.9764778240962209,770.0,805.75,160.0,1.7999999999999998,3,0
765,82,0,0.0,0.0,0.7755784869814804,0.9755784869814803,770.0,770.0,160.0,1.7999999999999998,3,0
766,83,1,0.0,14.766666666666666,0.7755784869814804,0.9755784869814803,770.0,770.0,160.0,1.9999999999999998,3,0
767,83,0,0.0,0.0,0.7755784869814804,0.9755784869814803,715.0,750.75,160.0,1.7999999999999998,3,0
768,83,0,0.0,0.0,0.7955784869814804,0.9755784869814803,605.0,676.5,144.0,1.4,2,0
769,83,0,0.0,0.0,0.7955784869814804,0.9755784869814803,605.0,605.0,144.0,1.4,2,0
770,84,1,0.0,1.4055555555555554,0.8010185881227363,0.9760185881227363,550.0,585.75,140.0,1.2,2,0
771,84,0,0.0,0.0,0.8010185881227363,0.9760185881227363,550.0,550.0,140.0,1.2,2,0
772,85,1,0.0,1.4055555555555554,0.7910185881227363,0.9760185881227363,440.0,511.5,112.0,0.8,1,0
773,84,0,0.0,0.0,0.7741435881227363,0.9399560881227362,385.0,420.75,98.0,0.8,1,0
774,85,1,0.0,0.0,0.7938560881227363,0.9760185881227363,440.0,404.25,109.73,0.8,1,0
775,86,1,0.0,0.0,0.7936159841625096,0.9753297341625096,440.0,440.0,109.371,1.0,2,0
776,87,1,0.0,0.0,0.7815847341625095,0.9392672341625095,385.0,420.75,91.496,1.0,2,0
777,87,1,0.0,0.0,0.7397047341625095,0.8581422341625096,275.0,346.5,70.0,0.6000000000000001,1,0
778,88,1,0.0,0.0,0.7575222341625095,0.8581422341625096,275.0,275.0,55.746,0.4,0,0
779,88,0,0.0,0.0,0.7575222341625095,0.8581422341625096,275.0,275.0,55.746,0.6000000000000001,1,0
780,88,0,0.0,0.0,0.7569235902339587,0.8564348402339588,275.0,275.0,54.859,0.6000000000000001,1,0
781,89,1,0.0,0.0,0.7569235902339587,0.8564348402339588,275.0,275.0,54.859,0.6000000000000001,1,0
782,89,0,0.0,0.0,0.7569235902339587,0.8564348402339588,275.0,275.0,54.859,0.6000000000000001,1,0
783,90,2,0.0,0.0,0.7569235902339587,0.8564348402339588,275.0,275.0,54.859,0.6000000000000001,1,0
784,90,1,0.0,0.0,0.7723723402339587,0.8969973402339587,330.0,294.25,70.0,0.6000000000000001,1,0
785,90,0,0.0,0.0,0.8073787896975,0.9381912896975,385.0,349.25,70.0,0.6000000000000001,1,0
786,89,0,0.0,0.0,0.8073787896975,0.9381912896975,385.0,385.0,70.0,0.6000000000000001,1,0
787,89,1,0.0,0.0,0.8067537896975001,0.9742537896975001,440.0,404.25,98.0,0.6000000000000001,1,0
788,89,1,0.0,0.0,0.8067537896975001,0.9742537896975001,440.0,440.0,98.0,0.6000000000000001,1,0
789,88,0,0.0,0.0,0.7723787896975001,0.9381912896975,385.0,420.75,98.0,0.4,0,0
790,85,0,0.0,0.0,0.7805378064746475,0.9362778064746475,385.0,385.0,89.942,0.4,0,0
791,84,0,0.0,0.0,0.8492878064746475,0.9723403064746476,495.0,423.5,89.942,0.4,0,0
792,84,0,0.0,0.0,0.8492878064746475,0.9723403064746476,495.0,495.0,89.942,0.4,0,0
793,82,0,0.0,0.0,0.8492878064746475,0.9723403064746476,495.0,495.0,89.942,0.4,0,0
794,80,0,0.0,0.0,0.8599128064746476,0.9723403064746476,605.0,533.5,89.942,0.4,0,0
795,79,0,0.0,0.0,0.8603337727836752,0.9727612727836752,605.0,605.0,89.942,0.2,0,0
796,77,0,0.0,0.0,0.8603337727836752,0.9727612727836752,660.0,624.25,89.942,0.4,0,0
797,77,0,0.0,0.0,0.8603337727836752,0.9727612727836752,715.0,679.25,89.942,0.4,0,0
798,78,2,0.0,0.0,0.8084662727836752,0.9727612727836752,715.0,715.0,131.436,0.4,0,0
799,78,0,0.0,0.0,0.8084662727836752,0.9727612727836752,715.0,715.0,131.436,0.4,0,0
800,78,0,0.0,0.0,0.8085060817770463,0.9728760817770463,715.0,715.0,131.496,0.6000000000000001,1,0
801,78,0,0.0,0.0,0.8085060817770463,0.9728760817770463,715.0,715.0,131.496,0.6000000000000001,1,0
802,76,0,0.0,0.0,0.8085060817770463,0.9728760817770463,715.0,715.0,131.496,0.6000000000000001,1,0
803,73,0,0.0,0.0,0.7728760817770464,0.9728760817770463,715.0,715.0,160.0,0.8,1,0
804,74,1,0.0,0.0,0.7728760817770464,0.9728760817770463,825.0,753.5,160.0,0.8,1,0
805,75,1,0.0,0.0,0.77490437399327,0.9749043739932699,825.0,825.0,160.0,1.0,2,0
806,76,1,0.0,0.0,0.77490437399327,0.9749043739932699,825.0,825.0,160.0,1.2,2,0
807,77,1,0.0,0.0,0.77490437399327,0.9749043739932699,825.0,825.0,160.0,1.2,2,0
808,76,0,0.0,0.0,0.77490437399327,0.9749043739932699,825.0,825.0,160.0,1.5999999999999999,3,0
809,76,0,0.0,0.0,0.77490437399327,0.9749043739932699,880.0,844.25,160.0,1.7999999999999998,3,0
810,76,1,0.0,0.0,0.7754975537923543,0.9754975537923543,880.0,880.0,160.0,1.7999999999999998,3,0
811,76,2,0.0,1.4055555555555554,0.7754975537923543,0.9754975537923543,935.0,899.25,160.0,1.7999999999999998,3,0
812,76,0,0.0,0.0,0.7754975537923543,0.9754975537923543,990.0,954.25,160.0,1.7999999999999998,3,0
813,78,2,10.0,14.766666666666666,0.7754975537923543,0.9754975537923543,990.0,990.0,160.0,1.5999999999999999,3,0
814,79,1,10.0,14.766666666666666,0.7754975537923543,0.9754975537923543,990.0,990.0,160.0,1.5999999999999999,3,0
815,79,0,0.0,0.0,0.7781955651365762,0.9781955651365761,990.0,990.0,160.0,1.7999999999999998,3,0
816,77,0,0.0,0.0,0.7781955651365762,0.9781955651365761,990.0,990.0,160.0,1.7999999999999998,3,0
817,76,0,0.0,0.0,0.7781955651365762,0.9781955651365761,990.0,990.0,160.0,1.9999999999999998,3,0
818,75,1,26.0,38.766666666666666,0.7781955651365762,0.9781955651365761,990.0,990.0,160.0,1.9999999999999998,3,0
819,75,1,26.0,54.766666666666666,0.7781955651365762,0.9781955651365761,990.0,990.0,160.0,2.1999999999999997,4,0
820,75,0,0.0,0.0,0.7782338348010331,0.9782338348010331,990.0,990.0,160.0,1.9999999999999998,3,0
821,75,0,0.0,0.0,0.7782338348010331,0.9782338348010331,990.0,990.0,160.0,2.1999999999999997,4,0
822,75,0,0.0,0.0,0.7782338348010331,0.9782338348010331,990.0,990.0,160.0,1.7999999999999998,3,0
823,75,0,0.0,0.0,0.7782338348010331,0.9782338348010331,990.0,990.0,160.0,1.9999999999999998,3,0
824,75,0,0.0,0.0,0.7782338348010331,0.9782338348010331,990.0,990.0,160.0,2.1999999999999997,4,0
825,76,1,18.0,62.766666666666666,0.7796880820504011,0.979688082050401,990.0,990.0,160.0,2.1999999999999997,4,0
826,76,0,0.0,0.0,0.7796880820504011,0.979688082050401,990.0,990.0,160.0,1.9999999999999998,3,0
827,76,0,0.0,0.0,0.7796880820504011,0.979688082050401,990.0,990.0,160.0,1.9999999999999998,3,0
828,76,0,0.0,0.0,0.7796880820504011,0.979688082050401,990.0,990.0,160.0,1.7999999999999998,3,0
829,76,0,0.0,0.0,0.7796880820504011,0.979688082050401,935.0,970.75,160.0,1.5999999999999999,3,0
830,76,0,0.0,0.0,0.7809318461452552,0.9809318461452552,935.0,935.0,160.0,1.5999999999999999,3,0
831,77,1,0.0,54.766666666666666,0.7809318461452552,0.9809318461452552,880.0,915.75,160.0,1.4,2,0
832,77,0,0.0,0.0,0.7809318461452552,0.9809318461452552,880.0,880.0,160.0,1.2,2,0
833,79,2,0.0,54.766666666666666,0.7809318461452552,0.9809318461452552,880.0,880.0,160.0,1.2,2,0
834,78,1,0.0,54.766666666666666,0.7809318461452552,0.9809318461452552,880.0,880.0,160.0,1.4,2,0
835,80,2,10.0,54.766666666666666,0.7812380034609117,0.9812380034609116,990.0,918.5,160.0,1.5999999999999999,3,0
836,80,0,0.0,0.0,0.7812380034609117,0.9812380034609116,990.0,990.0,160.0,1.5999999999999999,3,0
837,80,0,0.0,0.0,0.7812380034609117,0.9812380034609116,935.0,970.75,160.0,1.4,2,0
838,80,1,0.0,38.766666666666666,0.7812380034609117,0.9812380034609116,935.0,935.0,160.0,1.4,2,0
839,81,1,10.0,30.766666666666666,0.7812380034609117,0.9812380034609116,990.0,954.25,160.0,1.7999999999999998,3,0
840,83,2,10.0,30.766666666666666,0.7771463123995836,0.9771463123995836,990.0,990.0,160.0,1.7999999999999998,3,0
841,83,0,0.0,0.0,0.7771463123995836,0.9771463123995836,935.0,970.75,160.0,1.5999999999999999,3,0
842,84,1,0.0,30.766666666666666,0.7771463123995836,0.9771463123995836,935.0,935.0,160.0,1.5999999999999999,3,0
843,84,0,0.0,0.0,0.7771463123995836,0.9771463123995836,935.0,935.0,160.0,1.5999999999999999,3,0
844,85,1,0.0,22.766666666666666,0.7771463123995836,0.9771463123995836,935.0,935.0,160.0,1.5999999999999999,3,0
845,85,0,0.0,0.0,0.7769932337417556,0.9769932337417555,935.0,935.0,160.0,1.7999999999999998,3,0
846,87,1,0.0,14.766666666666666,0.7769932337417556,0.9769932337417555,935.0,935.0,160.0,1.9999999999999998,3,0
847,89,2,0.0,14.766666666666666,0.7769932337417556,0.9769932337417555,935.0,935.0,160.0,1.9999999999999998,3,0
848,91,2,0.0,14.766666666666666,0.7769932337417556,0.9769932337417555,935.0,935.0,160.0,1.9999999999999998,3,0
849,91,1,0.0,14.766666666666666,0.7769932337417556,0.9769932337417555,935.0,935.0,160.0,1.9999999999999998,3,0
850,91,0,0.0,0.0,0.7787919079712369,0.9787919079712368,990.0,954.25,160.0,1.7999999999999998,3,0
851,89,0,0.0,0.0,0.7787919079712369,0.9787919079712368,990.0,990.0,160.0,1.7999999999999998,3,0
852,88,0,0.0,0.0,0.7787919079712369,0.9787919079712368,990.0,990.0,160.0,1.5999999999999999,3,0
853,87,0,0.0,0.0,0.7787919079712369,0.9787919079712368,990.0,990.0,160.0,1.5999999999999999,3,0
854,86,0,0.0,0.0,0.7787919079712369,0.9787919079712368,935.0,970.75,160.0,1.4,2,0
855,84,0,0.0,0.0,0.7803226945495187,0.9803226945495187,935.0,935.0,160.0,1.7999999999999998,3,0
856,84,0,0.0,0.0,0.7803226945495187,0.9803226945495187,935.0,935.0,160.0,1.7999999999999998,3,0
857,83,1,0.0,1.4055555555555554,0.7803226945495187,0.9803226945495187,935.0,935.0,160.0,1.7999999999999998,3,0
858,83,0,0.0,0.0,0.7803226945495187,0.9803226945495187,935.0,935.0,160.0,1.7999999999999998,3,0
859,84,2,0.0,1.4055555555555554,0.7803226945495187,0.9803226945495187,880.0,915.75,160.0,1.7999999999999998,3,0
860,84,0,0.0,0.0,0.7811454923353454,0.9811454923353453,880.0,880.0,160.0,1.7999999999999998,3,0
861,82,0,0.0,0.0,0.7811454923353454,0.9811454923353453,880.0,880.0,160.0,1.9999999999999998,3,0
862,81,0,0.0,0.0,0.7811454923353454,0.9811454923353453,880.0,880.0,160.0,1.7999999999999998,3,0
863,80,0,0.0,0.0,0.7811454923353454,0.9811454923353453,935.0,899.25,160.0,1.5999999999999999,3,0
864,76,0,0.0,0.0,0.7811454923353454,0.9811454923353453,935.0,935.0,160.0,1.5999999999999999,3,0
865,75,0,0.0,0.0,0.7821022339467716,0.9821022339467715,935.0,935.0,160.0,1.7999999999999998,3,0
866,75,0,0.0,0.0,0.7821022339467716,0.9821022339467715,935.0,935.0,160.0,1.7999999999999998,3,0
867,76,0,0.0,0.0,0.7821022339467716,0.9821022339467715,935.0,935.0,160.0,1.7999999999999998,3,0
868,77,1,0.0,22.766666666666666,0.7821022339467716,0.9821022339467715,935.0,935.0,160.0,1.5999999999999999,3,0
869,78,1,0.0,22.766666666666666,0.7821022339467716,0.9821022339467715,935.0,935.0,160.0,1.5999999999999999,3,0
870,79,0,0.0,0.0,0.8122319615316823,0.9835182115316823,825.0,896.5,137.029,1.0,2,0
871,80,1,0.0,1.4055555555555554,0.8122319615316823,0.9835182115316823,825.0,825.0,137.029,1.0,2,0
872,80,0,0.0,0.0,0.8122319615316823,0.9835182115316823,770.0,805.75,137.029,1.0,2,0
873,80,0,0.0,0.0,0.8122319615316823,0.9835182115316823,770.0,770.0,137.029,1.0,2,0
874,80,0,0.0,0.0,0.8122319615316823,0.9835182115316823,715.0,750.75,137.029,0.8,1,0
875,81,2,0.0,1.4055555555555554,0.8130277565668769,0.9857952565668768,715.0,715.0,138.214,1.0,2,0
876,82,1,0.0,14.766666666666666,0.8130277565668769,0.9857952565668768,770.0,734.25,138.214,1.0,2,0
877,83,1,0.0,14.766666666666666,0.8130277565668769,0.9857952565668768,770.0,770.0,138.214,1.0,2,0
878,83,0,0.0,0.0,0.7857952565668769,0.9857952565668768,770.0,770.0,160.0,1.2,2,0
879,84,1,0.0,14.766666666666666,0.7857952565668769,0.9857952565668768,770.0,770.0,160.0,1.2,2,0
880,84,0,0.0,0.0,0.8076322004608152,0.9876322004608151,770.0,770.0,144.0,1.0,2,0
881,85,1,0.0,14.766666666666666,0.7876322004608152,0.9876322004608151,770.0,770.0,160.0,1.0,2,0
882,86,1,0.0,14.766666666666666,0.7876322004608152,0.9876322004608151,770.0,770.0,160.0,1.2,2,0
883,87,1,0.0,14.766666666666666,0.8076322004608152,0.9876322004608151,770.0,770.0,144.0,1.4,2,0
884,88,1,0.0,14.766666666666666,0.8076322004608152,0.9876322004608151,770.0,770.0,144.0,1.4,2,0
885,88,0,0.0,0.0,0.8079957622731571,0.987995762273157,770.0,770.0,144.0,1.4,2,0
886,88,0,0.0,0.0,0.8079957622731571,0.987995762273157,770.0,770.0,144.0,1.4,2,0
887,88,0,0.0,0.0,0.813798262273157,0.987995762273157,715.0,750.75,139.358,1.4,2,0
888,89,1,0.0,1.4055555555555554,0.813798262273157,0.987995762273157,715.0,715.0,139.358,1.4,2,0
889,90,1,0.0,1.4055555555555554,0.813798262273157,0.987995762273157,715.0,715.0,139.358,1.4,2,0
890,90,0,0.0,0.0,0.7891055825424116,0.9891055825424115,715.0,715.0,160.0,1.4,2,0
891,90,0,0.0,0.0,0.7891055825424116,0.9891055825424115,715.0,715.0,160.0,1.4,2,0
892,89,0,0.0,0.0,0.7891055825424116,0.9891055825424115,660.0,695.75,160.0,1.2,2,0
893,90,1,0.0,0.0,0.7891055825424116,0.9891055825424115,715.0,679.25,160.0,1.2,2,0
894,90,0,0.0,0.0,0.7891055825424116,0.9891055825424115,715.0,715.0,160.0,1.2,2,0
895,91,1,0.0,0.0,0.7906746387851507,0.9906746387851506,715.0,715.0,160.0,1.5999999999999999,3,0
896,91,0,0.0,0.0,0.7906746387851507,0.9906746387851506,715.0,715.0,160.0,1.5999999999999999,3,0
897,92,1,0.0,0.0,0.7906746387851507,0.9906746387851506,715.0,715.0,160.0,1.7999999999999998,3,0
898,90,0,0.0,0.0,0.8106746387851507,0.9906746387851506,715.0,715.0,144.0,1.4,2,0
899,90,0,0.0,0.0,0.8106746387851507,0.9906746387851506,825.0,753.5,144.0,1.5999999999999999,3,0
900,90,0,0.0,0.0,0.8068628265676288,0.9868628265676287,825.0,825.0,144.0,1.5999999999999999,3,0
901,89,0,0.0,0.0,0.8068628265676288,0.9868628265676287,825.0,825.0,144.0,1.5999999999999999,3,0
902,88,1,0.0,14.766666666666666,0.8068628265676288,0.9868628265676287,880.0,844.25,144.0,1.5999999999999999,3,0
903,86,0,0.0,0.0,0.8068628265676288,0.9868628265676287,935.0,899.25,144.0,1.5999999999999999,3,0
904,86,0,0.0,0.0,0.8134015765676287,0.9868628265676287,990.0,954.25,138.769,1.4,2,0
905,86,0,0.0,0.0,0.813723798514598,0.987781298514598,990.0,990.0,139.246,1.4,2,0
906,86,0,0.0,0.0,0.813723798514598,0.987781298514598,935.0,970.75,139.246,1.2,2,0
907,85,0,0.0,0.0,0.813723798514598,0.987781298514598,935.0,935.0,139.246,1.2,2,0
908,85,1,0.0,0.0,0.813723798514598,0.987781298514598,880.0,915.75,139.246,1.0,2,0
909,85,0,0.0,0.0,0.813723798514598,0.987781298514598,825.0,860.75,139.246,0.8,1,0
910,83,1,0.0,0.0,0.8124506803911782,0.9841456803911781,825.0,825.0,137.356,0.8,1,0
911,81,0,0.0,0.0,0.8124506803911782,0.9841456803911781,825.0,825.0,137.356,1.0,2,0
912,80,0,0.0,0.0,0.8124506803911782,0.9841456803911781,825.0,825.0,137.356,1.0,2,0
913,80,0,0.0,0.0,0.8124506803911782,0.9841456803911781,880.0,844.25,137.356,1.2,2,0
914,80,1,0.0,0.0,0.8124506803911782,0.9841456803911781,880.0,880.0,137.356,1.2,2,0
915,79,0,0.0,0.0,0.8064801299230582,0.9864801299230581,880.0,880.0,144.0,1.0,2,0
916,82,3,0.0,1.4055555555555557,0.8064801299230582,0.9864801299230581,935.0,899.25,144.0,1.0,2,0
917,83,0,0.0,0.0,0.7864801299230582,0.9864801299230581,935.0,935.0,160.0,1.2,2,0
918,83,0,0.0,0.0,0.7864801299230582,0.9864801299230581,935.0,935.0,160.0,0.8,1,0
919,83,1,0.0,1.4055555555555554,0.7864801299230582,0.9864801299230581,935.0,935.0,160.0,0.8,1,0
920,84,1,10.0,14.766666666666666,0.7920866357660159,0.9920866357660159,990.0,954.25,160.0,1.2,2,0
921,82,0,0.0,0.0,0.7920866357660159,0.9920866357660159,990.0,990.0,160.0,1.0,2,0
922,82,1,26.0,30.766666666666666,0.7920866357660159,0.9920866357660159,990.0,990.0,160.0,1.2,2,0
923,84,2,34.0,38.766666666666666,0.7920866357660159,0.9920866357660159,990.0,990.0,160.0,1.5999999999999999,3,0
924,83,0,0.0,0.0,0.7920866357660159,0.9920866357660159,990.0,990.0,160.0,1.5999999999999999,3,0
925,83,0,0.0,0.0,0.7944210852978959,0.9944210852978959,990.0,990.0,160.0,2.1999999999999997,4,0
926,81,0,0.0,0.0,0.7944210852978959,0.9944210852978959,990.0,990.0,160.0,2.4,4,0
927,83,1,42.0,46.766666666666666,0.7944210852978959,0.9944210852978959,990.0,990.0,160.0,1.9999999999999998,3,0
928,82,1,34.0,46.766666666666666,0.7944210852978959,0.9944210852978959,990.0,990.0,160.0,1.9999999999999998,3,0
929,82,1,34.0,62.766666666666666,0.7944210852978959,0.9944210852978959,990.0,990.0,160.0,1.9999999999999998,3,0
930,82,0,0.0,0.0,0.7963345685207484,0.9963345685207483,990.0,990.0,160.0,1.9999999999999998,3,0
931,81,0,0.0,0.0,0.7963345685207484,0.9963345685207483,990.0,990.0,160.0,2.1999999999999997,4,0
932,81,0,0.0,0.0,0.7963345685207484,0.9963345685207483,990.0,990.0,160.0,1.9999999999999998,3,0
933,81,0,0.0,0.0,0.7963345685207484,0.9963345685207483,990.0,990.0,160.0,1.9999999999999998,3,0
934,82,1,18.0,78.76666666666667,0.7963345685207484,0.9963345685207483,990.0,990.0,160.0,1.9999999999999998,3,0
935,83,0,0.0,0.0,0.7992621978517127,0.9992621978517127,990.0,990.0,160.0,1.9999999999999998,3,0
936,83,0,0.0,0.0,0.7992621978517127,0.9992621978517127,990.0,990.0,160.0,1.9999999999999998,3,0
937,83,0,0.0,0.0,0.7992621978517127,0.9992621978517127,990.0,990.0,160.0,1.9999999999999998,3,0
938,85,2,18.0,78.76666666666667,0.7992621978517127,0.9992621978517127,990.0,990.0,160.0,1.7999999999999998,3,0
939,86,1,18.0,62.766666666666666,0.7992621978517127,0.9992621978517127,990.0,990.0,160.0,1.4,2,0
940,86,0,0.0,0.0,0.8011374114101082,1.0,990.0,990.0,160.0,1.7999999999999998,3,0
941,87,1,18.0,62.766666666666666,0.8011374114101082,1.0,990.0,990.0,160.0,1.7999999999999998,3,0
942,88,1,18.0,54.766666666666666,0.8011374114101082,1.0,990.0,990.0,160.0,1.5999999999999999,3,0
943,89,1,18.0,54.766666666666666,0.8011374114101082,1.0,990.0,990.0,160.0,1.9999999999999998,3,0
944,89,0,0.0,0.0,0.8011374114101082,1.0,990.0,990.0,160.0,1.9999999999999998,3,0
945,88,0,0.0,0.0,0.8039310969154727,1.0,990.0,990.0,160.0,1.7999999999999998,3,0
946,88,0,0.0,0.0,0.8039310969154727,1.0,990.0,990.0,160.0,2.1999999999999997,4,0
947,88,0,0.0,0.0,0.8039310969154727,1.0,990.0,990.0,160.0,1.9999999999999998,3,0
948,88,0,0.0,0.0,0.8039310969154727,1.0,990.0,990.0,160.0,1.9999999999999998,3,0
949,89,1,34.0,46.766666666666666,0.8039310969154727,1.0,990.0,990.0,160.0,1.9999999999999998,3,0
950,89,0,0.0,0.0,0.8062846812795812,1.0,990.0,990.0,160.0,2.1999999999999997,4,0
951,89,0,0.0,0.0,0.8062846812795812,1.0,990.0,990.0,160.0,1.9999999999999998,3,0
952,89,0,0.0,0.0,0.8062846812795812,1.0,990.0,990.0,160.0,1.9999999999999998,3,0
953,88,0,0.0,0.0,0.8242846812795812,1.0,990.0,990.0,145.6,1.5999999999999999,3,0
954,88,0,0.0,0.0,0.8242846812795812,1.0,990.0,990.0,145.6,1.4,2,0
955,88,0,0.0,0.0,0.8266191308114612,1.0,990.0,990.0,145.6,1.4,2,0
956,89,2,18.0,38.766666666666666,0.8266191308114612,1.0,990.0,990.0,145.6,1.4,2,0
957,88,0,0.0,0.0,0.8266191308114612,1.0,990.0,990.0,145.6,1.2,2,0
958,88,1,26.0,38.766666666666666,0.8266191308114612,1.0,990.0,990.0,145.6,1.2,2,0
959,86,0,0.0,0.0,0.8266191308114612,1.0,990.0,990.0,145.6,1.2,2,0
960,87,2,34.0,38.766666666666666,0.8029180619148502,1.0,990.0,990.0,160.0,1.4,2,0
961,88,1,34.0,38.766666666666666,0.8029180619148502,1.0,990.0,990.0,160.0,1.2,2,0
962,88,0,0.0,0.0,0.8029180619148502,1.0,990.0,990.0,160.0,1.2,2,0
963,87,0,0.0,0.0,0.8029180619148502,1.0,990.0,990.0,160.0,1.0,2,0
964,87,0,0.0,0.0,0.8029180619148502,1.0,990.0,990.0,160.0,1.4,2,0
965,86,0,0.0,0.0,0.8029180619148502,1.0,990.0,990.0,160.0,1.4,2,0
966,89,4,34.0,38.766666666666666,0.8029180619148502,1.0,990.0,990.0,160.0,1.5999999999999999,3,0
967,88,0,0.0,0.0,0.8029180619148502,1.0,990.0,990.0,160.0,1.9999999999999998,3,0
968,89,0,0.0,0.0,0.8029180619148502,1.0,990.0,990.0,160.0,2.1999999999999997,4,0
969,89,0,0.0,0.0,0.8029180619148502,1.0,990.0,990.0,160.0,2.4,4,0
970,88,0,0.0,0.0,0.8045062529898177,1.0,990.0,990.0,160.0,2.4,4,0
971,86,1,42.0,70.76666666666667,0.8045062529898177,1.0,990.0,990.0,160.0,2.666666666666667,5,0
972,88,2,42.0,86.76666666666667,0.8045062529898177,1.0,990.0,990.0,160.0,2.666666666666667,5,0
973,87,0,0.0,0.0,0.8045062529898177,1.0,990.0,990.0,160.0,2.666666666666667,5,0
974,89,2,34.0,86.76666666666667,0.8045062529898177,1.0,990.0,990.0,160.0,2.666666666666667,5,0
975,91,2,34.0,78.76666666666667,0.8079696576231805,1.0,990.0,990.0,160.0,2.666666666666667,5,0
976,92,1,34.0,70.76666666666667,0.8079696576231805,1.0,990.0,990.0,160.0,2.666666666666667,5,0
977,92,0,0.0,0.0,0.8079696576231805,1.0,990.0,990.0,160.0,2.666666666666667,5,0
978,91,0,0.0,0.0,0.8079696576231805,1.0,990.0,990.0,160.0,2.6,5,0
979,91,0,0.0,0.0,0.8079696576231805,1.0,990.0,990.0,160.0,2.4,4,0
980,92,1,18.0,70.76666666666667,0.8099022756782617,1.0,990.0,990.0,160.0,2.1999999999999997,4,0
981,92,0,0.0,0.0,0.8099022756782617,1.0,990.0,990.0,160.0,2.1999999999999997,4,0
982,93,1,18.0,70.76666666666667,0.8099022756782617,1.0,990.0,990.0,160.0,2.1999999999999997,4,0
983,93,0,0.0,0.0,0.8099022756782617,1.0,990.0,990.0,160.0,1.9999999999999998,3,0
984,94,1,10.0,62.766666666666666,0.8099022756782617,1.0,990.0,990.0,160.0,2.1999999999999997,4,0
985,94,0,0.0,0.0,0.8150112758832777,1.0,990.0,990.0,160.0,1.7999999999999998,3,0
986,95,1,10.0,54.766666666666666,0.8150112758832777,1.0,990.0,990.0,160.0,1.7999999999999998,3,0
987,96,1,10.0,46.766666666666666,0.8330112758832777,1.0,990.0,990.0,145.6,1.5999999999999999,3,0
988,97,1,10.0,46.766666666666666,0.8150112758832777,1.0,990.0,990.0,160.0,1.5999999999999999,3,0
989,99,2,10.0,46.766666666666666,0.8150112758832777,1.0,990.0,990.0,160.0,1.5999999999999999,3,0
990,99,0,0.0,0.0,0.8185703546777832,1.0,990.0,990.0,160.0,1.5999999999999999,3,0
991,99,0,0.0,0.0,0.8185703546777832,1.0,990.0,990.0,160.0,1.5999999999999999,3,0
992,99,0,0.0,0.0,0.8185703546777832,1.0,990.0,990.0,160.0,1.5999999999999999,3,0
993,99,0,0.0,0.0,0.8185703546777832,1.0,990.0,990.0,160.0,1.5999999999999999,3,0
994,99,0,0.0,0.0,0.8185703546777832,1.0,990.0,990.0,160.0,1.4,2,0
995,100,1,10.0,38.766666666666666,0.8229522312581152,1.0,990.0,990.0,160.0,1.4,2,0
996,99,0,0.0,0.0,0.8229522312581152,1.0,990.0,990.0,160.0,1.4,2,0
997,99,0,0.0,0.0,0.8229522312581152,1.0,990.0,990.0,160.0,1.5999999999999999,3,0
998,99,0,0.0,0.0,0.8229522312581152,1.0,990.0,990.0,160.0,1.9999999999999998,3,0
999,100,1,18.0,38.766666666666666,0.8229522312581152,1.0,990.0,990.0,160.0,1.9999999999999998,3,0
1000,99,0,0.0,0.0,0.8254206246155951,1.0,990.0,990.0,160.0,1.9999999999999998,3,0
1001,101,1,26.0,38.766666666666666,0.8254206246155951,1.0,990.0,990.0,160.0,1.9999999999999998,3,0
1002,100,0,0.0,0.0,0.8254206246155951,1.0,990.0,990.0,160.0,1.5999999999999999,3,0
1003,99,0,0.0,0.0,0.8254206246155951,1.0,990.0,990.0,160.0,1.5999999999999999,3,0
1004,98,0,0.0,0.0,0.8254206246155951,1.0,990.0,990.0,160.0,1.4,2,0
1005,99,2,18.0,30.766666666666666,0.8297068270347845,1.0,990.0,990.0,160.0,1.4,2,0
1006,97,0,0.0,0.0,0.8297068270347845,1.0,990.0,990.0,160.0,1.7999999999999998,3,0
1007,97,0,0.0,0.0,0.8297068270347845,1.0,990.0,990.0,160.0,1.7999999999999998,3,0
1008,97,0,0.0,0.0,0.8297068270347845,1.0,990.0,990.0,160.0,1.9999999999999998,3,0
1009,96,0,0.0,0.0,0.8297068270347845,1.0,990.0,990.0,160.0,1.9999999999999998,3,0
1010,95,0,0.0,0.0,0.833189366500376,1.0,990.0,990.0,160.0,1.9999999999999998,3,0
1011,97,1,10.0,30.766666666666666,0.833189366500376,1.0,990.0,990.0,160.0,2.1999999999999997,4,0
1012,97,0,0.0,0.0,0.833189366500376,1.0,990.0,990.0,160.0,2.1999999999999997,4,0
1013,96,0,0.0,0.0,0.833189366500376,1.0,990.0,990.0,160.0,2.4,4,0
1014,95,0,0.0,0.0,0.833189366500376,1.0,990.0,990.0,160.0,1.9999999999999998,3,0
1015,94,0,0.0,0.0,0.8356960295223126,1.0,990.0,990.0,160.0,1.9999999999999998,3,0
1016,94,1,10.0,14.766666666666666,0.8356960295223126,1.0,990.0,990.0,160.0,1.7999999999999998,3,0
1017,96,2,10.0,14.766666666666666,0.8356960295223126,1.0,990.0,990.0,160.0,1.5999999999999999,3,0
1018,95,1,10.0,14.766666666666666,0.8356960295223126,1.0,990.0,990.0,160.0,1.5999999999999999,3,0
1019,94,0,0.0,0.0,0.8356960295223126,1.0,990.0,990.0,160.0,1.5999999999999999,3,0
1020,94,1,10.0,14.766666666666666,1.0,1.0,990.0,990.0,160.0,1.5999999999999999,3,0
1021,94,2,18.0,22.766666666666666,1.0,1.0,990.0,990.0,160.0,1.7999999999999998,3,0
1022,95,1,18.0,30.766666666666666,1.0,1.0,990.0,990.0,160.0,1.7999999999999998,3,0
1023,95,1,18.0,22.766666666666666,1.0,1.0,990.0,990.0,160.0,1.7999999999999998,3,0
1024,94,0,0.0,0.0,1.0,1.0,990.0,990.0,160.0,1.5999999999999999,3,0
1025,93,0,0.0,0.0,1.0,1.0,990.0,990.0,160.0,1.4,2,0
1026,93,0,0.0,0.0,1.0,1.0,990.0,990.0,160.0,1.4,2,0
1027,91,0,0.0,0.0,1.0,1.0,990.0,990.0,160.0,1.5999999999999999,3,0
1028,90,0,0.0,0.0,1.0,1.0,990.0,990.0,160.0,1.7999999999999998,3,0
1029,91,0,0.0,0.0,1.0,1.0,990.0,990.0,160.0,1.7999999999999998,3,0
1030,91,0,0.0,0.0,1.0,1.0,990.0,990.0,160.0,1.9999999999999998,3,0
1031,91,0,0.0,0.0,1.0,1.0,990.0,990.0,160.0,1.9999999999999998,3,0
1032,94,1,10.0,62.766666666666666,1.0,1.0,990.0,990.0,160.0,1.9999999999999998,3,0
1033,93,0,0.0,0.0,1.0,1.0,990.0,990.0,160.0,1.7999999999999998,3,0
1034,93,0,0.0,0.0,1.0,1.0,990.0,990.0,160.0,1.9999999999999998,3,0
1035,94,1,0.0,54.766666666666666,1.0,1.0,935.0,970.75,160.0,1.7999999999999998,3,0
1036,95,1,0.0,54.766666666666666,1.0,1.0,935.0,935.0,160.0,1.7999999999999998,3,0
1037,94,0,0.0,0.0,1.0,1.0,935.0,935.0,160.0,1.4,2,0
1038,95,1,10.0,38.766666666666666,1.0,1.0,990.0,954.25,160.0,1.5999999999999999,3,0
1039,96,1,10.0,38.766666666666666,1.0,1.0,990.0,990.0,160.0,1.5999999999999999,3,0
1040,97,1,0.0,38.766666666666666,1.0,1.0,935.0,970.75,160.0,1.4,2,0
1041,97,0,0.0,0.0,1.0,1.0,935.0,935.0,160.0,1.4,2,0
1042,98,1,0.0,38.766666666666666,1.0,1.0,935.0,935.0,160.0,1.7999999999999998,3,0
1043,98,0,0.0,0.0,1.0,1.0,935.0,935.0,160.0,1.7999999999999998,3,0
1044,99,1,0.0,38.766666666666666,1.0,1.0,935.0,935.0,160.0,1.9999999999999998,3,0
1045,99,0,0.0,0.0,1.0,1.0,825.0,896.5,160.0,1.5999999999999999,3,0
1046,100,1,0.0,38.766666666666666,1.0,1.0,825.0,825.0,160.0,1.7999999999999998,3,0
1047,100,0,0.0,0.0,1.0,1.0,825.0,825.0,160.0,1.9999999999999998,3,0
1048,101,1,0.0,38.766666666666666,1.0,1.0,825.0,825.0,160.0,2.1999999999999997,4,0
1049,101,1,0.0,30.766666666666666,1.0,1.0,880.0,844.25,160.0,2.4,4,0
1050,101,0,0.0,0.0,1.0,1.0,935.0,899.25,160.0,2.1999999999999997,4,0
1051,103,2,0.0,22.766666666666666,1.0,1.0,935.0,935.0,160.0,2.1999999999999997,4,0
1052,103,0,0.0,0.0,1.0,1.0,880.0,915.75,160.0,1.9999999999999998,3,0
1053,103,1,0.0,22.766666666666666,1.0,1.0,880.0,880.0,160.0,1.9999999999999998,3,0
1054,103,0,0.0,0.0,1.0,1.0,935.0,899.25,160.0,1.7999999999999998,3,0
1055,102,0,0.0,0.0,1.0,1.0,990.0,954.25,160.0,1.7999999999999998,3,0
1056,102,1,0.0,1.4055555555555554,1.0,1.0,935.0,970.75,160.0,1.5999999999999999,3,0
1057,102,1,0.0,1.4055555555555554,1.0,1.0,935.0,935.0,160.0,1.4,2,0
1058,102,0,0.0,0.0,1.0,1.0,880.0,915.75,160.0,1.2,2,0
1059,102,0,0.0,0.0,1.0,1.0,880.0,880.0,160.0,1.5999999999999999,3,0
1060,101,0,0.0,0.0,1.0,1.0,880.0,880.0,160.0,1.4,2,0
1061,101,1,0.0,1.4055555555555554,1.0,1.0,935.0,899.25,160.0,1.7999999999999998,3,0
1062,102,2,0.0,1.4055555555555554,1.0,1.0,935.0,935.0,160.0,1.7999999999999998,3,0
1063,101,1,0.0,1.4055555555555554,1.0,1.0,935.0,935.0,160.0,1.7999999999999998,3,0
1064,101,0,0.0,0.0,1.0,1.0,990.0,954.25,160.0,1.5999999999999999,3,0
1065,101,0,0.0,0.0,1.0,1.0,990.0,990.0,160.0,1.5999999999999999,3,0
1066,99,0,0.0,0.0,1.0,1.0,990.0,990.0,160.0,1.5999999999999999,3,0
1067,97,0,0.0,0.0,1.0,1.0,990.0,990.0,160.0,1.5999999999999999,3,0
1068,95,0,0.0,0.0,1.0,1.0,990.0,990.0,160.0,1.7999999999999998,3,0
1069,95,1,26.0,30.766666666666666,1.0,1.0,990.0,990.0,160.0,1.5999999999999999,3,0
1070,95,0,0.0,0.0,1.0,1.0,990.0,990.0,160.0,1.5999999999999999,3,0
1071,95,0,0.0,0.0,1.0,1.0,990.0,990.0,160.0,1.7999999999999998,3,0
1072,95,0,0.0,0.0,1.0,1.0,990.0,990.0,160.0,1.7999999999999998,3,0
1073,96,1,26.0,30.766666666666666,1.0,1.0,990.0,990.0,160.0,1.7999999999999998,3,0
1074,95,0,0.0,0.0,1.0,1.0,990.0,990.0,160.0,1.7999999999999998,3,0
1075,95,0,0.0,0.0,1.0,1.0,990.0,990.0,160.0,1.4,2,0
1076,95,0,0.0,0.0,1.0,1.0,990.0,990.0,160.0,1.5999999999999999,3,0
1077,96,1,34.0,38.766666666666666,1.0,1.0,990.0,990.0,160.0,1.7999999999999998,3,0
1078,96,0,0.0,0.0,1.0,1.0,990.0,990.0,160.0,1.7999999999999998,3,0
1079,96,1,26.0,30.766666666666666,1.0,1.0,990.0,990.0,160.0,1.9999999999999998,3,0
1080,96,0,0.0,0.0,1.0,1.0,990.0,990.0,160.0,1.7999999999999998,3,0
1081,95,0,0.0,0.0,1.0,1.0,990.0,990.0,160.0,1.7999999999999998,3,0
1082,98,2,34.0,38.766666666666666,1.0,1.0,990.0,990.0,160.0,1.5999999999999999,3,0
1083,98,0,0.0,0.0,1.0,1.0,990.0,990.0,160.0,1.5999999999999999,3,0
1084,97,0,0.0,0.0,1.0,1.0,990.0,990.0,160.0,1.5999999999999999,3,0
1085,97,0,0.0,0.0,1.0,1.0,990.0,990.0,160.0,1.5999999999999999,3,0
1086,96,0,0.0,0.0,1.0,1.0,990.0,990.0,160.0,1.7999999999999998,3,0
1087,95,0,0.0,0.0,1.0,1.0,990.0,990.0,160.0,1.9999999999999998,3,0
1088,95,0,0.0,0.0,1.0,1.0,990.0,990.0,160.0,1.7999999999999998,3,0
1089,95,0,0.0,0.0,1.0,1.0,990.0,990.0,160.0,1.5999999999999999,3,0
1090,95,0,0.0,0.0,1.0,1.0,990.0,990.0,160.0,1.5999999999999999,3,0
1091,96,1,42.0,54.766666666666666,1.0,1.0,990.0,990.0,160.0,1.7999999999999998,3,0
1092,96,0,0.0,0.0,1.0,1.0,990.0,990.0,160.0,1.7999999999999998,3,0
1093,96,0,0.0,0.0,1.0,1.0,990.0,990.0,160.0,1.2,2,0
1094,97,1,18.0,54.766666666666666,1.0,1.0,990.0,990.0,160.0,1.4,2,0
1095,99,1,0.0,46.766666666666666,1.0,1.0,935.0,970.75,160.0,1.2,2,0
1096,99,0,0.0,0.0,1.0,1.0,935.0,935.0,160.0,1.2,2,0
1097,100,1,0.0,46.766666666666666,1.0,1.0,935.0,935.0,160.0,1.2,2,0
1098,100,0,0.0,0.0,1.0,1.0,935.0,935.0,160.0,1.4,2,0
1099,100,0,0.0,0.0,1.0,1.0,935.0,935.0,160.0,1.4,2,0
1100,101,0,0.0,0.0,1.0,1.0,935.0,935.0,160.0,1.5999999999999999,3,0
1101,102,1,0.0,46.766666666666666,1.0,1.0,935.0,935.0,160.0,1.5999999999999999,3,0
1102,102,0,0.0,0.0,1.0,1.0,935.0,935.0,160.0,1.7999999999999998,3,0
1103,102,0,0.0,0.0,1.0,1.0,935.0,935.0,160.0,1.5999999999999999,3,0
1104,104,2,0.0,46.766666666666666,1.0,1.0,935.0,935.0,160.0,1.5999999999999999,3,0
1105,106,1,0.0,46.766666666666666,1.0,1.0,935.0,935.0,160.0,1.5999999999999999,3,0
1106,106,0,0.0,0.0,1.0,1.0,880.0,915.75,160.0,1.5999999999999999,3,0
1107,106,0,0.0,0.0,1.0,1.0,880.0,880.0,160.0,1.5999999999999999,3,0
1108,107,1,0.0,46.766666666666666,1.0,1.0,880.0,880.0,160.0,1.9999999999999998,3,0
1109,108,1,0.0,46.766666666666666,1.0,1.0,935.0,899.25,160.0,2.1999999999999997,4,0
1110,108,0,0.0,0.0,1.0,1.0,935.0,935.0,160.0,2.4,4,0
1111,107,1,0.0,38.766666666666666,1.0,1.0,935.0,935.0,160.0,2.1999999999999997,4,0
1112,107,0,0.0,0.0,1.0,1.0,990.0,954.25,160.0,2.1999999999999997,4,0
1113,107,0,0.0,0.0,1.0,1.0,990.0,990.0,160.0,2.1999999999999997,4,0
1114,107,0,0.0,0.0,1.0,1.0,935.0,970.75,160.0,1.5999999999999999,3,0
1115,107,0,0.0,0.0,1.0,1.0,935.0,935.0,145.6,1.4,2,0
1116,106,1,0.0,1.4055555555555554,1.0,1.0,935.0,935.0,160.0,1.4,2,0
1117,106,0,0.0,0.0,1.0,1.0,935.0,935.0,145.6,1.4,2,0
1118,107,3,0.0,1.4055555555555557,1.0,1.0,935.0,935.0,145.6,1.2,2,0
1119,107,0,0.0,0.0,1.0,1.0,935.0,935.0,145.6,1.2,2,0
1120,106,0,0.0,0.0,1.0,1.0,935.0,935.0,160.0,1.2,2,0
1121,107,1,10.0,14.766666666666666,1.0,1.0,990.0,954.25,160.0,1.4,2,0
1122,106,0,0.0,0.0,1.0,1.0,990.0,990.0,160.0,1.4,2,0
1123,105,1,10.0,14.766666666666666,1.0,1.0,990.0,990.0,160.0,1.4,2,0
1124,103,0,0.0,0.0,1.0,1.0,935.0,970.75,160.0,1.4,2,0
1125,104,2,0.0,38.766666666666666,1.0,1.0,935.0,935.0,160.0,1.5999999999999999,3,0
1126,105,2,0.0,38.766666666666666,1.0,1.0,935.0,935.0,160.0,1.5999999999999999,3,0
1127,105,0,0.0,0.0,1.0,1.0,935.0,935.0,160.0,1.4,2,0
1128,106,2,0.0,38.766666666666666,1.0,1.0,935.0,935.0,160.0,1.4,2,0
1129,106,0,0.0,0.0,1.0,1.0,935.0,935.0,160.0,1.4,2,0
1130,106,0,0.0,0.0,1.0,1.0,935.0,935.0,160.0,1.4,2,0
1131,106,0,0.0,0.0,1.0,1.0,825.0,896.5,145.6,1.0,2,0
1132,107,1,0.0,46.766666666666666,1.0,1.0,825.0,825.0,145.6,1.2,2,0
1133,107,0,0.0,0.0,1.0,1.0,825.0,825.0,145.6,1.2,2,0
1134,108,1,0.0,46.766666666666666,1.0,1.0,825.0,825.0,160.0,1.2,2,0
1135,109,1,0.0,46.766666666666666,1.0,1.0,770.0,805.75,160.0,1.2,2,0
1136,111,2,0.0,46.766666666666666,1.0,1.0,770.0,770.0,160.0,1.2,2,0
1137,111,0,0.0,0.0,1.0,1.0,770.0,770.0,160.0,1.4,2,0
1138,111,0,0.0,0.0,1.0,1.0,770.0,770.0,160.0,1.4,2,0
1139,112,1,0.0,46.766666666666666,1.0,1.0,770.0,770.0,160.0,1.5999999999999999,3,0
1140,112,0,0.0,0.0,1.0,1.0,770.0,770.0,160.0,1.5999999999999999,3,0
1141,112,0,0.0,0.0,1.0,1.0,770.0,770.0,160.0,1.7999999999999998,3,0
1142,112,0,0.0,0.0,1.0,1.0,770.0,770.0,160.0,1.9999999999999998,3,0
1143,112,0,0.0,0.0,1.0,1.0,770.0,770.0,160.0,1.9999999999999998,3,0
1144,113,1,0.0,22.766666666666666,1.0,1.0,770.0,770.0,160.0,1.7999999999999998,3,0
1145,114,0,0.0,0.0,1.0,1.0,770.0,770.0,160.0,1.5999999999999999,3,0
1146,115,1,0.0,22.766666666666666,1.0,1.0,770.0,770.0,160.0,1.5999999999999999,3,0
1147,115,0,0.0,0.0,1.0,1.0,770.0,770.0,160.0,1.4,2,0
1148,116,1,0.0,22.766666666666666,1.0,1.0,770.0,770.0,160.0,1.5999999999999999,3,0
1149,116,0,0.0,0.0,1.0,1.0,770.0,770.0,160.0,1.7999999999999998,3,0
1150,117,0,0.0,0.0,1.0,1.0,770.0,770.0,160.0,1.7999999999999998,3,0
1151,117,1,0.0,1.4055555555555554,1.0,1.0,660.0,731.5,145.6,1.2,2,0
1152,116,0,0.0,0.0,1.0,1.0,715.0,679.25,145.6,1.2,2,0
1153,114,0,0.0,0.0,1.0,1.0,715.0,715.0,145.6,0.8,1,0
1154,114,1,0.0,0.0,1.0,1.0,825.0,753.5,145.6,1.0,2,0
1155,113,0,0.0,0.0,1.0,1.0,880.0,844.25,145.6,1.0,2,0
1156,114,2,0.0,0.0,1.0,1.0,825.0,860.75,145.6,0.8,1,0
1157,114,0,0.0,0.0,1.0,1.0,825.0,825.0,145.6,0.8,1,0
1158,115,1,0.0,0.0,1.0,1.0,825.0,825.0,145.6,0.8,1,0
1159,114,0,0.0,0.0,1.0,1.0,825.0,825.0,160.0,1.0,2,0
1160,114,0,0.0,0.0,1.0,1.0,880.0,844.25,160.0,1.0,2,0
1161,112,1,0.0,14.766666666666666,1.0,1.0,935.0,899.25,160.0,1.2,2,0
1162,111,0,0.0,0.0,1.0,1.0,935.0,935.0,160.0,1.2,2,0
1163,111,0,0.0,0.0,1.0,1.0,935.0,935.0,160.0,1.4,2,0
1164,111,0,0.0,0.0,1.0,1.0,935.0,935.0,160.0,1.7999999999999998,3,0
1165,112,1,0.0,30.766666666666666,1.0,1.0,935.0,935.0,160.0,1.9999999999999998,3,0
1166,112,0,0.0,0.0,1.0,1.0,935.0,935.0,160.0,1.9999999999999998,3,0
1167,112,0,0.0,0.0,1.0,1.0,935.0,935.0,160.0,1.9999999999999998,3,0
1168,111,0,0.0,0.0,1.0,1.0,935.0,935.0,160.0,2.1999999999999997,4,0
1169,110,0,0.0,0.0,1.0,1.0,880.0,915.75,160.0,1.9999999999999998,3,0
1170,110,0,0.0,0.0,1.0,1.0,880.0,880.0,160.0,1.7999999999999998,3,0
1171,112,2,0.0,30.766666666666666,1.0,1.0,825.0,860.75,160.0,1.9999999999999998,3,0
1172,111,0,0.0,0.0,1.0,1.0,825.0,825.0,160.0,1.5999999999999999,3,0
1173,110,0,0.0,0.0,1.0,1.0,825.0,825.0,160.0,1.7999999999999998,3,0
1174,112,2,0.0,22.766666666666666,1.0,1.0,770.0,805.75,160.0,1.5999999999999999,3,0
1175,112,0,0.0,0.0,1.0,1.0,770.0,770.0,160.0,1.5999999999999999,3,0
1176,112,0,0.0,0.0,1.0,1.0,770.0,770.0,160.0,1.5999999999999999,3,0
1177,111,0,0.0,0.0,1.0,1.0,770.0,770.0,145.6,1.4,2,0
1178,110,0,0.0,0.0,1.0,1.0,770.0,770.0,145.6,1.4,2,0
1179,108,0,0.0,0.0,1.0,1.0,825.0,789.25,160.0,1.4,2,0
1180,108,0,0.0,0.0,1.0,1.0,825.0,825.0,145.6,1.2,2,0
1181,108,0,0.0,0.0,1.0,1.0,825.0,825.0,145.6,1.2,2,0
1182,109,1,0.0,14.766666666666666,1.0,1.0,825.0,825.0,145.6,1.2,2,0
1183,108,0,0.0,0.0,1.0,1.0,770.0,805.75,145.6,1.0,2,0
1184,108,0,0.0,0.0,1.0,1.0,770.0,770.0,145.6,1.2,2,0
1185,107,0,0.0,0.0,1.0,1.0,770.0,770.0,145.6,1.2,2,0
1186,107,1,0.0,14.766666666666666,1.0,1.0,825.0,789.25,145.6,1.4,2,0
1187,107,0,0.0,0.0,1.0,1.0,880.0,844.25,145.6,1.4,2,0
1188,107,0,0.0,0.0,1.0,1.0,880.0,880.0,160.0,1.4,2,0
1189,107,0,0.0,0.0,1.0,1.0,880.0,880.0,160.0,1.4,2,0
1190,108,1,0.0,1.4055555555555554,1.0,1.0,825.0,860.75,160.0,1.2,2,0
1191,108,1,0.0,1.4055555555555554,1.0,1.0,825.0,825.0,160.0,1.2,2,0
1192,109,2,0.0,0.0,1.0,1.0,770.0,805.75,160.0,0.8,1,0
1193,110,1,0.0,0.0,1.0,1.0,825.0,789.25,160.0,1.2,2,0
1194,110,0,0.0,0.0,1.0,1.0,770.0,805.75,145.6,1.0,2,0
1195,110,0,0.0,0.0,1.0,1.0,715.0,750.75,145.6,1.0,2,0
1196,110,0,0.0,0.0,1.0,1.0,715.0,715.0,145.6,1.0,2,0
1197,108,1,0.0,0.0,1.0,1.0,715.0,715.0,145.6,1.4,2,0
1198,107,1,0.0,0.0,1.0,1.0,825.0,753.5,145.6,1.2,2,0
1199,108,1,0.0,1.4055555555555554,1.0,1.0,935.0,863.5,145.6,1.0,2,0
1200,109,1,0.0,1.4055555555555554,0.9143261122121233,1.0,880.0,915.75,145.6,0.8,1,0
1201,109,0,0.0,0.0,0.8963261122121233,1.0,880.0,880.0,160.0,1.0,2,0
1202,109,1,0.0,1.4055555555555554,0.8963261122121233,1.0,880.0,880.0,160.0,1.2,2,0
1203,108,0,0.0,0.0,0.8963261122121233,1.0,935.0,899.25,160.0,1.2,2,0
1204,108,2,0.0,22.766666666666666,0.9143261122121233,1.0,880.0,915.75,145.6,1.2,2,0
1205,106,0,0.0,0.0,0.8974933369780633,1.0,935.0,899.25,160.0,1.2,2,0
1206,107,1,10.0,38.766666666666666,0.8974933369780633,1.0,990.0,954.25,160.0,1.4,2,0
1207,108,1,10.0,38.766666666666666,0.8974933369780633,1.0,990.0,990.0,160.0,1.5999999999999999,3,0
1208,107,0,0.0,0.0,0.8974933369780633,1.0,990.0,990.0,160.0,1.2,2,0
1209,107,0,0.0,0.0,0.8974933369780633,1.0,990.0,990.0,160.0,1.2,2,0
1210,107,0,0.0,0.0,0.8985840224150894,1.0,990.0,990.0,160.0,1.4,2,0
1211,107,0,0.0,0.0,0.8985840224150894,1.0,990.0,990.0,160.0,1.4,2,0
1212,107,0,0.0,0.0,0.8985840224150894,1.0,990.0,990.0,160.0,1.4,2,0
1213,109,1,10.0,30.766666666666666,0.8985840224150894,1.0,990.0,990.0,160.0,1.7999999999999998,3,0
1214,109,0,0.0,0.0,0.8985840224150894,1.0,990.0,990.0,160.0,1.7999999999999998,3,0
1215,109,0,0.0,0.0,0.8986414269117748,1.0,990.0,990.0,160.0,1.9999999999999998,3,0
1216,111,2,0.0,22.766666666666666,0.8986414269117748,1.0,935.0,970.75,160.0,1.7999999999999998,3,0
1217,111,0,0.0,0.0,0.9166414269117749,1.0,825.0,896.5,145.6,1.4,2,0
1218,110,0,0.0,0.0,0.9166414269117749,1.0,825.0,825.0,145.6,1.5999999999999999,3,0
1219,111,1,0.0,22.766666666666666,0.8986414269117748,1.0,880.0,844.25,160.0,1.5999999999999999,3,0
1220,110,0,0.0,0.0,0.9000000000000001,1.0,880.0,880.0,160.0,1.7999999999999998,3,0
1221,110,0,0.0,0.0,0.9000000000000001,1.0,935.0,899.25,160.0,1.7999999999999998,3,0
1222,111,1,0.0,22.766666666666666,0.9000000000000001,1.0,935.0,935.0,160.0,1.7999999999999998,3,0
1223,110,0,0.0,0.0,0.9000000000000001,1.0,935.0,935.0,160.0,1.7999999999999998,3,0
1224,110,1,10.0,22.766666666666666,0.9000000000000001,1.0,990.0,954.25,160.0,1.5999999999999999,3,0
1225,113,3,10.0,22.766666666666666,0.8997703820132579,1.0,990.0,990.0,160.0,1.5999999999999999,3,0
1226,113,0,0.0,0.0,0.8997703820132579,1.0,935.0,970.75,160.0,1.4,2,0
1227,113,0,0.0,0.0,0.8997703820132579,1.0,935.0,935.0,160.0,1.5999999999999999,3,0
1228,114,0,0.0,0.0,0.8997703820132579,1.0,935.0,935.0,160.0,1.7999999999999998,3,0
1229,114,1,0.0,22.766666666666666,0.8997703820132579,1.0,880.0,915.75,160.0,1.4,2,0
1230,115,0,0.0,0.0,0.8977420897970343,1.0,935.0,899.25,160.0,1.4,2,0
1231,114,1,0.0,22.766666666666666,0.8977420897970343,1.0,935.0,935.0,160.0,1.7999999999999998,3,0
1232,115,1,18.0,22.766666666666666,0.8977420897970343,1.0,990.0,954.25,160.0,1.7999999999999998,3,0
1233,115,0,0.0,0.0,0.8977420897970343,1.0,990.0,990.0,160.0,1.9999999999999998,3,0
1234,115,0,0.0,0.0,0.8977420897970343,1.0,990.0,990.0,160.0,1.7999999999999998,3,0
1235,115,1,10.0,14.766666666666666,0.8963643818765805,1.0,990.0,990.0,160.0,1.7999999999999998,3,0
1236,116,1,10.0,14.766666666666666,0.8963643818765805,1.0,990.0,990.0,160.0,1.9999999999999998,3,0
1237,115,0,0.0,0.0,0.8963643818765805,1.0,990.0,990.0,160.0,1.7999999999999998,3,0
1238,114,0,0.0,0.0,0.8963643818765805,1.0,990.0,990.0,160.0,1.5999999999999999,3,0
1239,113,0,0.0,0.0,0.8963643818765805,1.0,990.0,990.0,160.0,1.5999999999999999,3,0
1240,113,1,10.0,14.766666666666666,0.8947187863049273,1.0,990.0,990.0,160.0,1.5999999999999999,3,0
1241,112,0,0.0,0.0,0.8947187863049273,1.0,990.0,990.0,160.0,1.5999999999999999,3,0
1242,113,1,10.0,14.766666666666666,0.9127187863049273,1.0,990.0,990.0,145.6,1.2,2,0
1243,112,1,10.0,22.766666666666666,0.9127187863049273,1.0,990.0,990.0,145.6,1.2,2,0
1244,113,1,10.0,22.766666666666666,0.9127187863049273,1.0,990.0,990.0,145.6,1.2,2,0
1245,113,0,0.0,0.0,0.9115132918745303,1.0,990.0,990.0,145.6,1.0,2,0
1246,112,0,0.0,0.0,0.9115132918745303,1.0,990.0,990.0,145.6,1.0,2,0
1247,111,0,0.0,0.0,0.9115132918745303,1.0,990.0,990.0,145.6,1.0,2,0
1248,112,1,18.0,22.766666666666666,0.8935132918745303,1.0,990.0,990.0,160.0,1.2,2,0
1249,113,1,26.0,30.766666666666666,0.8935132918745303,1.0,990.0,990.0,160.0,1.2,2,0
1250,113,0,0.0,0.0,0.8930157862365886,1.0,990.0,990.0,160.0,1.2,2,0
1251,115,1,10.0,30.766666666666666,0.8930157862365886,1.0,990.0,990.0,160.0,1.5999999999999999,3,0
1252,115,1,10.0,22.766666666666666,0.8930157862365886,1.0,990.0,990.0,160.0,1.4,2,0
1253,117,1,0.0,30.766666666666666,0.8930157862365886,1.0,935.0,970.75,160.0,1.4,2,0
1254,118,1,0.0,30.766666666666666,0.8930157862365886,1.0,935.0,935.0,160.0,1.4,2,0
1255,119,1,0.0,30.766666666666666,0.8910448985170505,1.0,935.0,935.0,160.0,1.5999999999999999,3,0
1256,119,0,0.0,0.0,0.8910448985170505,1.0,935.0,935.0,160.0,1.5999999999999999,3,0
1257,119,0,0.0,0.0,0.8910448985170505,1.0,935.0,935.0,160.0,1.5999999999999999,3,0
1258,120,1,0.0,38.766666666666666,0.8910448985170505,1.0,935.0,935.0,160.0,1.7999999999999998,3,0
1259,120,0,0.0,0.0,0.8910448985170505,1.0,935.0,935.0,160.0,1.7999999999999998,3,0
1260,120,0,0.0,0.0,0.8813829193491349,1.0,935.0,935.0,160.0,1.9999999999999998,3,0
1261,122,2,0.0,38.766666666666666,0.8813829193491349,1.0,880.0,915.75,160.0,1.7999999999999998,3,0
1262,122,0,0.0,0.0,0.8813829193491349,1.0,825.0,860.75,160.0,1.4,2,0
1263,122,0,0.0,0.0,0.8813829193491349,1.0,825.0,825.0,160.0,1.4,2,0
1264,122,0,0.0,0.0,0.8813829193491349,1.0,825.0,825.0,160.0,1.4,2,0
1265,123,1,0.0,30.766666666666666,0.8814020541813634,1.0,825.0,825.0,160.0,1.5999999999999999,3,0
1266,123,0,0.0,0.0,0.8994020541813634,1.0,825.0,825.0,145.6,1.4,2,0
1267,124,1,0.0,22.766666666666666,0.8994020541813634,1.0,825.0,825.0,145.6,1.4,2,0
1268,125,0,0.0,0.0,0.8814020541813634,1.0,825.0,825.0,160.0,1.5999999999999999,3,0
1269,124,0,0.0,0.0,0.8814020541813634,1.0,770.0,805.75,160.0,1.4,2,0
1270,124,0,0.0,0.0,0.8827414924373602,1.0,825.0,789.25,160.0,1.4,2,0
1271,124,0,0.0,0.0,0.8827414924373602,1.0,825.0,825.0,160.0,1.4,2,0
1272,124,0,0.0,0.0,0.8827414924373602,1.0,825.0,825.0,160.0,1.4,2,0
1273,125,1,0.0,22.766666666666666,0.8827414924373602,1.0,825.0,825.0,160.0,1.5999999999999999,3,0
1274,125,1,0.0,22.766666666666666,0.8827414924373602,1.0,825.0,825.0,160.0,1.7999999999999998,3,0
1275,125,0,0.0,0.0,0.8816316721681057,1.0,880.0,844.25,160.0,1.7999999999999998,3,0
1276,126,0,0.0,0.0,0.8816316721681057,1.0,880.0,880.0,160.0,1.5999999999999999,3,0
1277,126,0,0.0,0.0,0.8816316721681057,1.0,880.0,880.0,160.0,1.7999999999999998,3,0
1278,123,0,0.0,0.0,0.8816316721681057,1.0,825.0,860.75,160.0,1.5999999999999999,3,0
1279,122,0,0.0,0.0,0.8816316721681057,1.0,990.0,882.75,160.0,1.5999999999999999,3,0
1280,123,1,0.0,14.766666666666666,0.8803879080732517,1.0,935.0,970.75,160.0,1.4,2,0
1281,123,1,0.0,14.766666666666666,0.8803879080732517,1.0,880.0,915.75,160.0,1.2,2,0
1282,124,1,0.0,14.766666666666666,0.8983879080732518,1.0,825.0,860.75,145.6,1.2,2,0
1283,124,0,0.0,0.0,0.8983879080732518,1.0,825.0,825.0,145.6,1.2,2,0
1284,124,0,0.0,0.0,0.8983879080732518,1.0,825.0,825.0,145.6,1.2,2,0
1285,126,2,0.0,14.766666666666666,0.8959003798835434,1.0,770.0,805.75,145.6,1.2,2,0
1286,126,0,0.0,0.0,0.8959003798835434,1.0,770.0,770.0,145.6,1.4,2,0
1287,126,0,0.0,0.0,0.8959003798835434,1.0,770.0,770.0,145.6,1.4,2,0
1288,127,1,0.0,14.766666666666666,0.8959003798835434,1.0,770.0,770.0,145.6,1.4,2,0
1289,128,1,0.0,14.766666666666666,0.8959003798835434,1.0,770.0,770.0,145.6,1.4,2,0
1290,128,0,0.0,0.0,0.9000875595459503,1.0,660.0,731.5,140.0,1.2,2,0
1291,128,0,0.0,0.0,0.9000875595459503,1.0,660.0,660.0,140.0,1.2,2,0
1292,127,0,0.0,0.0,0.8930875595459504,1.0,660.0,660.0,145.6,1.2,2,0
1293,128,1,0.0,0.0,0.8930875595459504,1.0,660.0,660.0,145.6,1.2,2,0
1294,127,1,0.0,0.0,0.9175875595459504,1.0,550.0,621.5,126.0,0.8,1,0
1295,126,0,0.0,0.0,0.9329253235041269,1.0,605.0,569.25,112.0,0.6000000000000001,1,0
1296,125,0,0.0,0.0,0.8979253235041269,1.0,605.0,605.0,140.0,0.8,1,0
1297,124,0,0.0,0.0,0.890925323504127,1.0,660.0,624.25,145.6,1.0,2,0
1298,124,0,0.0,0.0,0.8979253235041269,1.0,660.0,660.0,140.0,0.8,1,0
1299,123,0,0.0,0.0,0.890925323504127,1.0,660.0,660.0,145.6,0.8,1,0
1300,123,1,0.0,0.0,0.8958587616234464,1.0,660.0,660.0,140.0,0.8,1,0
1301,121,0,0.0,0.0,0.8958587616234464,1.0,605.0,640.75,140.0,0.6000000000000001,1,0
1302,121,0,0.0,0.0,0.8958587616234464,1.0,660.0,624.25,140.0,0.8,1,0
1303,122,1,0.0,0.0,0.8958587616234464,1.0,660.0,660.0,140.0,0.8,1,0
1304,122,1,0.0,0.0,0.8888587616234465,1.0,660.0,660.0,145.6,1.0,2,0
1305,121,0,0.0,0.0,0.868983548065051,1.0,715.0,679.25,160.0,1.2,2,0
1306,121,1,0.0,0.0,0.868983548065051,1.0,770.0,734.25,160.0,1.2,2,0
1307,120,0,0.0,0.0,0.868983548065051,1.0,825.0,789.25,160.0,1.7999999999999998,3,0
1308,119,1,0.0,0.0,0.868983548065051,1.0,880.0,844.25,160.0,1.7999999999999998,3,0
1309,118,0,0.0,0.0,0.868983548065051,1.0,935.0,899.25,160.0,1.7999999999999998,3,0
1310,118,0,0.0,0.0,0.8669743906810559,1.0,935.0,935.0,160.0,1.7999999999999998,3,0
1311,119,2,0.0,1.4055555555555554,0.8669743906810559,1.0,935.0,935.0,160.0,1.9999999999999998,3,0
1312,119,0,0.0,0.0,0.8669743906810559,1.0,990.0,954.25,160.0,1.9999999999999998,3,0
1313,121,1,10.0,14.766666666666666,0.8669743906810559,1.0,990.0,990.0,160.0,1.7999999999999998,3,0
1314,121,0,0.0,0.0,0.8669743906810559,1.0,990.0,990.0,160.0,1.7999999999999998,3,0
1315,121,1,10.0,22.766666666666666,0.8646399411491759,1.0,990.0,990.0,160.0,1.5999999999999999,3,0
1316,120,0,0.0,0.0,0.8646399411491759,1.0,990.0,990.0,160.0,1.7999999999999998,3,0
1317,120,0,0.0,0.0,0.8646399411491759,1.0,990.0,990.0,160.0,1.9999999999999998,3,0
1318,121,1,0.0,38.766666666666666,0.8646399411491759,1.0,935.0,970.75,160.0,1.7999999999999998,3,0
1319,121,1,0.0,38.766666666666666,0.8646399411491759,1.0,935.0,935.0,160.0,1.7999999999999998,3,0
1320,121,0,0.0,0.0,0.8558722073844662,1.0,935.0,935.0,160.0,1.7999999999999998,3,0
1321,122,1,0.0,38.766666666666666,0.8558722073844662,1.0,935.0,935.0,160.0,1.5999999999999999,3,0
1322,122,0,0.0,0.0,0.8558722073844662,1.0,935.0,935.0,160.0,1.5999999999999999,3,0
1323,122,0,0.0,0.0,0.8558722073844662,1.0,935.0,935.0,160.0,1.5999999999999999,3,0
1324,122,0,0.0,0.0,0.8558722073844662,1.0,935.0,935.0,160.0,1.7999999999999998,3,0
1325,122,0,0.0,0.0,0.8524662072477889,1.0,935.0,935.0,160.0,1.9999999999999998,3,0
1326,123,1,0.0,22.766666666666666,0.8524662072477889,1.0,935.0,935.0,160.0,1.5999999999999999,3,0
1327,125,2,0.0,22.766666666666666,0.8524662072477889,1.0,935.0,935.0,160.0,1.7999999999999998,3,0
1328,126,1,0.0,22.766666666666666,0.8524662072477889,1.0,935.0,935.0,160.0,1.7999999999999998,3,0
1329,125,0,0.0,0.0,0.8524662072477889,1.0,935.0,935.0,160.0,2.1999999999999997,4,0
1330,125,0,0.0,0.0,0.849557712749053,1.0,935.0,935.0,160.0,1.9999999999999998,3,0
1331,126,0,0.0,0.0,0.849557712749053,1.0,880.0,915.75,160.0,1.7999999999999998,3,0
1332,125,0,0.0,0.0,0.849557712749053,1.0,880.0,880.0,160.0,1.9999999999999998,3,0
1333,126,1,0.0,1.4055555555555554,0.849557712749053,1.0,880.0,880.0,160.0,1.7999999999999998,3,0
1334,126,0,0.0,0.0,0.849557712749053,1.0,825.0,860.75,160.0,1.5999999999999999,3,0
1335,127,1,0.0,0.0,0.8469553755659738,1.0,825.0,825.0,160.0,1.7999999999999998,3,0
1336,126,0,0.0,0.0,0.8469553755659738,1.0,825.0,825.0,160.0,1.7999999999999998,3,0
1337,126,0,0.0,0.0,0.8469553755659738,1.0,880.0,844.25,160.0,1.7999999999999998,3,0
1338,125,0,0.0,0.0,0.8469553755659738,1.0,770.0,841.5,160.0,1.5999999999999999,3,0
1339,126,1,0.0,0.0,0.8469553755659738,1.0,825.0,789.25,160.0,1.5999999999999999,3,0
1340,125,0,0.0,0.0,0.8433580271070111,1.0,880.0,844.25,160.0,1.7999999999999998,3,0
1341,124,0,0.0,0.0,0.8433580271070111,1.0,880.0,880.0,160.0,1.7999999999999998,3,0
1342,124,0,0.0,0.0,0.8433580271070111,1.0,935.0,899.25,160.0,1.7999999999999998,3,0
1343,123,0,0.0,0.0,0.8433580271070111,1.0,935.0,935.0,160.0,1.9999999999999998,3,0
1344,122,0,0.0,0.0,0.8433580271070111,1.0,935.0,935.0,160.0,1.9999999999999998,3,0
1345,121,0,0.0,0.0,0.8403155887826756,1.0,935.0,935.0,160.0,1.9999999999999998,3,0
1346,121,0,0.0,0.0,0.8403155887826756,1.0,935.0,935.0,160.0,1.4,2,0
1347,120,0,0.0,0.0,0.8403155887826756,1.0,935.0,935.0,160.0,1.7999999999999998,3,0
1348,121,1,0.0,1.4055555555555554,0.8403155887826756,1.0,935.0,935.0,160.0,1.7999999999999998,3,0
1349,123,2,0.0,1.4055555555555554,0.8403155887826756,1.0,935.0,935.0,160.0,1.5999999999999999,3,0
1350,124,1,0.0,1.4055555555555554,0.837885465089653,1.0,935.0,935.0,160.0,1.5999999999999999,3,0
1351,125,1,0.0,1.4055555555555554,0.837885465089653,1.0,935.0,935.0,160.0,1.4,2,0
1352,126,0,0.0,0.0,0.837885465089653,1.0,935.0,935.0,160.0,1.4,2,0
1353,125,0,0.0,0.0,0.837885465089653,1.0,935.0,935.0,160.0,1.4,2,0
1354,123,0,0.0,0.0,0.837885465089653,1.0,990.0,954.25,160.0,1.4,2,0
1355,124,2,10.0,30.766666666666666,0.8344985997852044,1.0,990.0,990.0,160.0,1.2,2,0
1356,125,0,0.0,0.0,0.8344985997852044,1.0,990.0,990.0,160.0,1.5999999999999999,3,0
1357,125,1,10.0,38.766666666666666,0.8344985997852044,1.0,990.0,990.0,160.0,1.9999999999999998,3,0
1358,126,1,10.0,38.766666666666666,0.8344985997852044,1.0,990.0,990.0,160.0,1.7999999999999998,3,0
1359,126,0,0.0,0.0,0.8344985997852044,1.0,990.0,990.0,160.0,1.9999999999999998,3,0
1360,127,1,10.0,38.766666666666666,0.8319345322665819,1.0,990.0,990.0,160.0,1.9999999999999998,3,0
1361,129,1,10.0,38.766666666666666,0.8319345322665819,1.0,990.0,990.0,160.0,2.1999999999999997,4,0
1362,129,0,0.0,0.0,0.8319345322665819,1.0,990.0,990.0,160.0,2.1999999999999997,4,0
1363,130,1,10.0,38.766666666666666,0.8319345322665819,1.0,990.0,990.0,160.0,2.6,5,0
1364,131,0,0.0,0.0,0.8319345322665819,1.0,935.0,970.75,160.0,2.4,4,0
1365,132,1,0.0,38.766666666666666,0.8286050714588187,1.0,935.0,935.0,160.0,2.4,4,0
1366,132,0,0.0,0.0,0.8286050714588187,1.0,935.0,935.0,160.0,2.6,5,0
1367,132,0,0.0,0.0,0.8286050714588187,1.0,880.0,915.75,160.0,2.4,4,0
1368,132,0,0.0,0.0,0.8286050714588187,1.0,880.0,880.0,160.0,2.4,4,0
1369,133,1,0.0,30.766666666666666,0.8286050714588187,1.0,880.0,880.0,160.0,2.4,4,0
1370,133,0,0.0,0.0,0.825773116288997,1.0,825.0,860.75,160.0,2.4,4,0
1371,133,0,0.0,0.0,0.825773116288997,1.0,825.0,825.0,160.0,2.1999999999999997,4,0
1372,134,0,0.0,0.0,0.825773116288997,1.0,825.0,825.0,160.0,2.1999999999999997,4,0
1373,134,0,0.0,0.0,0.825773116288997,1.0,770.0,805.75,160.0,1.9999999999999998,3,0
1374,135,0,0.0,0.0,0.825773116288997,1.0,770.0,770.0,160.0,1.9999999999999998,3,0
1375,135,0,0.0,0.0,0.8234195319248885,1.0,715.0,750.75,160.0,1.7999999999999998,3,0
1376,135,0,0.0,0.0,0.8234195319248885,1.0,715.0,715.0,160.0,1.7999999999999998,3,0
1377,134,0,0.0,0.0,0.8234195319248885,1.0,715.0,715.0,160.0,1.7999999999999998,3,0
1378,134,0,0.0,0.0,0.8234195319248885,1.0,770.0,734.25,160.0,2.1999999999999997,4,0
1379,134,1,0.0,14.766666666666666,0.8234195319248885,1.0,770.0,770.0,160.0,1.9999999999999998,3,0
1380,133,0,0.0,0.0,0.8163045373714539,1.0,825.0,789.25,160.0,2.1999999999999997,4,0
1381,132,0,0.0,0.0,0.8163045373714539,1.0,825.0,825.0,160.0,1.9999999999999998,3,0
1382,132,0,0.0,0.0,0.8163045373714539,1.0,770.0,805.75,160.0,1.5999999999999999,3,0
1383,133,2,0.0,14.766666666666666,0.8163045373714539,1.0,770.0,770.0,160.0,1.7999999999999998,3,0
1384,131,0,0.0,0.0,0.8163045373714539,1.0,770.0,770.0,160.0,1.5999999999999999,3,0
1385,132,1,0.0,14.766666666666666,0.8144484586452869,1.0,880.0,808.5,160.0,1.5999999999999999,3,0
1386,133,1,0.0,14.766666666666666,0.8144484586452869,1.0,880.0,880.0,160.0,1.5999999999999999,3,0
1387,132,0,0.0,0.0,0.8324484586452869,1.0,660.0,803.0,145.6,1.2,2,0
1388,131,0,0.0,0.0,0.8324484586452869,1.0,715.0,679.25,145.6,1.4,2,0
1389,131,0,0.0,0.0,0.8324484586452869,1.0,715.0,715.0,145.6,1.4,2,0
1390,131,0,0.0,0.0,0.8308602675703194,1.0,605.0,676.5,145.6,1.0,2,0
1391,131,0,0.0,0.0,0.8308602675703194,1.0,605.0,605.0,145.6,1.0,2,0
1392,132,1,0.0,0.0,0.8308602675703194,1.0,605.0,605.0,145.6,1.0,2,0
1393,131,0,0.0,0.0,0.8308602675703194,1.0,605.0,605.0,145.6,1.0,2,0
1394,131,0,0.0,0.0,0.8308602675703194,1.0,660.0,624.25,145.6,1.0,2,0
1395,134,2,0.0,0.0,0.8283727393806113,1.0,660.0,660.0,145.6,1.0,2,0
1396,135,1,0.0,0.0,0.8283727393806113,1.0,605.0,640.75,145.6,1.0,2,0
1397,135,0,0.0,0.0,0.8422477393806111,1.0,495.0,566.5,126.0,0.6000000000000001,1,0
1398,134,0,0.0,0.0,0.8247477393806111,1.0,495.0,495.0,140.0,0.6000000000000001,1,0
1399,134,0,0.0,0.0,0.8353727393806112,1.0,550.0,514.25,140.0,0.8,1,0
1400,133,0,0.0,0.0,0.8152895370297603,1.0,550.0,550.0,154.0,1.0,2,0
1401,132,1,0.0,0.0,0.8077895370297603,1.0,605.0,569.25,160.0,1.2,2,0
1402,132,0,0.0,0.0,0.8077895370297603,1.0,715.0,643.5,160.0,1.4,2,0
1403,132,0,0.0,0.0,0.8077895370297603,1.0,660.0,695.75,160.0,1.2,2,0
1404,132,0,0.0,0.0,0.8152895370297603,1.0,605.0,640.75,154.0,1.2,2,0
1405,132,0,0.0,0.0,0.8234933571623375,1.0,550.0,585.75,145.6,1.4,2,0
1406,132,0,0.0,0.0,0.8129933571623374,1.0,550.0,550.0,154.0,1.5999999999999999,3,0
1407,131,0,0.0,0.0,0.8234933571623375,1.0,550.0,550.0,145.6,1.4,2,0
1408,132,1,0.0,1.4055555555555554,0.8129933571623374,1.0,605.0,569.25,154.0,1.5999999999999999,3,0
1409,132,0,0.0,0.0,0.8129933571623374,1.0,605.0,605.0,154.0,1.5999999999999999,3,0
1410,132,1,0.0,1.4055555555555554,0.8031589076304575,1.0,605.0,605.0,160.0,1.5999999999999999,3,0
1411,131,0,0.0,0.0,0.8031589076304575,1.0,660.0,624.25,160.0,1.5999999999999999,3,0
1412,132,1,0.0,1.4055555555555554,0.8031589076304575,1.0,660.0,660.0,160.0,1.5999999999999999,3,0
1413,132,0,0.0,0.0,0.8031589076304575,1.0,660.0,660.0,160.0,1.5999999999999999,3,0
1414,132,0,0.0,0.0,0.8031589076304575,1.0,660.0,660.0,160.0,1.7999999999999998,3,0
1415,133,1,0.0,1.4055555555555554,0.8006139749440637,1.0,660.0,660.0,160.0,1.7999999999999998,3,0
1416,133,0,0.0,0.0,0.8006139749440637,1.0,660.0,660.0,160.0,1.7999999999999998,3,0
1417,134,1,0.0,1.4055555555555554,0.8006139749440637,1.0,660.0,660.0,160.0,1.7999999999999998,3,0
1418,134,0,0.0,0.0,0.8081139749440637,1.0,605.0,640.75,154.0,1.5999999999999999,3,0
1419,135,1,0.0,0.0,0.8186139749440637,1.0,605.0,605.0,145.6,1.4,2,0
1420,136,1,0.0,0.0,0.8054733680965273,0.9979733680965273,605.0,605.0,154.0,1.5999999999999999,3,0
1421,136,0,0.0,0.0,0.8179733680965273,0.9979733680965273,550.0,585.75,144.0,1.4,2,0
1422,137,1,0.0,0.0,0.8179733680965273,0.9979733680965273,550.0,550.0,144.0,1.4,2,0
1423,137,0,0.0,0.0,0.8129733680965272,0.9979733680965273,440.0,511.5,112.0,1.0,2,0
1424,136,0,0.0,0.0,0.8015408680965272,0.9979733680965273,440.0,440.0,121.146,1.0,2,0
1425,136,0,0.0,0.0,0.827724401719161,0.995849401719161,495.0,459.25,126.0,1.2,2,0
1426,137,1,0.0,0.0,0.8128281517191609,0.995849401719161,495.0,495.0,137.917,1.2,2,0
1427,134,0,0.0,0.0,0.8128281517191609,0.995849401719161,495.0,495.0,137.917,1.0,2,0
1428,135,1,0.0,0.0,0.8158494017191611,0.995849401719161,660.0,552.75,144.0,1.0,2,0
1429,135,0,0.0,0.0,0.8158494017191611,0.995849401719161,660.0,660.0,144.0,1.0,2,0
1430,134,0,0.0,0.0,0.8135149521872811,0.993514952187281,660.0,660.0,144.0,1.2,2,0
1431,136,2,0.0,0.0,0.818514952187281,0.993514952187281,605.0,640.75,140.0,1.0,2,0
1432,136,0,0.0,0.0,0.818514952187281,0.993514952187281,605.0,605.0,140.0,1.0,2,0
1433,133,0,0.0,0.0,0.8157299521872811,0.993514952187281,605.0,605.0,142.228,1.0,2,0
1434,132,0,0.0,0.0,0.8157299521872811,0.993514952187281,770.0,662.75,142.228,1.2,2,0
1435,131,0,0.0,0.0,0.8109317498364303,0.9909317498364303,770.0,770.0,144.0,1.0,2,0
1436,131,1,0.0,0.0,0.8109317498364303,0.9909317498364303,825.0,789.25,144.0,1.2,2,0
1437,131,0,0.0,0.0,0.8109317498364303,0.9909317498364303,880.0,844.25,144.0,1.4,2,0
1438,131,0,0.0,0.0,0.8109317498364303,0.9909317498364303,880.0,880.0,144.0,1.4,2,0
1439,131,0,0.0,0.0,0.7909317498364303,0.9909317498364303,880.0,880.0,160.0,1.4,2,0
