minute,active_evs,routed_now,lava_wait_min,baseline_wait_min,grid_stress,baseline_grid_stress,actual_kw,forecast_kw,v2g_kw,v2g_supplied_kwh,v2g_credits_awarded,credit_ledger_transactions
0,1,1,0.0,0.0,0.6147850748308618,0.6147850748308618,0.0,0.0,0.0,0.0,0,0
1,1,0,0.0,0.0,0.6147850748308618,0.6147850748308618,0.0,0.0,0.0,0.0,0,0
2,1,0,0.0,0.0,0.6147850748308618,0.6147850748308618,0.0,0.0,0.0,0.0,0,0
3,1,0,0.0,0.0,0.6147850748308618,0.6147850748308618,0.0,0.0,0.0,0.0,0,0
4,0,0,0.0,0.0,0.6147850748308618,0.6147850748308618,0.0,0.0,0.0,0.0,0,0
5,0,0,0.0,0.0,0.6483564118772638,0.6545439118772637,55.0,19.25,0.0,0.0,0,0
6,0,0,0.0,0.0,0.6483564118772638,0.6545439118772637,55.0,55.0,0.0,0.0,0,0
7,0,0,0.0,0.0,0.6483564118772638,0.6545439118772637,55.0,55.0,0.0,0.0,0,0
8,1,1,0.0,0.0,0.6483564118772638,0.6545439118772637,55.0,55.0,0.0,0.0,0,0
9,2,0,0.0,0.0,0.6483564118772638,0.6545439118772637,55.0,55.0,0.0,0.0,0,0
10,2,0,0.0,0.0,0.6549005244994192,0.6610880244994191,55.0,55.0,0.0,0.0,0,0
11,3,1,0.0,0.0,0.6549005244994192,0.6610880244994191,55.0,55.0,0.0,0.0,0,0
12,4,1,0.0,0.0,0.6549005244994192,0.6610880244994191,55.0,55.0,0.0,0.0,0,0
13,4,0,0.0,0.0,0.6549005244994192,0.6610880244994191,55.0,55.0,0.0,0.0,0,0
14,4,0,0.0,0.0,0.6549005244994192,0.6610880244994191,55.0,55.0,0.0,0.0,0,0
15,4,0,0.0,0.0,0.6489878613408051,0.655175361340805,55.0,55.0,0.0,0.0,0,0
16,4,0,0.0,0.0,0.6489878613408051,0.655175361340805,55.0,55.0,0.0,0.0,0,0
17,4,1,0.0,0.0,0.6489878613408051,0.655175361340805,55.0,55.0,0.0,0.0,0,0
18,5,1,0.0,0.0,0.683362861340805,0.6957378613408051,110.0,74.25,0.0,0.0,0,0
19,5,0,0.0,0.0,0.683362861340805,0.6957378613408051,110.0,110.0,0.0,0.0,0,0
20,6,1,0.0,0.0,0.6873429064443382,0.6997179064443382,110.0,110.0,0.0,0.0,0,0
21,6,0,0.0,0.0,0.6873429064443382,0.6997179064443382,110.0,110.0,0.0,0.0,0,0
22,7,2,0.0,0.0,0.6873429064443382,0.6997179064443382,110.0,110.0,0.0,0.0,0,0
23,7,0,0.0,0.0,0.7217179064443382,0.7402804064443381,165.0,129.25,0.0,0.0,0,0
24,7,0,0.0,0.0,0.7217179064443382,0.7402804064443381,165.0,165.0,0.0,0.0,0,0
25,7,1,0.0,0.0,0.7178718051664047,0.7364343051664046,165.0,165.0,0.0,0.0,0,0
26,7,0,0.0,0.0,0.7522468051664046,0.7769968051664047,220.0,184.25,0.0,0.0,0,0
27,7,0,0.0,0.0,0.7522468051664046,0.7769968051664047,220.0,220.0,0.0,0.0,0,0
28,7,0,0.0,0.0,0.7522468051664046,0.7769968051664047,220.0,220.0,0.0,0.0,0,0
29,8,1,0.0,0.0,0.7522468051664046,0.7769968051664047,220.0,220.0,0.0,0.0,0,0
30,8,0,0.0,0.0,0.7520363220118909,0.7767863220118909,220.0,220.0,0.0,0.0,0,0
31,9,1,0.0,0.0,0.7176613220118909,0.7362238220118908,165.0,200.75,0.0,0.0,0,0
32,8,0,0.0,0.0,0.7176613220118909,0.7362238220118908,165.0,165.0,0.0,0.0,0,0
33,7,0,0.0,0.0,0.7520363220118909,0.7767863220118909,220.0,184.25,0.0,0.0,0,0
34,9,2,0.0,0.0,0.7864113220118909,0.817348822011891,275.0,239.25,0.0,0.0,0,0
35,12,2,0.0,0.0,0.7839429286544113,0.8148804286544113,275.0,275.0,0.0,0.0,0,0
36,12,1,0.0,0.0,0.7839429286544113,0.8148804286544113,275.0,275.0,0.0,0.0,0,0
37,12,0,0.0,0.0,0.8183179286544113,0.8554429286544113,330.0,294.25,0.0,0.0,0,0
38,11,0,0.0,0.0,0.8183179286544113,0.8554429286544113,330.0,330.0,0.0,0.0,0,0
39,10,0,0.0,0.0,0.8526929286544113,0.8960054286544112,385.0,349.25,0.0,0.0,0,0
40,9,0,0.0,0.0,0.8819397936171667,0.9269397936171666,440.0,404.25,0.0,0.0,0,0
41,8,0,0.0,0.0,0.8819397936171667,0.9269397936171666,440.0,440.0,0.0,0.0,0,0
42,8,0,0.0,0.0,0.9163147936171667,0.9269397936171666,495.0,459.25,0.0,0.0,0,0
43,8,0,0.0,0.0,0.7887097936171668,0.9269397936171666,495.0,495.0,102.084,0.2,0,0
44,9,1,0.0,0.0,0.7887097936171668,0.9269397936171666,495.0,495.0,102.084,0.2,0,0
45,8,0,0.0,0.0,0.7839171308002459,0.9295421308002461,495.0,495.0,108.0,0.2,0,0
46,9,1,0.0,0.0,0.789620880800246,0.9295421308002461,495.0,495.0,103.437,0.4,0,0
47,9,0,0.0,0.0,0.7839171308002459,0.9295421308002461,495.0,495.0,108.0,0.4,0,0
48,9,0,0.0,0.0,0.7839171308002459,0.9295421308002461,495.0,495.0,108.0,0.4,0,0
49,8,0,0.0,0.0,0.7839171308002459,0.9295421308002461,495.0,495.0,108.0,0.4,0,0
50,7,1,0.0,0.0,0.756709962072029,0.9248349620720291,495.0,495.0,126.0,1.0,2,0
51,5,0,0.0,0.0,0.7673349620720291,0.9248349620720291,550.0,514.25,126.0,1.2,2,0
52,4,0,0.0,0.0,0.7673349620720291,0.9248349620720291,550.0,550.0,126.0,1.2,2,0
53,4,0,0.0,0.0,0.7673349620720291,0.9248349620720291,605.0,569.25,126.0,1.4,2,0
54,2,0,0.0,0.0,0.7673349620720291,0.9248349620720291,605.0,605.0,126.0,1.4,2,0
55,2,0,0.0,0.0,0.7678324677099706,0.9253324677099706,660.0,624.25,126.0,1.4,2,0
56,2,0,0.0,0.0,0.7453324677099706,0.9253324677099706,660.0,660.0,144.0,1.4,2,0
57,3,1,0.0,1.4055555555555554,0.7453324677099706,0.9253324677099706,660.0,660.0,144.0,1.4,2,0
58,6,2,0.0,1.4055555555555554,0.7678324677099706,0.9253324677099706,660.0,660.0,126.0,1.2,2,0
59,7,1,0.0,0.0,0.7903324677099706,0.9253324677099706,605.0,640.75,108.0,1.0,2,0
60,8,1,0.0,0.0,0.7691188953294938,0.9266188953294938,605.0,605.0,126.0,1.0,2,0
61,8,0,0.0,0.0,0.7691188953294938,0.9266188953294938,605.0,605.0,126.0,1.2,2,0
62,8,0,0.0,0.0,0.7516188953294938,0.9266188953294938,605.0,605.0,140.0,1.2,2,0
63,9,1,0.0,0.0,0.7466188953294939,0.9266188953294938,605.0,605.0,144.0,1.2,2,0
64,9,1,0.0,0.0,0.7466188953294939,0.9266188953294938,605.0,605.0,144.0,1.2,2,0
65,8,0,0.0,0.0,0.7421796142524761,0.9221796142524761,660.0,624.25,144.0,1.4,2,0
66,9,1,0.0,14.766666666666666,0.7421796142524761,0.9221796142524761,715.0,679.25,144.0,1.5999999999999999,3,0
67,9,0,0.0,0.0,0.7646796142524761,0.9221796142524761,715.0,715.0,126.0,1.2,2,0
68,11,1,0.0,1.4055555555555554,0.7646796142524761,0.9221796142524761,660.0,695.75,126.0,1.0,2,0
69,11,1,0.0,14.766666666666666,0.7646796142524761,0.9221796142524761,715.0,679.25,126.0,1.0,2,0
70,11,0,0.0,0.0,0.7889208839852717,0.9239208839852717,715.0,715.0,108.0,0.8,1,0
71,11,0,0.0,0.0,0.7889208839852717,0.9239208839852717,715.0,715.0,108.0,0.8,1,0
72,11,0,0.0,0.0,0.7913721339852717,0.9239208839852717,715.0,715.0,106.039,0.8,1,0
73,11,0,0.0,0.0,0.7913721339852717,0.9239208839852717,715.0,715.0,106.039,0.8,1,0
74,12,1,0.0,14.766666666666666,0.7913721339852717,0.9239208839852717,715.0,715.0,106.039,0.8,1,0
75,12,0,0.0,0.0,0.790876156400361,0.922504906400361,715.0,715.0,105.303,0.8,1,0
76,14,1,0.0,14.766666666666666,0.790876156400361,0.922504906400361,660.0,695.75,105.303,0.6000000000000001,1,0
77,14,0,0.0,0.0,0.790876156400361,0.922504906400361,660.0,660.0,105.303,0.6000000000000001,1,0
78,16,2,0.0,14.766666666666666,0.790876156400361,0.922504906400361,660.0,660.0,105.303,0.8,1,0
79,19,3,0.0,14.766666666666666,0.787504906400361,0.922504906400361,660.0,660.0,108.0,0.8,1,0
80,20,1,0.0,14.766666666666666,0.7838501534447129,0.9188501534447129,660.0,660.0,108.0,0.8,1,0
81,19,0,0.0,0.0,0.7388501534447129,0.9188501534447129,660.0,660.0,144.0,0.8,1,0
82,20,1,0.0,14.766666666666666,0.7388501534447129,0.9188501534447129,715.0,679.25,144.0,0.8,1,0
83,20,0,0.0,0.0,0.7188501534447129,0.9188501534447129,715.0,715.0,160.0,0.8,1,0
84,20,0,0.0,0.0,0.7188501534447129,0.9188501534447129,660.0,695.75,160.0,1.0,2,0
85,20,0,0.0,0.0,0.7168984005574033,0.9168984005574032,660.0,660.0,160.0,1.2,2,0
86,20,0,0.0,0.0,0.7168984005574033,0.9168984005574032,660.0,660.0,160.0,1.4,2,0
87,18,0,0.0,0.0,0.7168984005574033,0.9168984005574032,660.0,660.0,160.0,1.4,2,0
88,18,0,0.0,0.0,0.7168984005574033,0.9168984005574032,770.0,698.5,160.0,1.5999999999999999,3,0
89,19,0,0.0,0.0,0.7168984005574033,0.9168984005574032,715.0,750.75,160.0,1.4,2,0
90,19,0,0.0,0.0,0.717434175859802,0.9174341758598019,660.0,695.75,160.0,1.4,2,0
91,20,1,0.0,0.0,0.717434175859802,0.9174341758598019,660.0,660.0,160.0,1.5999999999999999,3,0
92,20,0,0.0,0.0,0.717434175859802,0.9174341758598019,660.0,660.0,160.0,1.7999999999999998,3,0
93,19,0,0.0,0.0,0.717434175859802,0.9174341758598019,660.0,660.0,160.0,1.7999999999999998,3,0
94,18,0,0.0,0.0,0.717434175859802,0.9174341758598019,660.0,660.0,160.0,1.7999999999999998,3,0
95,18,0,0.0,0.0,0.7170706140474601,0.91707061404746,715.0,679.25,160.0,1.7999999999999998,3,0
96,18,0,0.0,0.0,0.7170706140474601,0.91707061404746,715.0,715.0,160.0,1.7999999999999998,3,0
97,19,2,0.0,0.0,0.7170706140474601,0.91707061404746,715.0,715.0,160.0,1.9999999999999998,3,0
98,19,0,0.0,0.0,0.7170706140474601,0.91707061404746,715.0,715.0,160.0,1.9999999999999998,3,0
99,19,0,0.0,0.0,0.7170706140474601,0.91707061404746,660.0,695.75,160.0,1.7999999999999998,3,0
100,21,1,0.0,0.0,0.7236330072682623,0.9161330072682623,605.0,640.75,154.0,1.5999999999999999,3,0
101,20,0,0.0,0.0,0.7236330072682623,0.9161330072682623,605.0,605.0,154.0,1.5999999999999999,3,0
102,19,1,0.0,0.0,0.7361330072682624,0.9161330072682623,550.0,585.75,144.0,1.4,2,0
103,16,0,0.0,0.0,0.7361330072682624,0.9161330072682623,660.0,588.5,144.0,1.4,2,0
104,16,1,0.0,0.0,0.7361330072682624,0.9161330072682623,660.0,660.0,144.0,1.4,2,0
105,17,1,0.0,0.0,0.7348892431734082,0.9148892431734081,660.0,660.0,144.0,1.5999999999999999,3,0
106,17,1,0.0,0.0,0.7573892431734082,0.9148892431734081,605.0,640.75,126.0,1.4,2,0
107,15,0,0.0,0.0,0.7573892431734082,0.9148892431734081,605.0,605.0,126.0,1.2,2,0
108,14,1,0.0,1.4055555555555554,0.7573892431734082,0.9148892431734081,660.0,624.25,126.0,1.2,2,0
109,14,0,0.0,0.0,0.7348892431734082,0.9148892431734081,660.0,660.0,144.0,1.2,2,0
110,14,0,0.0,0.0,0.7327078722993565,0.9127078722993565,660.0,660.0,144.0,1.2,2,0
111,14,0,0.0,0.0,0.7552078722993565,0.9127078722993565,660.0,660.0,126.0,1.0,2,0
112,13,0,0.0,0.0,0.7552078722993565,0.9127078722993565,660.0,660.0,126.0,1.2,2,0
113,13,0,0.0,0.0,0.7777078722993565,0.9127078722993565,715.0,679.25,108.0,1.2,2,0
114,14,0,0.0,0.0,0.7874478722993564,0.9127078722993565,660.0,695.75,100.208,0.8,1,0
115,15,1,0.0,14.766666666666666,0.7870593020301019,0.9115980520301019,660.0,660.0,99.631,0.8,1,0
116,15,0,0.0,0.0,0.7870593020301019,0.9115980520301019,660.0,660.0,99.631,0.8,1,0
117,18,3,0.0,14.766666666666666,0.7870593020301019,0.9115980520301019,660.0,660.0,99.631,0.8,1,0
118,18,0,0.0,0.0,0.7870593020301019,0.9115980520301019,660.0,660.0,99.631,0.6000000000000001,1,0
119,17,0,0.0,0.0,0.7765980520301019,0.9115980520301019,660.0,660.0,108.0,0.6000000000000001,1,0
120,17,0,0.0,0.0,0.7800008891312029,0.9150008891312029,715.0,679.25,108.0,0.6000000000000001,1,0
121,17,1,0.0,14.766666666666666,0.7800008891312029,0.9150008891312029,715.0,715.0,108.0,0.6000000000000001,1,0
122,17,1,0.0,14.766666666666666,0.7882508891312029,0.9150008891312029,660.0,695.75,101.4,0.6000000000000001,1,0
123,17,0,0.0,0.0,0.7882508891312029,0.9150008891312029,715.0,679.25,101.4,1.0,2,0
124,18,1,0.0,1.4055555555555554,0.7882508891312029,0.9150008891312029,660.0,695.75,101.4,0.8,1,0
125,17,0,0.0,0.0,0.7879830014800037,0.9147330014800037,660.0,660.0,101.4,0.6000000000000001,1,0
126,17,0,0.0,0.0,0.7881567514800036,0.9147330014800037,715.0,679.25,101.261,0.6000000000000001,1,0
127,17,0,0.0,0.0,0.7881567514800036,0.9147330014800037,715.0,715.0,101.261,0.6000000000000001,1,0
128,17,0,0.0,0.0,0.7572330014800037,0.9147330014800037,715.0,715.0,126.0,0.6000000000000001,1,0
129,18,1,0.0,1.4055555555555554,0.7572330014800037,0.9147330014800037,715.0,715.0,126.0,0.6000000000000001,1,0
130,19,1,0.0,1.4055555555555554,0.7350774284601171,0.9150774284601171,715.0,715.0,144.0,0.6000000000000001,1,0
131,20,1,0.0,1.4055555555555554,0.7350774284601171,0.9150774284601171,715.0,715.0,144.0,0.8,1,0
132,22,1,0.0,1.4055555555555554,0.7150774284601171,0.9150774284601171,715.0,715.0,160.0,0.8,1,0
133,24,2,0.0,1.4055555555555554,0.7150774284601171,0.9150774284601171,715.0,715.0,160.0,1.4,2,0
134,23,0,0.0,0.0,0.7150774284601171,0.9150774284601171,715.0,715.0,160.0,1.4,2,0
135,23,1,0.0,1.4055555555555554,0.7137762598685775,0.9137762598685775,770.0,734.25,160.0,1.5999999999999999,3,0
136,25,2,0.0,1.4055555555555554,0.7137762598685775,0.9137762598685775,880.0,808.5,160.0,1.5999999999999999,3,0
137,23,0,0.0,0.0,0.7137762598685775,0.9137762598685775,880.0,880.0,160.0,1.7999999999999998,3,0
138,23,1,0.0,0.0,0.7337762598685775,0.9137762598685775,880.0,880.0,144.0,1.5999999999999999,3,0
139,23,0,0.0,0.0,0.7337762598685775,0.9137762598685775,825.0,860.75,144.0,1.4,2,0
140,23,1,0.0,0.0,0.713106540740579,0.913106540740579,825.0,825.0,160.0,1.5999999999999999,3,0
141,24,1,0.0,0.0,0.713106540740579,0.913106540740579,880.0,844.25,160.0,1.5999999999999999,3,0
142,21,0,0.0,0.0,0.713106540740579,0.913106540740579,825.0,860.75,160.0,1.4,2,0
143,21,0,0.0,0.0,0.713106540740579,0.913106540740579,935.0,863.5,160.0,1.4,2,0
144,20,0,0.0,0.0,0.713106540740579,0.913106540740579,935.0,935.0,160.0,1.5999999999999999,3,0
145,18,0,0.0,0.0,0.7123985519481237,0.9123985519481237,935.0,935.0,160.0,1.5999999999999999,3,0
146,17,0,0.0,0.0,0.7123985519481237,0.9123985519481237,990.0,954.25,160.0,1.4,2,0
147,17,0,0.0,0.0,0.7123985519481237,0.9123985519481237,990.0,990.0,160.0,1.5999999999999999,3,0
148,16,0,0.0,0.0,0.7123985519481237,0.9123985519481237,990.0,990.0,160.0,1.7999999999999998,3,0
149,16,0,0.0,0.0,0.7123985519481237,0.9123985519481237,990.0,990.0,160.0,1.5999999999999999,3,0
150,16,1,10.0,14.766666666666666,0.7112695968466407,0.9112695968466407,990.0,990.0,160.0,1.7999999999999998,3,0
151,14,0,0.0,0.0,0.7112695968466407,0.9112695968466407,990.0,990.0,160.0,1.9999999999999998,3,0
152,13,0,0.0,0.0,0.7112695968466407,0.9112695968466407,990.0,990.0,160.0,1.7999999999999998,3,0
153,13,0,0.0,0.0,0.7112695968466407,0.9112695968466407,990.0,990.0,160.0,1.7999999999999998,3,0
154,12,0,0.0,0.0,0.7112695968466407,0.9112695968466407,990.0,990.0,160.0,1.7999999999999998,3,0
155,12,0,0.0,0.0,0.7103702597318999,0.9103702597318999,990.0,990.0,160.0,1.9999999999999998,3,0
156,13,1,18.0,22.766666666666666,0.7103702597318999,0.9103702597318999,990.0,990.0,160.0,1.7999999999999998,3,0
157,13,0,0.0,0.0,0.7103702597318999,0.9103702597318999,990.0,990.0,160.0,2.1999999999999997,4,0
158,13,0,0.0,0.0,0.7103702597318999,0.9103702597318999,990.0,990.0,160.0,2.4,4,0
159,13,0,0.0,0.0,0.7103702597318999,0.9103702597318999,990.0,990.0,160.0,2.1999999999999997,4,0
160,14,1,0.0,1.4055555555555554,0.7099875630873296,0.9099875630873295,935.0,970.75,160.0,2.1999999999999997,4,0
161,14,0,0.0,0.0,0.7099875630873296,0.9099875630873295,935.0,935.0,160.0,1.9999999999999998,3,0
162,13,0,0.0,0.0,0.7099875630873296,0.9099875630873295,935.0,935.0,160.0,1.9999999999999998,3,0
163,15,2,10.0,14.766666666666666,0.7099875630873296,0.9099875630873295,990.0,954.25,160.0,1.9999999999999998,3,0
164,15,0,0.0,0.0,0.7099875630873296,0.9099875630873295,990.0,990.0,160.0,2.1999999999999997,4,0
165,14,0,0.0,0.0,0.7096622709394447,0.9096622709394446,935.0,970.75,160.0,1.7999999999999998,3,0
166,14,0,0.0,0.0,0.7096622709394447,0.9096622709394446,990.0,954.25,160.0,1.7999999999999998,3,0
167,14,0,0.0,0.0,0.7096622709394447,0.9096622709394446,990.0,990.0,160.0,1.7999999999999998,3,0
168,14,0,0.0,0.0,0.7096622709394447,0.9096622709394446,990.0,990.0,160.0,1.7999999999999998,3,0
169,13,1,10.0,14.766666666666666,0.7096622709394447,0.9096622709394446,990.0,990.0,160.0,1.9999999999999998,3,0
170,15,2,26.0,30.766666666666666,0.708877742818075,0.908877742818075,990.0,990.0,160.0,1.9999999999999998,3,0
171,15,0,0.0,0.0,0.708877742818075,0.908877742818075,990.0,990.0,160.0,2.6,5,0
172,16,0,0.0,0.0,0.708877742818075,0.908877742818075,990.0,990.0,160.0,2.666666666666667,5,0
173,16,0,0.0,0.0,0.708877742818075,0.908877742818075,990.0,990.0,160.0,1.9999999999999998,3,0
174,15,0,0.0,0.0,0.708877742818075,0.908877742818075,990.0,990.0,160.0,2.1999999999999997,4,0
175,14,0,0.0,0.0,0.7069833944274511,0.906983394427451,990.0,990.0,160.0,2.4,4,0
176,15,1,26.0,30.766666666666666,0.7069833944274511,0.906983394427451,990.0,990.0,160.0,2.4,4,0
177,16,1,18.0,30.766666666666666,0.7069833944274511,0.906983394427451,990.0,990.0,160.0,1.9999999999999998,3,0
178,16,0,0.0,0.0,0.7069833944274511,0.906983394427451,990.0,990.0,160.0,1.9999999999999998,3,0
179,17,0,0.0,0.0,0.7069833944274511,0.906983394427451,990.0,990.0,160.0,1.9999999999999998,3,0
180,18,1,26.0,30.766666666666666,0.7134358134925094,0.9134358134925094,990.0,990.0,160.0,2.1999999999999997,4,0
181,17,0,0.0,0.0,0.7134358134925094,0.9134358134925094,990.0,990.0,160.0,2.1999999999999997,4,0
182,17,0,0.0,0.0,0.7134358134925094,0.9134358134925094,990.0,990.0,160.0,2.4,4,0
183,18,1,10.0,38.766666666666666,0.7134358134925094,0.9134358134925094,990.0,990.0,160.0,2.4,4,0
184,19,0,0.0,0.0,0.7134358134925094,0.9134358134925094,990.0,990.0,160.0,2.4,4,0
185,18,0,0.0,0.0,0.7140863977882792,0.9140863977882792,990.0,990.0,160.0,2.4,4,0
186,20,0,0.0,0.0,0.7140863977882792,0.9140863977882792,935.0,970.75,160.0,1.7999999999999998,3,0
187,20,0,0.0,0.0,0.7140863977882792,0.9140863977882792,935.0,935.0,160.0,1.7999999999999998,3,0
188,22,2,0.0,46.766666666666666,0.7140863977882792,0.9140863977882792,935.0,935.0,160.0,1.9999999999999998,3,0
189,22,0,0.0,0.0,0.7140863977882792,0.9140863977882792,935.0,935.0,160.0,1.9999999999999998,3,0
190,22,0,0.0,0.0,0.715464105708733,0.9154641057087329,825.0,896.5,160.0,1.5999999999999999,3,0
191,22,0,0.0,0.0,0.715464105708733,0.9154641057087329,770.0,805.75,160.0,1.4,2,0
192,22,0,0.0,0.0,0.715464105708733,0.9154641057087329,770.0,770.0,160.0,1.4,2,0
193,22,0,0.0,0.0,0.715464105708733,0.9154641057087329,770.0,770.0,160.0,1.5999999999999999,3,0
194,22,0,0.0,0.0,0.715464105708733,0.9154641057087329,770.0,770.0,160.0,1.5999999999999999,3,0
195,22,0,0.0,0.0,0.7161146900045028,0.9161146900045027,770.0,770.0,160.0,1.4,2,0
196,22,0,0.0,0.0,0.7586146900045028,0.9161146900045027,715.0,750.75,126.0,1.0,2,0
197,23,1,0.0,22.766666666666666,0.7811146900045027,0.9161146900045027,660.0,695.75,108.0,1.0,2,0
198,24,1,0.0,22.766666666666666,0.7411146900045027,0.9161146900045027,660.0,660.0,140.0,1.0,2,0
199,24,0,0.0,0.0,0.7411146900045027,0.9161146900045027,660.0,660.0,140.0,1.2,2,0
200,24,0,0.0,0.0,0.7753684315475903,0.9153684315475903,550.0,621.5,112.0,0.8,1,0
201,25,2,0.0,22.766666666666666,0.7403684315475902,0.9153684315475903,550.0,550.0,140.0,0.8,1,0
202,25,0,0.0,0.0,0.7353684315475904,0.9153684315475903,605.0,569.25,144.0,0.8,1,0
203,26,0,0.0,0.0,0.7578684315475903,0.9153684315475903,660.0,624.25,126.0,1.0,2,0
204,25,0,0.0,0.0,0.7353684315475904,0.9153684315475903,660.0,660.0,144.0,1.0,2,0
205,26,1,0.0,14.766666666666666,0.7582319933599324,0.9157319933599324,660.0,660.0,126.0,0.8,1,0
206,26,0,0.0,0.0,0.7582319933599324,0.9157319933599324,660.0,660.0,126.0,1.2,2,0
207,26,0,0.0,0.0,0.7357319933599324,0.9157319933599324,660.0,660.0,144.0,1.2,2,0
208,26,0,0.0,0.0,0.7357319933599324,0.9157319933599324,660.0,660.0,144.0,1.2,2,0
209,26,0,0.0,0.0,0.7357319933599324,0.9157319933599324,660.0,660.0,144.0,1.2,2,0
210,26,0,0.0,0.0,0.7356745888632468,0.9156745888632467,660.0,660.0,144.0,1.4,2,0
211,26,0,0.0,0.0,0.7581745888632467,0.9156745888632467,605.0,640.75,126.0,1.2,2,0
212,25,0,0.0,0.0,0.7581745888632467,0.9156745888632467,660.0,624.25,126.0,1.4,2,0
213,25,0,0.0,0.0,0.7581745888632467,0.9156745888632467,715.0,679.25,126.0,1.4,2,0
214,25,0,0.0,0.0,0.7581745888632467,0.9156745888632467,715.0,715.0,126.0,1.4,2,0
215,25,0,0.0,0.0,0.7575622742319341,0.9150622742319341,715.0,715.0,126.0,1.4,2,0
216,25,2,0.0,1.4055555555555554,0.7800622742319341,0.9150622742319341,605.0,676.5,108.0,1.0,2,0
217,25,0,0.0,0.0,0.7800622742319341,0.9150622742319341,660.0,624.25,108.0,0.8,1,0
218,24,0,0.0,0.0,0.7800622742319341,0.9150622742319341,660.0,660.0,108.0,0.8,1,0
219,23,0,0.0,0.0,0.7575622742319341,0.9150622742319341,715.0,679.25,126.0,0.8,1,0
220,23,0,0.0,0.0,0.7345839034262209,0.9145839034262209,715.0,715.0,144.0,0.8,1,0
221,24,0,0.0,0.0,0.7345839034262209,0.9145839034262209,715.0,715.0,144.0,0.8,1,0
222,24,0,0.0,0.0,0.7570839034262209,0.9145839034262209,660.0,695.75,126.0,0.8,1,0
223,24,0,0.0,0.0,0.7345839034262209,0.9145839034262209,660.0,660.0,144.0,0.8,1,0
224,24,0,0.0,0.0,0.7570839034262209,0.9145839034262209,605.0,640.75,126.0,0.8,1,0
225,25,1,0.0,0.0,0.7570073640973067,0.9145073640973067,605.0,605.0,126.0,1.2,2,0
226,26,1,0.0,0.0,0.7570073640973067,0.9145073640973067,605.0,605.0,126.0,1.2,2,0
227,26,0,0.0,0.0,0.7570073640973067,0.9145073640973067,605.0,605.0,126.0,1.2,2,0
228,26,0,0.0,0.0,0.7570073640973067,0.9145073640973067,605.0,605.0,126.0,1.4,2,0
229,26,0,0.0,0.0,0.7570073640973067,0.9145073640973067,605.0,605.0,126.0,1.4,2,0
230,26,1,0.0,0.0,0.7797178472518205,0.9147178472518205,550.0,585.75,108.0,1.2,2,0
231,25,0,0.0,0.0,0.7797178472518205,0.9147178472518205,605.0,569.25,108.0,1.2,2,0
232,26,1,0.0,14.766666666666666,0.7347178472518205,0.9147178472518205,715.0,643.5,144.0,1.2,2,0
233,28,3,0.0,14.766666666666666,0.7347178472518205,0.9147178472518205,715.0,715.0,144.0,1.2,2,0
234,28,0,0.0,0.0,0.7347178472518205,0.9147178472518205,715.0,715.0,144.0,1.2,2,0
235,27,0,0.0,0.0,0.734736982084049,0.914736982084049,715.0,715.0,144.0,1.2,2,0
236,29,2,0.0,22.766666666666666,0.734736982084049,0.914736982084049,715.0,715.0,144.0,1.2,2,0
237,30,1,0.0,22.766666666666666,0.757236982084049,0.914736982084049,715.0,715.0,126.0,1.2,2,0
238,30,0,0.0,0.0,0.714736982084049,0.914736982084049,715.0,715.0,160.0,1.4,2,0
239,31,1,0.0,22.766666666666666,0.714736982084049,0.914736982084049,715.0,715.0,160.0,1.4,2,0
240,32,0,0.0,0.0,0.723059522995968,0.9230595229959679,715.0,715.0,160.0,1.4,2,0
241,32,0,0.0,0.0,0.723059522995968,0.9230595229959679,715.0,715.0,160.0,1.2,2,0
242,33,1,0.0,14.766666666666666,0.723059522995968,0.9230595229959679,715.0,715.0,160.0,1.4,2,0
243,33,0,0.0,0.0,0.723059522995968,0.9230595229959679,715.0,715.0,160.0,1.5999999999999999,3,0
244,33,0,0.0,0.0,0.723059522995968,0.9230595229959679,715.0,715.0,160.0,1.7999999999999998,3,0
245,34,1,0.0,1.4055555555555554,0.7443989612519648,0.9243989612519647,660.0,695.75,144.0,1.5999999999999999,3,0
246,34,0,0.0,0.0,0.7443989612519648,0.9243989612519647,660.0,660.0,144.0,1.5999999999999999,3,0
247,35,1,0.0,1.4055555555555554,0.7443989612519648,0.9243989612519647,660.0,660.0,144.0,1.5999999999999999,3,0
248,35,0,0.0,0.0,0.7668989612519648,0.9243989612519647,550.0,621.5,126.0,1.2,2,0
249,36,1,0.0,1.4055555555555554,0.7668989612519648,0.9243989612519647,550.0,550.0,126.0,1.2,2,0
250,37,1,0.0,0.0,0.757594264675733,0.9257192646757328,495.0,530.75,126.0,1.0,2,0
251,37,0,0.0,0.0,0.757594264675733,0.9257192646757328,495.0,495.0,126.0,1.0,2,0
252,39,2,0.0,0.0,0.7457192646757329,0.9257192646757328,440.0,475.75,108.0,0.8,1,0
253,40,1,0.0,0.0,0.7457192646757329,0.9257192646757328,440.0,440.0,108.0,0.8,1,0
254,40,0,0.0,0.0,0.7457192646757329,0.9257192646757328,440.0,440.0,108.0,1.2,2,0
255,40,0,0.0,0.0,0.7245139838037313,0.8903264838037313,385.0,420.75,98.0,1.0,2,0
256,40,0,0.0,0.0,0.7245139838037313,0.8903264838037313,385.0,385.0,98.0,1.0,2,0
257,36,0,0.0,0.0,0.6901389838037313,0.8497639838037313,330.0,365.75,98.0,1.0,2,0
258,36,1,0.0,0.0,0.7688889838037313,0.9263889838037314,440.0,368.5,90.0,0.6000000000000001,1,0
259,35,0,0.0,0.0,0.7885177338037312,0.9263889838037314,495.0,459.25,101.797,0.6000000000000001,1,0
260,35,0,0.0,0.0,0.7925176467573293,0.9271926467573293,550.0,514.25,107.74,0.8,1,0
261,34,0,0.0,0.0,0.7921926467573293,0.9271926467573293,550.0,550.0,108.0,1.2,2,0
262,34,0,0.0,0.0,0.7921926467573293,0.9271926467573293,605.0,569.25,108.0,1.2,2,0
263,33,0,0.0,0.0,0.7921926467573293,0.9271926467573293,605.0,605.0,108.0,1.2,2,0
264,32,0,0.0,0.0,0.7921926467573293,0.9271926467573293,660.0,624.25,108.0,1.2,2,0
265,32,1,0.0,1.4055555555555554,0.7926980372274994,0.9277092872274995,715.0,679.25,108.009,1.2,2,0
266,32,1,0.0,1.4055555555555554,0.7926980372274994,0.9277092872274995,715.0,715.0,108.009,1.2,2,0
267,32,0,0.0,0.0,0.7926980372274994,0.9277092872274995,660.0,695.75,108.009,1.0,2,0
268,33,0,0.0,0.0,0.7477092872274995,0.9277092872274995,660.0,660.0,144.0,1.0,2,0
269,32,0,0.0,0.0,0.7477092872274995,0.9277092872274995,660.0,660.0,144.0,1.0,2,0
270,33,0,0.0,0.0,0.7707259276976697,0.9282259276976697,660.0,660.0,126.0,0.8,1,0
271,36,3,0.0,1.4055555555555557,0.7482259276976697,0.9282259276976697,660.0,660.0,144.0,0.8,1,0
272,35,0,0.0,0.0,0.7482259276976697,0.9282259276976697,660.0,660.0,144.0,1.0,2,0
273,35,1,0.0,1.4055555555555554,0.7707259276976697,0.9282259276976697,605.0,640.75,126.0,1.0,2,0
274,35,0,0.0,0.0,0.7707259276976697,0.9282259276976697,605.0,605.0,126.0,1.2,2,0
275,34,0,0.0,0.0,0.7721036356181235,0.9296036356181234,605.0,605.0,126.0,1.4,2,0
276,33,0,0.0,0.0,0.7721036356181235,0.9296036356181234,605.0,605.0,126.0,1.4,2,0
277,33,0,0.0,0.0,0.7721036356181235,0.9296036356181234,605.0,605.0,126.0,1.4,2,0
278,34,1,0.0,1.4055555555555554,0.7721036356181235,0.9296036356181234,605.0,605.0,126.0,1.4,2,0
279,35,1,0.0,1.4055555555555554,0.7721036356181235,0.9296036356181234,605.0,605.0,126.0,1.4,2,0
280,35,0,0.0,0.0,0.7733473997129776,0.9308473997129776,605.0,605.0,126.0,1.2,2,0
281,34,0,0.0,0.0,0.7937961497129775,0.9308473997129776,550.0,585.75,109.641,0.8,1,0
282,34,0,0.0,0.0,0.7852223997129775,0.9308473997129776,495.0,530.75,108.0,0.6000000000000001,1,0
283,34,0,0.0,0.0,0.7733473997129775,0.9308473997129776,440.0,475.75,90.0,0.4,0,0
284,33,0,0.0,0.0,0.7508473997129775,0.9308473997129776,440.0,440.0,108.0,0.6000000000000001,1,0
285,32,0,0.0,0.0,0.7857199053509192,0.9313449053509191,495.0,459.25,108.0,0.8,1,0
286,31,0,0.0,0.0,0.756344905350919,0.9313449053509191,550.0,514.25,140.0,1.2,2,0
287,30,0,0.0,0.0,0.7513449053509191,0.9313449053509191,605.0,569.25,144.0,1.2,2,0
288,30,0,0.0,0.0,0.7513449053509191,0.9313449053509191,660.0,624.25,144.0,1.4,2,0
289,29,0,0.0,0.0,0.7513449053509191,0.9313449053509191,660.0,660.0,144.0,1.4,2,0
290,30,1,0.0,0.0,0.7526843436069159,0.9326843436069159,715.0,679.25,144.0,1.4,2,0
291,29,0,0.0,0.0,0.7526843436069159,0.9326843436069159,715.0,715.0,144.0,1.5999999999999999,3,0
292,30,0,0.0,0.0,0.7326843436069159,0.9326843436069159,770.0,734.25,160.0,1.5999999999999999,3,0
293,30,0,0.0,0.0,0.7326843436069159,0.9326843436069159,770.0,770.0,160.0,1.5999999999999999,3,0
294,28,0,0.0,0.0,0.7326843436069159,0.9326843436069159,715.0,750.75,160.0,1.4,2,0
295,28,0,0.0,0.0,0.7332966582382288,0.9332966582382287,825.0,753.5,160.0,1.4,2,0
296,27,0,0.0,0.0,0.7332966582382288,0.9332966582382287,825.0,825.0,160.0,1.4,2,0
297,28,1,0.0,0.0,0.7332966582382288,0.9332966582382287,825.0,825.0,160.0,1.5999999999999999,3,0
298,28,0,0.0,0.0,0.7532966582382288,0.9332966582382287,825.0,825.0,144.0,1.2,2,0
299,28,0,0.0,0.0,0.7532966582382288,0.9332966582382287,825.0,825.0,144.0,1.4,2,0
300,28,0,0.0,0.0,0.7872617054958377,0.9447617054958377,770.0,805.75,126.0,1.0,2,0
301,28,0,0.0,0.0,0.7986667054958377,0.9447617054958377,715.0,750.75,116.876,0.8,1,0
302,27,0,0.0,0.0,0.7872617054958377,0.9447617054958377,715.0,715.0,126.0,1.2,2,0
303,27,0,0.0,0.0,0.7872617054958377,0.9447617054958377,770.0,734.25,126.0,1.2,2,0
304,27,0,0.0,0.0,0.7872617054958377,0.9447617054958377,770.0,770.0,126.0,1.2,2,0
305,27,0,0.0,0.0,0.7686843461026853,0.9486843461026853,770.0,770.0,144.0,1.4,2,0
306,27,0,0.0,0.0,0.7911843461026853,0.9486843461026853,770.0,770.0,126.0,1.2,2,0
307,28,1,0.0,0.0,0.7686843461026853,0.9486843461026853,770.0,770.0,144.0,1.2,2,0
308,28,0,0.0,0.0,0.7686843461026853,0.9486843461026853,770.0,770.0,144.0,1.2,2,0
309,28,0,0.0,0.0,0.7686843461026853,0.9486843461026853,770.0,770.0,144.0,1.4,2,0
310,29,1,0.0,0.0,0.7728366046962751,0.9528366046962751,770.0,770.0,144.0,1.2,2,0
311,29,0,0.0,0.0,0.7728366046962751,0.9528366046962751,770.0,770.0,144.0,1.2,2,0
312,30,1,0.0,0.0,0.7953366046962751,0.9528366046962751,715.0,750.75,126.0,1.2,2,0
313,29,0,0.0,0.0,0.7528366046962751,0.9528366046962751,715.0,715.0,160.0,1.2,2,0
314,28,0,0.0,0.0,0.7528366046962751,0.9528366046962751,770.0,734.25,160.0,1.2,2,0
315,28,0,0.0,0.0,0.7556111553694111,0.9556111553694111,825.0,789.25,160.0,1.4,2,0
316,28,0,0.0,0.0,0.7556111553694111,0.9556111553694111,825.0,825.0,160.0,1.4,2,0
317,28,0,0.0,0.0,0.7556111553694111,0.9556111553694111,825.0,825.0,160.0,1.5999999999999999,3,0
318,27,0,0.0,0.0,0.7556111553694111,0.9556111553694111,715.0,786.5,160.0,1.5999999999999999,3,0
319,27,0,0.0,0.0,0.7556111553694111,0.9556111553694111,770.0,734.25,160.0,1.5999999999999999,3,0
320,27,0,0.0,0.0,0.757141941947693,0.957141941947693,770.0,770.0,160.0,1.5999999999999999,3,0
321,27,0,0.0,0.0,0.757141941947693,0.957141941947693,770.0,770.0,160.0,1.5999999999999999,3,0
322,28,0,0.0,0.0,0.757141941947693,0.957141941947693,770.0,770.0,160.0,1.5999999999999999,3,0
323,30,2,0.0,0.0,0.764641941947693,0.957141941947693,605.0,712.25,154.0,1.2,2,0
324,30,0,0.0,0.0,0.764641941947693,0.957141941947693,605.0,605.0,154.0,1.4,2,0
325,30,0,0.0,0.0,0.7661344588615179,0.9586344588615179,605.0,605.0,154.0,1.5999999999999999,3,0
326,30,0,0.0,0.0,0.790509458861518,0.9586344588615179,495.0,566.5,126.0,1.0,2,0
327,30,0,0.0,0.0,0.790509458861518,0.9586344588615179,495.0,495.0,126.0,1.2,2,0
328,30,0,0.0,0.0,0.790509458861518,0.9586344588615179,495.0,495.0,126.0,1.2,2,0
329,30,0,0.0,0.0,0.790509458861518,0.9586344588615179,495.0,495.0,126.0,1.2,2,0
330,30,0,0.0,0.0,0.7753374589298567,0.9603374589298568,440.0,475.75,112.0,1.2,2,0
331,30,0,0.0,0.0,0.7753374589298567,0.9603374589298568,440.0,440.0,112.0,1.2,2,0
332,30,0,0.0,0.0,0.7584624589298568,0.9242749589298567,385.0,420.75,98.0,1.0,2,0
333,30,0,0.0,0.0,0.7584624589298568,0.9242749589298567,385.0,385.0,98.0,1.0,2,0
334,30,0,0.0,0.0,0.7584624589298568,0.9242749589298567,385.0,385.0,98.0,1.0,2,0
335,30,0,0.0,0.0,0.7606629646361369,0.926475464636137,385.0,385.0,98.0,1.0,2,0
336,31,1,0.0,0.0,0.7606629646361369,0.926475464636137,385.0,385.0,98.0,1.2,2,0
337,32,1,0.0,0.0,0.743787964636137,0.885912964636137,330.0,365.75,84.0,1.0,2,0
338,33,2,0.0,0.0,0.7262879646361369,0.885912964636137,330.0,330.0,98.0,1.0,2,0
339,33,0,0.0,0.0,0.7606629646361369,0.926475464636137,385.0,349.25,98.0,1.0,2,0
340,34,1,0.0,0.0,0.7632653018192164,0.9290778018192163,385.0,385.0,98.0,1.0,2,0
341,34,0,0.0,0.0,0.7632653018192164,0.9290778018192163,385.0,385.0,98.0,1.2,2,0
342,32,0,0.0,0.0,0.7288903018192163,0.8885153018192163,330.0,365.75,98.0,1.0,2,0
343,32,0,0.0,0.0,0.7900490518192164,0.9651403018192164,440.0,368.5,104.073,1.0,2,0
344,32,0,0.0,0.0,0.7780178018192163,0.9290778018192163,385.0,420.75,86.198,0.8,1,0
345,33,1,0.0,0.0,0.7786543608809261,0.9308956108809261,385.0,385.0,87.143,0.8,1,0
346,34,1,0.0,0.0,0.7786543608809261,0.9308956108809261,385.0,385.0,87.143,1.0,2,0
347,34,0,0.0,0.0,0.7786543608809261,0.9308956108809261,385.0,385.0,87.143,1.0,2,0
348,34,0,0.0,0.0,0.7786543608809261,0.9308956108809261,385.0,385.0,87.143,1.0,2,0
349,34,0,0.0,0.0,0.7786543608809261,0.9308956108809261,385.0,385.0,87.143,1.2,2,0
350,35,1,0.0,0.0,0.7792631306137219,0.9326368806137219,385.0,385.0,88.049,1.2,2,0
351,34,0,0.0,0.0,0.7668243806137218,0.9326368806137219,385.0,385.0,98.0,1.2,2,0
352,35,1,0.0,0.0,0.7912943806137219,0.9686993806137218,440.0,404.25,105.924,1.2,2,0
353,33,0,0.0,0.0,0.7886993806137219,0.9686993806137218,440.0,440.0,108.0,1.2,2,0
354,32,0,0.0,0.0,0.8070443806137219,0.9686993806137218,550.0,478.5,129.324,1.2,2,0
355,32,0,0.0,0.0,0.7779597851787462,0.9704597851787462,605.0,569.25,154.0,1.2,2,0
356,35,2,0.0,0.0,0.7779597851787462,0.9704597851787462,605.0,605.0,154.0,1.2,2,0
357,34,0,0.0,0.0,0.7704597851787462,0.9704597851787462,605.0,605.0,160.0,1.2,2,0
358,34,0,0.0,0.0,0.7704597851787462,0.9704597851787462,660.0,624.25,160.0,1.2,2,0
359,34,0,0.0,0.0,0.7779597851787462,0.9704597851787462,605.0,640.75,154.0,1.2,2,0
360,33,0,0.0,0.0,0.8080875638966718,0.9823050638966719,495.0,566.5,130.874,1.2,2,0
361,32,0,0.0,0.0,0.8080875638966718,0.9823050638966719,495.0,495.0,130.874,1.0,2,0
362,31,0,0.0,0.0,0.8118063138966719,0.9823050638966719,550.0,514.25,136.399,1.0,2,0
363,31,0,0.0,0.0,0.8118063138966719,0.9823050638966719,660.0,588.5,136.399,1.2,2,0
364,32,0,0.0,0.0,0.8118063138966719,0.9823050638966719,660.0,660.0,136.399,1.2,2,0
365,33,1,0.0,0.0,0.8137889742363151,0.9879689742363151,605.0,640.75,139.344,1.0,2,0
366,32,0,0.0,0.0,0.8137889742363151,0.9879689742363151,605.0,605.0,139.344,1.2,2,0
367,32,0,0.0,0.0,0.8137889742363151,0.9879689742363151,605.0,605.0,139.344,1.2,2,0
368,33,0,0.0,0.0,0.8137889742363151,0.9879689742363151,605.0,605.0,139.344,1.2,2,0
369,33,0,0.0,0.0,0.8137889742363151,0.9879689742363151,605.0,605.0,139.344,1.2,2,0
370,32,0,0.0,0.0,0.8108966035672796,0.9908966035672795,605.0,605.0,144.0,1.0,2,0
371,33,1,0.0,1.4055555555555554,0.8148141035672795,0.9908966035672795,605.0,605.0,140.866,0.8,1,0
372,33,0,0.0,0.0,0.8108966035672796,0.9908966035672795,605.0,605.0,144.0,1.0,2,0
373,33,0,0.0,0.0,0.8158966035672794,0.9908966035672795,550.0,585.75,140.0,0.8,1,0
374,34,1,0.0,1.4055555555555554,0.8158966035672794,0.9908966035672795,550.0,550.0,140.0,0.8,1,0
375,34,0,0.0,0.0,0.8155037412868174,0.9928674912868174,550.0,550.0,141.891,0.8,1,0
376,35,1,0.0,1.4055555555555554,0.8155037412868174,0.9928674912868174,550.0,550.0,141.891,1.2,2,0
377,35,0,0.0,0.0,0.8155037412868174,0.9928674912868174,550.0,550.0,141.891,1.4,2,0
378,35,0,0.0,0.0,0.8155037412868174,0.9928674912868174,550.0,550.0,141.891,1.4,2,0
379,36,1,0.0,1.4055555555555554,0.8155037412868174,0.9928674912868174,550.0,550.0,141.891,1.4,2,0
380,36,0,0.0,0.0,0.8124082806840701,0.9946470306840702,495.0,530.75,137.291,1.4,2,0
381,37,1,0.0,1.4055555555555554,0.8124082806840701,0.9946470306840702,495.0,495.0,137.291,1.4,2,0
382,37,0,0.0,0.0,0.8124082806840701,0.9946470306840702,495.0,495.0,137.291,1.4,2,0
383,38,1,0.0,1.4055555555555554,0.8124082806840701,0.9946470306840702,495.0,495.0,137.291,1.4,2,0
384,39,1,0.0,1.4055555555555554,0.8124082806840701,0.9946470306840702,495.0,495.0,137.291,1.5999999999999999,3,0
385,39,0,0.0,0.0,0.8130037807524089,0.9963500307524089,495.0,495.0,138.177,1.5999999999999999,3,0
386,40,1,0.0,1.4055555555555554,0.8130037807524089,0.9963500307524089,495.0,495.0,138.177,1.5999999999999999,3,0
387,40,0,0.0,0.0,0.8130037807524089,0.9963500307524089,495.0,495.0,138.177,1.5999999999999999,3,0
388,40,0,0.0,0.0,0.8009725307524089,0.9963500307524089,440.0,475.75,120.302,1.4,2,0
389,41,1,0.0,0.0,0.7769100307524088,0.9197250307524089,330.0,401.5,84.552,1.0,2,0
390,41,0,0.0,0.0,0.7769842639069227,0.9199355139069226,330.0,330.0,84.661,1.0,2,0
391,42,0,0.0,0.0,0.7769842639069227,0.9199355139069226,330.0,330.0,84.661,1.0,2,0
392,43,1,0.0,0.0,0.7769842639069227,0.9199355139069226,330.0,330.0,84.661,1.0,2,0
393,43,0,0.0,0.0,0.7769842639069227,0.9199355139069226,330.0,330.0,84.661,1.0,2,0
394,44,1,0.0,0.0,0.7769842639069227,0.9199355139069226,330.0,330.0,84.661,1.2,2,0
395,44,0,0.0,0.0,0.7777800589421172,0.9222125589421172,330.0,330.0,85.846,1.2,2,0
396,44,0,0.0,0.0,0.7463375589421171,0.8410875589421172,220.0,291.5,56.0,0.8,1,0
397,46,2,0.0,0.0,0.7463375589421171,0.8410875589421172,220.0,220.0,56.0,0.8,1,0
398,46,0,0.0,0.0,0.7463375589421171,0.8410875589421172,220.0,220.0,56.0,0.8,1,0
399,46,0,0.0,0.0,0.7463375589421171,0.8410875589421172,220.0,220.0,56.0,0.8,1,0
400,46,0,0.0,0.0,0.7487294129706827,0.8434794129706827,220.0,220.0,56.0,0.8,1,0
401,46,0,0.0,0.0,0.7487294129706827,0.8434794129706827,220.0,220.0,56.0,0.8,1,0
402,47,1,0.0,0.0,0.7487294129706827,0.8434794129706827,220.0,220.0,56.0,0.8,1,0
403,46,0,0.0,0.0,0.7143544129706827,0.8029169129706827,165.0,200.75,56.0,0.6000000000000001,1,0
404,44,0,0.0,0.0,0.7143544129706827,0.8029169129706827,165.0,165.0,56.0,0.4,0,0
405,44,1,0.0,0.0,0.7496287500854233,0.8443787500854234,220.0,184.25,56.0,0.2,0,0
406,44,0,0.0,0.0,0.7840037500854233,0.8849412500854235,275.0,239.25,56.0,0.2,0,0
407,44,0,0.0,0.0,0.8183787500854234,0.9255037500854234,330.0,294.25,56.0,0.2,0,0
408,43,1,0.0,0.0,0.8183787500854234,0.9255037500854234,330.0,330.0,56.0,0.2,0,0
409,42,0,0.0,0.0,0.8183787500854234,0.9255037500854234,330.0,330.0,56.0,0.2,0,0
410,42,0,0.0,0.0,0.8536339523679355,0.9669464523679354,385.0,349.25,56.0,0.2,0,0
411,43,2,0.0,0.0,0.8192589523679354,0.9263839523679355,330.0,365.75,56.0,0.0,0,0
412,44,0,0.0,0.0,0.8192589523679354,0.9263839523679355,330.0,330.0,56.0,0.0,0,0
413,43,0,0.0,0.0,0.8192589523679354,0.9263839523679355,330.0,330.0,56.0,0.0,0,0
414,43,0,0.0,0.0,0.8536339523679355,0.9669464523679354,385.0,349.25,56.0,0.2,0,0
415,42,0,0.0,0.0,0.8537870310257636,0.9670995310257636,385.0,385.0,56.0,0.2,0,0
416,41,0,0.0,0.0,0.8881620310257636,1.0,440.0,404.25,56.0,0.2,0,0
417,41,0,0.0,0.0,0.8881620310257636,1.0,440.0,440.0,56.0,0.2,0,0
418,41,0,0.0,0.0,0.8881620310257636,1.0,440.0,440.0,56.0,0.2,0,0
419,41,0,0.0,0.0,0.8881620310257636,1.0,440.0,440.0,56.0,0.2,0,0
420,41,0,0.0,0.0,1.0,1.0,440.0,440.0,56.0,0.4,0,0
421,42,1,0.0,0.0,1.0,1.0,440.0,440.0,56.0,0.4,0,0
422,43,0,0.0,0.0,1.0,1.0,440.0,440.0,112.0,0.6000000000000001,1,0
423,42,1,0.0,0.0,1.0,1.0,440.0,440.0,112.0,0.6000000000000001,1,0
424,43,1,0.0,0.0,1.0,1.0,440.0,440.0,112.0,0.6000000000000001,1,0
425,44,1,0.0,0.0,1.0,1.0,440.0,440.0,112.0,0.6000000000000001,1,0
426,41,0,0.0,0.0,1.0,1.0,440.0,440.0,112.0,0.4,0,0
427,41,0,0.0,0.0,1.0,1.0,495.0,459.25,112.0,0.4,0,0
428,41,0,0.0,0.0,1.0,1.0,495.0,495.0,126.0,0.6000000000000001,1,0
429,41,0,0.0,0.0,1.0,1.0,495.0,495.0,126.0,0.6000000000000001,1,0
430,41,0,0.0,0.0,1.0,1.0,495.0,495.0,126.0,0.6000000000000001,1,0
431,41,0,0.0,0.0,1.0,1.0,495.0,495.0,126.0,0.6000000000000001,1,0
432,41,0,0.0,0.0,1.0,1.0,495.0,495.0,126.0,0.6000000000000001,1,0
433,41,0,0.0,0.0,1.0,1.0,495.0,495.0,126.0,0.6000000000000001,1,0
434,41,0,0.0,0.0,1.0,1.0,495.0,495.0,126.0,0.6000000000000001,1,0
435,42,1,0.0,0.0,1.0,1.0,495.0,495.0,126.0,0.6000000000000001,1,0
436,43,1,0.0,0.0,1.0,1.0,495.0,495.0,126.0,0.8,1,0
437,41,0,0.0,0.0,1.0,1.0,495.0,495.0,144.0,1.0,2,0
438,42,1,0.0,0.0,1.0,1.0,605.0,533.5,140.0,1.0,2,0
439,42,0,0.0,0.0,1.0,1.0,605.0,605.0,140.0,1.0,2,0
440,41,0,0.0,0.0,1.0,1.0,605.0,605.0,140.0,1.0,2,0
441,42,0,0.0,0.0,1.0,1.0,660.0,624.25,140.0,1.0,2,0
442,41,0,0.0,0.0,1.0,1.0,660.0,660.0,145.6,1.0,2,0
443,41,0,0.0,0.0,1.0,1.0,715.0,679.25,145.6,1.2,2,0
444,40,0,0.0,0.0,1.0,1.0,715.0,715.0,145.6,1.2,2,0
445,40,0,0.0,0.0,1.0,1.0,770.0,734.25,145.6,1.2,2,0
446,41,1,0.0,0.0,1.0,1.0,770.0,770.0,145.6,1.2,2,0
447,41,0,0.0,0.0,1.0,1.0,770.0,770.0,145.6,1.4,2,0
448,43,2,0.0,0.0,1.0,1.0,770.0,770.0,145.6,1.4,2,0
449,44,0,0.0,0.0,1.0,1.0,770.0,770.0,145.6,1.4,2,0
450,44,1,0.0,0.0,0.9988342761893945,1.0,770.0,770.0,160.0,1.5999999999999999,3,0
451,45,1,0.0,1.4055555555555554,0.9988342761893945,1.0,825.0,789.25,160.0,1.5999999999999999,3,0
452,45,1,0.0,1.4055555555555554,0.9988342761893945,1.0,825.0,825.0,160.0,1.7999999999999998,3,0
453,43,1,0.0,0.0,0.9988342761893945,1.0,825.0,825.0,160.0,1.5999999999999999,3,0
454,43,0,0.0,0.0,0.9988342761893945,1.0,990.0,882.75,160.0,1.5999999999999999,3,0
455,42,0,0.0,0.0,0.9979732087391109,1.0,990.0,990.0,160.0,1.5999999999999999,3,0
456,43,1,10.0,14.766666666666666,0.9979732087391109,1.0,990.0,990.0,160.0,1.4,2,0
457,43,0,0.0,0.0,0.9979732087391109,1.0,935.0,970.75,160.0,1.4,2,0
458,43,0,0.0,0.0,0.9979732087391109,1.0,935.0,935.0,160.0,1.4,2,0
459,42,0,0.0,0.0,0.9979732087391109,1.0,880.0,915.75,160.0,1.2,2,0
460,43,1,0.0,14.766666666666666,0.9974757031011692,1.0,935.0,899.25,160.0,1.4,2,0
461,44,1,0.0,14.766666666666666,0.9974757031011692,1.0,935.0,935.0,160.0,1.9999999999999998,3,0
462,43,0,0.0,0.0,0.9974757031011692,1.0,880.0,915.75,160.0,1.7999999999999998,3,0
463,43,0,0.0,0.0,0.9974757031011692,1.0,880.0,880.0,160.0,1.9999999999999998,3,0
464,44,1,0.0,22.766666666666666,0.9974757031011692,1.0,880.0,880.0,160.0,1.7999999999999998,3,0
465,45,1,0.0,22.766666666666666,0.9958109726972875,1.0,880.0,880.0,160.0,1.7999999999999998,3,0
466,45,0,0.0,0.0,0.9958109726972875,1.0,880.0,880.0,160.0,1.5999999999999999,3,0
467,44,0,0.0,0.0,0.9958109726972875,1.0,880.0,880.0,160.0,1.4,2,0
468,44,0,0.0,0.0,1.0,1.0,825.0,860.75,145.6,1.4,2,0
469,44,0,0.0,0.0,1.0,1.0,825.0,825.0,145.6,1.2,2,0
470,44,0,0.0,0.0,1.0,1.0,825.0,825.0,145.6,1.2,2,0
471,46,2,0.0,1.4055555555555554,1.0,1.0,770.0,805.75,145.6,1.0,2,0
472,47,1,0.0,1.4055555555555554,1.0,1.0,770.0,770.0,145.6,1.0,2,0
473,47,0,0.0,0.0,1.0,1.0,770.0,770.0,145.6,1.2,2,0
474,47,0,0.0,0.0,1.0,1.0,770.0,770.0,145.6,1.4,2,0
475,48,1,0.0,1.4055555555555554,0.9905871634989003,1.0,770.0,770.0,160.0,1.2,2,0
476,50,3,0.0,1.4055555555555557,0.9905871634989003,1.0,770.0,770.0,160.0,1.2,2,0
477,49,0,0.0,0.0,0.9905871634989003,1.0,825.0,789.25,160.0,1.2,2,0
478,49,0,0.0,0.0,0.9905871634989003,1.0,825.0,825.0,160.0,1.2,2,0
479,50,2,0.0,14.766666666666666,0.9905871634989003,1.0,825.0,825.0,160.0,1.2,2,0
480,48,0,0.0,0.0,0.9982635139752616,1.0,880.0,844.25,160.0,1.5999999999999999,3,0
481,50,2,0.0,30.766666666666666,0.9982635139752616,1.0,880.0,880.0,160.0,1.5999999999999999,3,0
482,49,0,0.0,0.0,0.9982635139752616,1.0,935.0,899.25,160.0,1.7999999999999998,3,0
483,49,0,0.0,0.0,0.9982635139752616,1.0,935.0,935.0,160.0,1.7999999999999998,3,0
484,49,0,0.0,0.0,0.9982635139752616,1.0,935.0,935.0,160.0,1.7999999999999998,3,0
485,49,0,0.0,0.0,0.9978616824984625,1.0,935.0,935.0,160.0,1.7999999999999998,3,0
486,51,0,0.0,0.0,0.9978616824984625,1.0,935.0,935.0,160.0,1.7999999999999998,3,0
487,50,0,0.0,0.0,0.9978616824984625,1.0,935.0,935.0,160.0,1.7999999999999998,3,0
488,51,1,10.0,14.766666666666666,0.9978616824984625,1.0,990.0,954.25,160.0,1.7999999999999998,3,0
489,51,1,10.0,14.766666666666666,0.9978616824984625,1.0,990.0,990.0,160.0,1.7999999999999998,3,0
490,50,0,0.0,0.0,0.995546367798811,1.0,990.0,990.0,160.0,1.7999999999999998,3,0
491,50,0,0.0,0.0,0.995546367798811,1.0,990.0,990.0,160.0,1.7999999999999998,3,0
492,50,0,0.0,0.0,0.995546367798811,1.0,990.0,990.0,160.0,1.9999999999999998,3,0
493,47,0,0.0,0.0,0.995546367798811,1.0,935.0,970.75,160.0,1.7999999999999998,3,0
494,46,0,0.0,0.0,0.995546367798811,1.0,935.0,935.0,160.0,1.5999999999999999,3,0
495,46,0,0.0,0.0,0.9928866261190461,1.0,880.0,915.75,160.0,1.5999999999999999,3,0
496,46,0,0.0,0.0,0.9928866261190461,1.0,880.0,880.0,160.0,1.5999999999999999,3,0
497,45,0,0.0,0.0,0.9928866261190461,1.0,880.0,880.0,160.0,1.5999999999999999,3,0
498,45,1,0.0,14.766666666666666,1.0,1.0,825.0,860.75,145.6,1.5999999999999999,3,0
499,46,1,0.0,14.766666666666666,0.9928866261190461,1.0,825.0,825.0,160.0,1.5999999999999999,3,0
500,45,0,0.0,0.0,0.9904756372582519,1.0,825.0,825.0,160.0,1.5999999999999999,3,0
501,47,1,0.0,14.766666666666666,0.9904756372582519,1.0,825.0,825.0,160.0,1.5999999999999999,3,0
502,48,1,0.0,1.4055555555555554,0.9904756372582519,1.0,770.0,805.75,160.0,1.4,2,0
503,48,0,0.0,0.0,1.0,1.0,770.0,770.0,145.6,1.2,2,0
504,48,0,0.0,0.0,1.0,1.0,715.0,750.75,145.6,1.0,2,0
505,48,0,0.0,0.0,1.0,1.0,715.0,715.0,145.6,1.0,2,0
506,49,1,0.0,1.4055555555555554,1.0,1.0,715.0,715.0,145.6,1.2,2,0
507,48,0,0.0,0.0,1.0,1.0,715.0,715.0,145.6,1.2,2,0
508,49,1,0.0,14.766666666666666,0.9894806259823687,1.0,770.0,734.25,160.0,1.2,2,0
509,50,1,0.0,14.766666666666666,0.9894806259823687,1.0,770.0,770.0,160.0,1.2,2,0
510,50,0,0.0,0.0,0.9861894348390625,1.0,770.0,770.0,160.0,1.2,2,0
511,50,0,0.0,0.0,0.9861894348390625,1.0,770.0,770.0,160.0,1.2,2,0
512,51,1,0.0,14.766666666666666,0.9861894348390625,1.0,770.0,770.0,160.0,1.5999999999999999,3,0
513,51,0,0.0,0.0,1.0,1.0,660.0,731.5,145.6,1.2,2,0
514,51,0,0.0,0.0,1.0,1.0,660.0,660.0,145.6,1.2,2,0
515,51,0,0.0,0.0,1.0,1.0,660.0,660.0,145.6,1.2,2,0
516,52,1,0.0,1.4055555555555554,1.0,1.0,660.0,660.0,145.6,1.4,2,0
517,52,0,0.0,0.0,1.0,1.0,660.0,660.0,145.6,1.4,2,0
518,53,1,0.0,1.4055555555555554,1.0,1.0,660.0,660.0,145.6,1.4,2,0
519,54,1,0.0,1.4055555555555554,1.0,1.0,660.0,660.0,145.6,1.2,2,0
520,54,0,0.0,0.0,1.0,1.0,605.0,640.75,145.6,1.2,2,0
521,54,0,0.0,0.0,1.0,1.0,605.0,605.0,145.6,1.2,2,0
522,54,0,0.0,0.0,1.0,1.0,605.0,605.0,145.6,1.2,2,0
523,53,0,0.0,0.0,0.9913167156427255,1.0,605.0,605.0,154.0,1.2,2,0
524,54,1,0.0,0.0,1.0,1.0,605.0,605.0,145.6,1.0,2,0
525,54,0,0.0,0.0,0.999826693090959,1.0,605.0,605.0,145.6,1.2,2,0
526,54,1,0.0,0.0,0.9893266930909589,1.0,605.0,605.0,154.0,1.4,2,0
527,55,1,0.0,0.0,1.0,1.0,605.0,605.0,144.0,1.2,2,0
528,55,1,0.0,0.0,0.999826693090959,1.0,605.0,605.0,145.6,1.4,2,0
529,55,0,0.0,0.0,1.0,1.0,550.0,585.75,140.0,1.2,2,0
530,56,1,0.0,0.0,0.9986120412765667,1.0,550.0,550.0,144.0,1.2,2,0
531,56,0,0.0,0.0,0.9986120412765667,1.0,550.0,550.0,144.0,1.2,2,0
532,56,0,0.0,0.0,0.9986120412765667,1.0,550.0,550.0,144.0,1.2,2,0
533,56,1,0.0,0.0,0.9879870412765666,1.0,495.0,530.75,144.0,1.0,2,0
534,56,0,0.0,0.0,0.9986120412765667,1.0,550.0,514.25,144.0,1.4,2,0
535,56,0,0.0,0.0,0.9955887377844599,1.0,550.0,550.0,144.0,1.4,2,0
536,54,0,0.0,0.0,0.9755887377844599,1.0,550.0,550.0,160.0,1.5999999999999999,3,0
537,55,0,0.0,0.0,0.9935887377844599,1.0,605.0,569.25,145.6,1.4,2,0
538,55,0,0.0,0.0,0.9935887377844599,1.0,605.0,605.0,145.6,1.5999999999999999,3,0
539,54,0,0.0,0.0,0.9935887377844599,1.0,605.0,605.0,145.6,1.5999999999999999,3,0
540,55,1,0.0,0.0,0.8011749976876998,1.0,660.0,624.25,160.0,1.5999999999999999,3,0
541,54,0,0.0,0.0,0.8191749976876999,1.0,605.0,640.75,145.6,1.4,2,0
542,53,1,0.0,0.0,0.8191749976876999,1.0,605.0,605.0,145.6,1.2,2,0
543,53,0,0.0,0.0,0.8191749976876999,1.0,605.0,605.0,145.6,1.2,2,0
544,52,1,0.0,0.0,0.8191749976876999,1.0,605.0,605.0,145.6,1.2,2,0
545,52,0,0.0,0.0,0.8170585115775377,0.9973097615775377,605.0,605.0,144.201,1.0,2,0
546,51,0,0.0,0.0,0.8223097615775377,0.9973097615775377,550.0,585.75,140.0,1.0,2,0
547,53,1,0.0,0.0,0.8291847615775378,0.9973097615775377,495.0,530.75,126.0,0.6000000000000001,1,0
548,52,0,0.0,0.0,0.8123097615775378,0.9973097615775377,440.0,475.75,112.0,0.4,0,0
549,52,0,0.0,0.0,0.8123097615775378,0.9973097615775377,440.0,440.0,112.0,0.6000000000000001,1,0
550,51,0,0.0,0.0,0.8097074243944584,0.9947074243944585,440.0,440.0,112.0,0.6000000000000001,1,0
551,51,0,0.0,0.0,0.8097074243944584,0.9947074243944585,440.0,440.0,112.0,0.8,1,0
552,50,0,0.0,0.0,0.8097074243944584,0.9947074243944585,440.0,440.0,112.0,1.0,2,0
553,50,0,0.0,0.0,0.8097074243944584,0.9947074243944585,440.0,440.0,112.0,1.0,2,0
554,49,0,0.0,0.0,0.8097074243944584,0.9947074243944585,440.0,440.0,112.0,1.0,2,0
555,50,1,0.0,0.0,0.8079470198294342,0.9929470198294341,440.0,440.0,112.0,1.0,2,0
556,50,0,0.0,0.0,0.8079470198294342,0.9929470198294341,440.0,440.0,112.0,1.0,2,0
557,50,0,0.0,0.0,0.7910720198294341,0.9568845198294341,385.0,420.75,98.0,0.8,1,0
558,49,0,0.0,0.0,0.7877507698294341,0.9568845198294341,385.0,385.0,100.657,0.6000000000000001,1,0
559,48,0,0.0,0.0,0.7997820198294342,0.9929470198294341,440.0,404.25,118.532,0.8,1,0
560,49,1,0.0,0.0,0.8210715927126433,0.9891965927126434,495.0,459.25,126.0,0.8,1,0
561,49,0,0.0,0.0,0.8210715927126433,0.9891965927126434,495.0,495.0,126.0,0.8,1,0
562,49,1,0.0,0.0,0.8105003427126433,0.9891965927126434,495.0,495.0,134.457,0.8,1,0
563,49,0,0.0,0.0,0.8210715927126433,0.9891965927126434,495.0,495.0,126.0,0.8,1,0
564,49,0,0.0,0.0,0.8210715927126433,0.9891965927126434,495.0,495.0,126.0,1.0,2,0
565,49,0,0.0,0.0,0.8178760757304797,0.9860010757304798,495.0,495.0,126.0,1.0,2,0
566,49,0,0.0,0.0,0.8178760757304797,0.9860010757304798,495.0,495.0,126.0,1.0,2,0
567,49,0,0.0,0.0,0.8353760757304797,0.9860010757304798,495.0,495.0,112.0,0.8,1,0
568,49,0,0.0,0.0,0.8353760757304797,0.9860010757304798,495.0,495.0,112.0,0.8,1,0
569,50,1,0.0,0.0,0.8353760757304797,0.9860010757304798,495.0,495.0,112.0,0.8,1,0
570,52,1,0.0,0.0,0.8081900755938023,0.9825950755938024,495.0,495.0,131.024,0.8,1,0
571,53,1,0.0,0.0,0.8081900755938023,0.9825950755938024,495.0,495.0,131.024,0.8,1,0
572,54,1,0.0,0.0,0.8081900755938023,0.9825950755938024,495.0,495.0,131.024,0.8,1,0
573,54,1,0.0,0.0,0.8081900755938023,0.9825950755938024,495.0,495.0,131.024,0.8,1,0
574,53,0,0.0,0.0,0.8075950755938024,0.9825950755938024,550.0,514.25,140.0,1.2,2,0
575,52,1,0.0,0.0,0.7995717721016955,0.9795717721016954,605.0,569.25,144.0,1.5999999999999999,3,0
576,51,0,0.0,0.0,0.7995717721016955,0.9795717721016954,660.0,624.25,144.0,1.4,2,0
577,50,0,0.0,0.0,0.7795717721016955,0.9795717721016954,715.0,679.25,160.0,1.4,2,0
578,51,1,0.0,1.4055555555555554,0.7995717721016955,0.9795717721016954,825.0,753.5,144.0,1.0,2,0
579,49,0,0.0,0.0,0.7795717721016955,0.9795717721016954,825.0,825.0,160.0,1.0,2,0
580,49,0,0.0,0.0,0.7774478057243293,0.9774478057243292,935.0,863.5,160.0,1.2,2,0
581,49,0,0.0,0.0,0.7774478057243293,0.9774478057243292,935.0,935.0,160.0,1.2,2,0
582,49,0,0.0,0.0,0.7774478057243293,0.9774478057243292,935.0,935.0,160.0,1.4,2,0
583,49,0,0.0,0.0,0.7774478057243293,0.9774478057243292,935.0,935.0,160.0,1.5999999999999999,3,0
584,49,0,0.0,0.0,0.7774478057243293,0.9774478057243292,935.0,935.0,160.0,1.7999999999999998,3,0
585,49,0,0.0,0.0,0.7718987043780572,0.9718987043780571,935.0,935.0,160.0,1.7999999999999998,3,0
586,49,0,0.0,0.0,0.7718987043780572,0.9718987043780571,935.0,935.0,160.0,1.9999999999999998,3,0
587,49,0,0.0,0.0,0.7718987043780572,0.9718987043780571,935.0,935.0,160.0,1.9999999999999998,3,0
588,49,0,0.0,0.0,0.7718987043780572,0.9718987043780571,935.0,935.0,160.0,1.9999999999999998,3,0
589,49,0,0.0,0.0,0.7718987043780572,0.9718987043780571,935.0,935.0,160.0,2.1999999999999997,4,0
590,49,0,0.0,0.0,0.7704061874642323,0.9704061874642322,935.0,935.0,160.0,2.1999999999999997,4,0
591,49,0,0.0,0.0,0.7704061874642323,0.9704061874642322,935.0,935.0,160.0,2.1999999999999997,4,0
592,49,0,0.0,0.0,0.7704061874642323,0.9704061874642322,935.0,935.0,160.0,2.1999999999999997,4,0
593,49,0,0.0,0.0,0.7704061874642323,0.9704061874642322,880.0,915.75,160.0,1.9999999999999998,3,0
594,49,0,0.0,0.0,0.7704061874642323,0.9704061874642322,880.0,880.0,160.0,1.9999999999999998,3,0
595,51,2,0.0,14.766666666666666,0.7682822210868661,0.968282221086866,880.0,880.0,160.0,1.7999999999999998,3,0
596,51,0,0.0,0.0,0.7682822210868661,0.968282221086866,935.0,899.25,160.0,1.7999999999999998,3,0
597,52,1,0.0,14.766666666666666,0.7682822210868661,0.968282221086866,935.0,935.0,160.0,1.7999999999999998,3,0
598,54,2,0.0,1.4055555555555554,0.7682822210868661,0.968282221086866,880.0,915.75,160.0,1.5999999999999999,3,0
599,54,0,0.0,0.0,0.7682822210868661,0.968282221086866,825.0,860.75,160.0,1.5999999999999999,3,0
600,54,0,0.0,0.0,0.7709650782029049,0.9709650782029049,770.0,805.75,160.0,1.4,2,0
601,55,0,0.0,0.0,0.7709650782029049,0.9709650782029049,770.0,770.0,160.0,1.4,2,0
602,55,1,0.0,0.0,0.7709650782029049,0.9709650782029049,715.0,750.75,160.0,1.2,2,0
603,55,1,0.0,1.4055555555555554,0.7709650782029049,0.9709650782029049,770.0,734.25,160.0,1.4,2,0
604,56,0,0.0,0.0,0.7709650782029049,0.9709650782029049,770.0,770.0,160.0,1.4,2,0
605,56,0,0.0,0.0,0.7705249770616489,0.9705249770616489,770.0,770.0,160.0,1.7999999999999998,3,0
606,57,0,0.0,0.0,0.7705249770616489,0.9705249770616489,770.0,770.0,160.0,1.7999999999999998,3,0
607,57,0,0.0,0.0,0.7705249770616489,0.9705249770616489,715.0,750.75,160.0,1.5999999999999999,3,0
608,57,0,0.0,0.0,0.7705249770616489,0.9705249770616489,660.0,695.75,160.0,1.4,2,0
609,57,0,0.0,0.0,0.7705249770616489,0.9705249770616489,715.0,679.25,160.0,1.5999999999999999,3,0
610,57,0,0.0,0.0,0.7682096623619974,0.9682096623619973,715.0,715.0,160.0,1.7999999999999998,3,0
611,55,0,0.0,0.0,0.7682096623619974,0.9682096623619973,715.0,715.0,160.0,1.7999999999999998,3,0
612,55,0,0.0,0.0,0.7682096623619974,0.9682096623619973,825.0,753.5,160.0,1.7999999999999998,3,0
613,55,0,0.0,0.0,0.7682096623619974,0.9682096623619973,825.0,825.0,160.0,1.7999999999999998,3,0
614,54,0,0.0,0.0,0.7682096623619974,0.9682096623619973,825.0,825.0,160.0,1.9999999999999998,3,0
615,54,0,0.0,0.0,0.7639617296072649,0.9639617296072649,880.0,844.25,160.0,1.9999999999999998,3,0
616,53,0,0.0,0.0,0.7639617296072649,0.9639617296072649,770.0,841.5,160.0,1.5999999999999999,3,0
617,54,1,0.0,1.4055555555555554,0.783961729607265,0.9639617296072649,770.0,770.0,144.0,1.4,2,0
618,55,1,0.0,0.0,0.8053867296072649,0.9639617296072649,715.0,750.75,126.86,1.2,2,0
619,55,0,0.0,0.0,0.8053867296072649,0.9639617296072649,660.0,695.75,126.86,1.2,2,0
620,55,0,0.0,0.0,0.804354965444072,0.9610149654440721,605.0,640.75,125.328,1.0,2,0
621,55,0,0.0,0.0,0.804354965444072,0.9610149654440721,605.0,605.0,125.328,1.0,2,0
622,55,1,0.0,0.0,0.804354965444072,0.9610149654440721,605.0,605.0,125.328,1.0,2,0
623,56,1,0.0,0.0,0.804354965444072,0.9610149654440721,605.0,605.0,125.328,0.8,1,0
624,56,1,0.0,0.0,0.804354965444072,0.9610149654440721,605.0,605.0,125.328,0.8,1,0
625,57,1,0.0,0.0,0.8033708951064791,0.958202145106479,550.0,585.75,123.865,0.4,0,0
626,58,0,0.0,0.0,0.8033708951064791,0.958202145106479,550.0,550.0,123.865,0.6000000000000001,1,0
627,58,1,0.0,0.0,0.8033708951064791,0.958202145106479,550.0,550.0,123.865,0.6000000000000001,1,0
628,58,1,0.0,1.4055555555555554,0.7782021451064791,0.958202145106479,605.0,569.25,144.0,0.6000000000000001,1,0
629,58,0,0.0,0.0,0.7782021451064791,0.958202145106479,660.0,624.25,144.0,0.8,1,0
630,57,0,0.0,0.0,0.7750066281243155,0.9550066281243155,660.0,660.0,144.0,1.2,2,0
631,57,0,0.0,0.0,0.7750066281243155,0.9550066281243155,660.0,660.0,144.0,1.4,2,0
632,57,0,0.0,0.0,0.7750066281243155,0.9550066281243155,660.0,660.0,144.0,1.5999999999999999,3,0
633,58,1,0.0,22.766666666666666,0.7750066281243155,0.9550066281243155,660.0,660.0,144.0,1.5999999999999999,3,0
634,59,0,0.0,0.0,0.7550066281243155,0.9550066281243155,660.0,660.0,160.0,1.5999999999999999,3,0
635,59,0,0.0,0.0,0.7532079538948342,0.9532079538948341,660.0,660.0,160.0,1.5999999999999999,3,0
636,59,0,0.0,0.0,0.7532079538948342,0.9532079538948341,660.0,660.0,160.0,1.5999999999999999,3,0
637,59,0,0.0,0.0,0.7532079538948342,0.9532079538948341,660.0,660.0,160.0,1.5999999999999999,3,0
638,59,0,0.0,0.0,0.7532079538948342,0.9532079538948341,660.0,660.0,160.0,1.5999999999999999,3,0
639,60,2,0.0,22.766666666666666,0.7532079538948342,0.9532079538948341,605.0,640.75,160.0,1.7999999999999998,3,0
640,60,0,0.0,0.0,0.7706630212084404,0.9506630212084404,605.0,605.0,144.0,1.5999999999999999,3,0
641,60,0,0.0,0.0,0.7706630212084404,0.9506630212084404,605.0,605.0,144.0,1.5999999999999999,3,0
642,60,0,0.0,0.0,0.7825380212084403,0.9506630212084404,495.0,566.5,126.0,1.2,2,0
643,61,1,0.0,14.766666666666666,0.7825380212084403,0.9506630212084404,495.0,495.0,126.0,1.0,2,0
644,60,0,0.0,0.0,0.7706630212084403,0.9506630212084404,440.0,475.75,108.0,0.8,1,0
645,61,1,0.0,14.766666666666666,0.7960753946964468,0.9479841446964468,495.0,459.25,113.027,0.8,1,0
646,62,0,0.0,0.0,0.7960753946964468,0.9479841446964468,495.0,495.0,113.027,0.8,1,0
647,62,1,0.0,14.766666666666666,0.7960753946964468,0.9479841446964468,495.0,495.0,113.027,1.0,2,0
648,61,0,0.0,0.0,0.7904841446964468,0.9479841446964468,550.0,514.25,126.0,1.0,2,0
649,61,0,0.0,0.0,0.7904841446964468,0.9479841446964468,605.0,569.25,126.0,1.2,2,0
650,61,0,0.0,0.0,0.7989639255001098,0.9456114255001098,550.0,585.75,117.318,1.0,2,0
651,61,0,0.0,0.0,0.7832139255001097,0.9456114255001098,440.0,511.5,93.918,0.6000000000000001,1,0
652,61,0,0.0,0.0,0.7832139255001097,0.9456114255001098,440.0,440.0,93.918,0.6000000000000001,1,0
653,61,0,0.0,0.0,0.7832139255001097,0.9456114255001098,440.0,440.0,93.918,0.8,1,0
654,61,0,0.0,0.0,0.7832139255001097,0.9456114255001098,440.0,440.0,93.918,0.8,1,0
655,60,0,0.0,0.0,0.7823638018070872,0.9431813018070871,440.0,440.0,92.654,0.8,1,0
656,60,0,0.0,0.0,0.7823638018070872,0.9431813018070871,440.0,440.0,92.654,0.6000000000000001,1,0
657,59,1,0.0,0.0,0.7823638018070872,0.9431813018070871,440.0,440.0,92.654,0.6000000000000001,1,0
658,63,3,0.0,0.0,0.7981138018070871,0.9431813018070871,550.0,478.5,116.054,0.6000000000000001,1,0
659,62,0,0.0,0.0,0.7981138018070871,0.9431813018070871,550.0,550.0,116.054,0.6000000000000001,1,0
660,63,1,0.0,0.0,0.7984672848796227,0.9441922848796227,550.0,550.0,116.58,0.6000000000000001,1,0
661,63,0,0.0,0.0,0.7984672848796227,0.9441922848796227,550.0,550.0,116.58,0.6000000000000001,1,0
662,62,0,0.0,0.0,0.7984672848796227,0.9441922848796227,550.0,550.0,116.58,0.6000000000000001,1,0
663,59,0,0.0,0.0,0.7641922848796228,0.9441922848796227,550.0,550.0,144.0,1.0,2,0
664,59,0,0.0,0.0,0.7866922848796227,0.9441922848796227,715.0,607.75,126.0,0.8,1,0
665,59,0,0.0,0.0,0.7887971164247602,0.9462971164247602,715.0,715.0,126.0,0.8,1,0
666,59,1,0.0,14.766666666666666,0.7887971164247602,0.9462971164247602,715.0,715.0,126.0,0.8,1,0
667,59,0,0.0,0.0,0.7992033664247602,0.9462971164247602,715.0,715.0,117.675,0.6000000000000001,1,0
668,59,0,0.0,0.0,0.7992033664247602,0.9462971164247602,715.0,715.0,117.675,1.0,2,0
669,60,0,0.0,0.0,0.7992033664247602,0.9462971164247602,715.0,715.0,117.675,1.2,2,0
670,61,1,0.0,14.766666666666666,0.7981118887715108,0.9431781387715108,715.0,715.0,116.053,1.2,2,0
671,61,0,0.0,0.0,0.7981118887715108,0.9431781387715108,715.0,715.0,116.053,1.2,2,0
672,61,0,0.0,0.0,0.7856781387715108,0.9431781387715108,715.0,715.0,126.0,1.2,2,0
673,62,1,0.0,14.766666666666666,0.7856781387715108,0.9431781387715108,715.0,715.0,126.0,1.2,2,0
674,63,1,0.0,1.4055555555555554,0.7981118887715108,0.9431781387715108,660.0,695.75,116.053,0.8,1,0
675,64,1,0.0,1.4055555555555554,0.7975362931998577,0.9415325431998578,660.0,660.0,115.197,0.8,1,0
676,63,0,0.0,0.0,0.7415325431998578,0.9415325431998578,660.0,660.0,160.0,0.8,1,0
677,63,0,0.0,0.0,0.7415325431998578,0.9415325431998578,660.0,660.0,160.0,0.8,1,0
678,64,1,0.0,1.4055555555555554,0.7415325431998578,0.9415325431998578,660.0,660.0,160.0,0.8,1,0
679,64,0,0.0,0.0,0.7415325431998578,0.9415325431998578,660.0,660.0,160.0,0.8,1,0
680,64,0,0.0,0.0,0.7398104082992905,0.9398104082992904,660.0,660.0,160.0,1.0,2,0
681,65,1,0.0,0.0,0.7823104082992904,0.9398104082992904,550.0,621.5,126.0,1.2,2,0
682,66,0,0.0,0.0,0.7823104082992904,0.9398104082992904,550.0,550.0,126.0,1.2,2,0
683,66,0,0.0,0.0,0.7823104082992904,0.9398104082992904,550.0,550.0,126.0,1.4,2,0
684,66,0,0.0,0.0,0.7716854082992906,0.9398104082992904,495.0,530.75,126.0,1.2,2,0
685,66,0,0.0,0.0,0.7696188464186098,0.9377438464186099,495.0,495.0,126.0,1.2,2,0
686,66,0,0.0,0.0,0.7577438464186098,0.9377438464186099,440.0,475.75,108.0,1.0,2,0
687,66,0,0.0,0.0,0.7577438464186098,0.9377438464186099,440.0,440.0,108.0,1.0,2,0
688,67,1,0.0,0.0,0.7458688464186097,0.9016813464186098,385.0,420.75,90.0,0.8,1,0
689,67,0,0.0,0.0,0.7358688464186098,0.9016813464186098,385.0,385.0,98.0,1.0,2,0
690,68,0,0.0,0.0,0.7168698800412436,0.8589948800412436,330.0,365.75,84.0,0.8,1,0
691,68,0,0.0,0.0,0.6824948800412436,0.8184323800412436,275.0,310.75,84.0,0.6000000000000001,1,0
692,67,0,0.0,0.0,0.6481198800412435,0.7778698800412436,220.0,255.75,84.0,0.4,0,0
693,70,2,0.0,0.0,0.6824948800412436,0.8184323800412436,275.0,239.25,84.0,0.4,0,0
694,71,1,0.0,0.0,0.6824948800412436,0.8184323800412436,275.0,275.0,84.0,0.6000000000000001,1,0
695,71,0,0.0,0.0,0.6804857226572485,0.8164232226572485,275.0,275.0,84.0,0.6000000000000001,1,0
696,71,1,0.0,0.0,0.6804857226572485,0.8164232226572485,275.0,275.0,84.0,0.8,1,0
697,71,1,0.0,0.0,0.7073607226572485,0.8569857226572485,330.0,294.25,90.0,0.8,1,0
698,72,1,0.0,0.0,0.7417357226572484,0.8975482226572484,385.0,349.25,90.0,0.8,1,0
699,69,0,0.0,0.0,0.7073607226572485,0.8569857226572485,330.0,365.75,90.0,1.0,2,0
700,69,1,0.0,0.0,0.7874690821870785,0.9330940821870783,495.0,387.75,108.0,1.0,2,0
701,69,0,0.0,0.0,0.7945828321870784,0.9330940821870783,550.0,514.25,110.809,1.2,2,0
702,69,1,0.0,0.0,0.7945828321870784,0.9330940821870783,550.0,550.0,110.809,1.2,2,0
703,68,0,0.0,0.0,0.7945828321870784,0.9330940821870783,660.0,588.5,110.809,1.2,2,0
704,68,0,0.0,0.0,0.7945828321870784,0.9330940821870783,660.0,660.0,110.809,1.2,2,0
705,68,0,0.0,0.0,0.7941876270855953,0.9319651270855953,605.0,640.75,110.222,1.0,2,0
706,69,1,0.0,14.766666666666666,0.7941876270855953,0.9319651270855953,605.0,605.0,110.222,0.8,1,0
707,68,0,0.0,0.0,0.7941876270855953,0.9319651270855953,605.0,605.0,110.222,0.8,1,0
708,67,0,0.0,0.0,0.7941876270855953,0.9319651270855953,660.0,624.25,110.222,0.8,1,0
709,69,1,0.0,14.766666666666666,0.7941876270855953,0.9319651270855953,660.0,660.0,110.222,0.8,1,0
710,68,0,0.0,0.0,0.7935046241982859,0.9300133741982859,660.0,660.0,109.207,0.8,1,0
711,71,3,0.0,1.4055555555555557,0.7935046241982859,0.9300133741982859,605.0,640.75,109.207,0.6000000000000001,1,0
712,73,1,0.0,1.4055555555555554,0.7935046241982859,0.9300133741982859,605.0,605.0,109.207,0.8,1,0
713,73,0,0.0,0.0,0.7935046241982859,0.9300133741982859,605.0,605.0,109.207,0.8,1,0
714,72,0,0.0,0.0,0.7935046241982859,0.9300133741982859,550.0,585.75,109.207,0.6000000000000001,1,0
715,71,0,0.0,0.0,0.792968837620004,0.928482587620004,605.0,569.25,108.411,0.8,1,0
716,71,0,0.0,0.0,0.792968837620004,0.928482587620004,605.0,605.0,108.411,0.8,1,0
717,70,0,0.0,0.0,0.792968837620004,0.928482587620004,605.0,605.0,108.411,0.8,1,0
718,72,1,0.0,0.0,0.770982587620004,0.928482587620004,660.0,624.25,126.0,1.0,2,0
719,72,0,0.0,0.0,0.7284825876200041,0.928482587620004,660.0,660.0,160.0,1.0,2,0
720,72,0,0.0,0.0,0.7299220938973554,0.9299220938973554,660.0,660.0,160.0,1.0,2,0
721,73,1,0.0,0.0,0.7299220938973554,0.9299220938973554,660.0,660.0,160.0,1.2,2,0
722,72,0,0.0,0.0,0.7299220938973554,0.9299220938973554,660.0,660.0,160.0,1.2,2,0
723,71,0,0.0,0.0,0.7299220938973554,0.9299220938973554,715.0,679.25,160.0,1.4,2,0
724,71,0,0.0,0.0,0.7299220938973554,0.9299220938973554,770.0,734.25,160.0,1.7999999999999998,3,0
725,71,0,0.0,0.0,0.7290992961115288,0.9290992961115287,770.0,770.0,160.0,1.7999999999999998,3,0
726,71,1,0.0,0.0,0.7290992961115288,0.9290992961115287,770.0,770.0,160.0,1.5999999999999999,3,0
727,70,1,0.0,0.0,0.7290992961115288,0.9290992961115287,825.0,789.25,160.0,1.7999999999999998,3,0
728,71,0,0.0,0.0,0.7290992961115288,0.9290992961115287,880.0,844.25,160.0,1.7999999999999998,3,0
729,70,0,0.0,0.0,0.7290992961115288,0.9290992961115287,880.0,880.0,160.0,1.5999999999999999,3,0
730,71,1,0.0,0.0,0.729577666917242,0.929577666917242,880.0,880.0,160.0,1.5999999999999999,3,0
731,70,0,0.0,0.0,0.729577666917242,0.929577666917242,880.0,880.0,160.0,1.9999999999999998,3,0
732,69,0,0.0,0.0,0.729577666917242,0.929577666917242,935.0,899.25,160.0,1.9999999999999998,3,0
733,70,0,0.0,0.0,0.729577666917242,0.929577666917242,990.0,954.25,160.0,1.9999999999999998,3,0
734,70,1,10.0,14.766666666666666,0.729577666917242,0.929577666917242,990.0,990.0,160.0,1.9999999999999998,3,0
735,71,0,0.0,0.0,0.727759857855532,0.9277598578555319,990.0,990.0,160.0,1.9999999999999998,3,0
736,70,0,0.0,0.0,0.727759857855532,0.9277598578555319,990.0,990.0,160.0,1.9999999999999998,3,0
737,69,0,0.0,0.0,0.727759857855532,0.9277598578555319,990.0,990.0,160.0,1.7999999999999998,3,0
738,70,1,10.0,14.766666666666666,0.727759857855532,0.9277598578555319,990.0,990.0,160.0,1.7999999999999998,3,0
739,71,1,0.0,14.766666666666666,0.727759857855532,0.9277598578555319,935.0,970.75,160.0,1.4,2,0
740,70,0,0.0,0.0,0.7274537005398758,0.9274537005398757,935.0,935.0,160.0,1.9999999999999998,3,0
741,70,0,0.0,0.0,0.7274537005398758,0.9274537005398757,935.0,935.0,160.0,1.7999999999999998,3,0
742,70,0,0.0,0.0,0.7274537005398758,0.9274537005398757,935.0,935.0,160.0,1.9999999999999998,3,0
743,70,0,0.0,0.0,0.7274537005398758,0.9274537005398757,880.0,915.75,160.0,1.5999999999999999,3,0
744,70,1,0.0,1.4055555555555554,0.7274537005398758,0.9274537005398757,825.0,860.75,160.0,1.5999999999999999,3,0
745,70,0,0.0,0.0,0.7271858128886763,0.9271858128886763,880.0,844.25,160.0,1.5999999999999999,3,0
746,70,0,0.0,0.0,0.7271858128886763,0.9271858128886763,880.0,880.0,160.0,1.7999999999999998,3,0
747,70,0,0.0,0.0,0.7271858128886763,0.9271858128886763,825.0,860.75,160.0,1.4,2,0
748,70,1,0.0,1.4055555555555554,0.7271858128886763,0.9271858128886763,825.0,825.0,160.0,1.4,2,0
749,71,0,0.0,0.0,0.7271858128886763,0.9271858128886763,825.0,825.0,160.0,1.5999999999999999,3,0
750,72,1,0.0,14.766666666666666,0.7267457117474203,0.9267457117474203,825.0,825.0,160.0,1.5999999999999999,3,0
751,73,1,0.0,14.766666666666666,0.7267457117474203,0.9267457117474203,825.0,825.0,160.0,1.5999999999999999,3,0
752,73,1,0.0,14.766666666666666,0.7267457117474203,0.9267457117474203,825.0,825.0,160.0,1.7999999999999998,3,0
753,75,2,0.0,22.766666666666666,0.7267457117474203,0.9267457117474203,825.0,825.0,160.0,1.7999999999999998,3,0
754,77,1,0.0,14.766666666666666,0.7267457117474203,0.9267457117474203,825.0,825.0,160.0,1.5999999999999999,3,0
755,77,0,0.0,0.0,0.7260377229549648,0.9260377229549648,715.0,786.5,160.0,1.2,2,0
756,77,0,0.0,0.0,0.7460377229549648,0.9260377229549648,660.0,695.75,144.0,1.4,2,0
757,77,0,0.0,0.0,0.7460377229549648,0.9260377229549648,660.0,660.0,144.0,1.4,2,0
758,77,0,0.0,0.0,0.7460377229549648,0.9260377229549648,660.0,660.0,144.0,1.4,2,0
759,80,2,0.0,0.0,0.7260377229549648,0.9260377229549648,660.0,660.0,160.0,1.4,2,0
760,81,1,0.0,0.0,0.7264778240962209,0.9264778240962208,660.0,660.0,160.0,1.5999999999999999,3,0
761,82,1,0.0,0.0,0.7464778240962209,0.9264778240962208,605.0,640.75,144.0,1.4,2,0
762,82,0,0.0,0.0,0.7464778240962209,0.9264778240962208,605.0,605.0,144.0,1.4,2,0
763,83,1,0.0,0.0,0.7464778240962209,0.9264778240962208,605.0,605.0,144.0,1.4,2,0
764,82,0,0.0,0.0,0.7264778240962209,0.9264778240962208,605.0,605.0,160.0,1.5999999999999999,3,0
765,81,0,0.0,0.0,0.7255784869814803,0.9255784869814803,660.0,624.25,160.0,1.5999999999999999,3,0
766,79,0,0.0,0.0,0.7255784869814803,0.9255784869814803,715.0,679.25,160.0,1.7999999999999998,3,0
767,79,0,0.0,0.0,0.7255784869814803,0.9255784869814803,825.0,753.5,160.0,1.9999999999999998,3,0
768,81,3,0.0,1.4055555555555557,0.7255784869814803,0.9255784869814803,770.0,805.75,160.0,1.7999999999999998,3,0
769,81,0,0.0,0.0,0.7255784869814803,0.9255784869814803,825.0,789.25,160.0,1.7999999999999998,3,0
770,81,1,0.0,1.4055555555555554,0.7260185881227363,0.9260185881227363,770.0,805.75,160.0,1.5999999999999999,3,0
771,80,0,0.0,0.0,0.7260185881227363,0.9260185881227363,715.0,750.75,160.0,1.4,2,0
772,79,1,0.0,0.0,0.7460185881227364,0.9260185881227363,660.0,695.75,144.0,1.2,2,0
773,80,1,0.0,0.0,0.7685185881227363,0.9260185881227363,660.0,660.0,126.0,1.2,2,0
774,80,0,0.0,0.0,0.7685185881227363,0.9260185881227363,660.0,660.0,126.0,1.4,2,0
775,79,1,0.0,0.0,0.7903297341625095,0.9253297341625095,660.0,660.0,108.0,1.2,2,0
776,79,0,0.0,0.0,0.7903297341625095,0.9253297341625095,715.0,679.25,108.0,1.2,2,0
777,79,0,0.0,0.0,0.7903297341625095,0.9253297341625095,715.0,715.0,108.0,1.2,2,0
778,77,0,0.0,0.0,0.7453297341625096,0.9253297341625095,715.0,715.0,144.0,1.2,2,0
779,76,0,0.0,0.0,0.7678297341625095,0.9253297341625095,770.0,734.25,126.0,1.0,2,0
780,75,0,0.0,0.0,0.7436223402339588,0.9236223402339587,770.0,770.0,144.0,1.0,2,0
781,76,1,0.0,22.766666666666666,0.7661223402339588,0.9236223402339587,770.0,770.0,126.0,0.8,1,0
782,73,0,0.0,0.0,0.7886223402339587,0.9236223402339587,770.0,770.0,108.0,0.8,1,0
783,74,1,0.0,22.766666666666666,0.7661223402339588,0.9236223402339587,770.0,770.0,126.0,1.0,2,0
784,74,0,0.0,0.0,0.7661223402339588,0.9236223402339587,770.0,770.0,126.0,1.0,2,0
785,75,1,0.0,22.766666666666666,0.7667537896975001,0.9242537896975,770.0,770.0,126.0,1.0,2,0
786,74,0,0.0,0.0,0.7667537896975001,0.9242537896975,770.0,770.0,126.0,0.8,1,0
787,76,1,0.0,22.766666666666666,0.7442537896975001,0.9242537896975,770.0,770.0,144.0,0.8,1,0
788,77,1,0.0,14.766666666666666,0.7667537896975001,0.9242537896975,770.0,770.0,126.0,0.8,1,0
789,77,0,0.0,0.0,0.7667537896975001,0.9242537896975,715.0,750.75,126.0,0.6000000000000001,1,0
790,77,0,0.0,0.0,0.7223403064746476,0.9223403064746476,715.0,715.0,160.0,1.0,2,0
791,78,0,0.0,0.0,0.7223403064746476,0.9223403064746476,715.0,715.0,160.0,1.2,2,0
792,78,0,0.0,0.0,0.7223403064746476,0.9223403064746476,715.0,715.0,160.0,1.2,2,0
793,78,0,0.0,0.0,0.7223403064746476,0.9223403064746476,715.0,715.0,160.0,1.2,2,0
794,78,0,0.0,0.0,0.7223403064746476,0.9223403064746476,715.0,715.0,160.0,1.7999999999999998,3,0
795,78,0,0.0,0.0,0.7227612727836752,0.9227612727836751,715.0,715.0,160.0,1.9999999999999998,3,0
796,78,0,0.0,0.0,0.7302612727836751,0.9227612727836751,660.0,695.75,154.0,1.5999999999999999,3,0
797,78,0,0.0,0.0,0.7227612727836752,0.9227612727836751,660.0,660.0,160.0,1.5999999999999999,3,0
798,80,2,0.0,0.0,0.7227612727836752,0.9227612727836751,660.0,660.0,160.0,1.7999999999999998,3,0
799,80,0,0.0,0.0,0.7227612727836752,0.9227612727836751,660.0,660.0,160.0,1.7999999999999998,3,0
800,80,0,0.0,0.0,0.7228760817770463,0.9228760817770463,660.0,660.0,160.0,1.7999999999999998,3,0
801,80,0,0.0,0.0,0.7303760817770463,0.9228760817770463,605.0,640.75,154.0,1.5999999999999999,3,0
802,80,0,0.0,0.0,0.7303760817770463,0.9228760817770463,605.0,605.0,154.0,1.5999999999999999,3,0
803,79,0,0.0,0.0,0.7303760817770463,0.9228760817770463,605.0,605.0,154.0,1.5999999999999999,3,0
804,78,0,0.0,0.0,0.7428760817770463,0.9228760817770463,660.0,624.25,144.0,1.4,2,0
805,79,1,0.0,14.766666666666666,0.7249043739932699,0.9249043739932699,715.0,679.25,160.0,1.4,2,0
806,80,1,0.0,1.4055555555555554,0.7449043739932699,0.9249043739932699,660.0,695.75,144.0,1.4,2,0
807,81,1,0.0,1.4055555555555554,0.7449043739932699,0.9249043739932699,660.0,660.0,144.0,1.4,2,0
808,80,0,0.0,0.0,0.7449043739932699,0.9249043739932699,660.0,660.0,144.0,1.4,2,0
809,81,1,0.0,0.0,0.7449043739932699,0.9249043739932699,660.0,660.0,144.0,1.2,2,0
810,81,0,0.0,0.0,0.7454975537923543,0.9254975537923542,660.0,660.0,144.0,1.2,2,0
811,83,0,0.0,0.0,0.7454975537923543,0.9254975537923542,660.0,660.0,144.0,1.4,2,0
812,83,1,0.0,0.0,0.7454975537923543,0.9254975537923542,660.0,660.0,144.0,1.2,2,0
813,81,0,0.0,0.0,0.7254975537923543,0.9254975537923542,715.0,679.25,160.0,1.4,2,0
814,82,0,0.0,0.0,0.7254975537923543,0.9254975537923542,825.0,753.5,160.0,1.5999999999999999,3,0
815,80,0,0.0,0.0,0.7481955651365761,0.9281955651365761,770.0,805.75,144.0,1.4,2,0
816,79,0,0.0,0.0,0.7481955651365761,0.9281955651365761,880.0,808.5,144.0,1.4,2,0
817,81,1,0.0,14.766666666666666,0.792868065136576,0.9281955651365761,825.0,860.75,108.262,1.2,2,0
818,82,0,0.0,0.0,0.7706955651365761,0.9281955651365761,770.0,805.75,126.0,1.0,2,0
819,83,0,0.0,0.0,0.792868065136576,0.9281955651365761,715.0,750.75,108.262,0.8,1,0
820,83,0,0.0,0.0,0.7928813348010331,0.928233834801033,715.0,715.0,108.282,0.8,1,0
821,84,1,0.0,1.4055555555555554,0.7928813348010331,0.928233834801033,660.0,695.75,108.282,0.6000000000000001,1,0
822,84,0,0.0,0.0,0.7928813348010331,0.928233834801033,660.0,660.0,108.282,0.6000000000000001,1,0
823,85,1,0.0,1.4055555555555554,0.7928813348010331,0.928233834801033,660.0,660.0,108.282,1.0,2,0
824,86,1,0.0,0.0,0.7928813348010331,0.928233834801033,605.0,640.75,108.282,0.8,1,0
825,88,2,0.0,0.0,0.772188082050401,0.929688082050401,605.0,605.0,126.0,0.8,1,0
826,89,1,0.0,0.0,0.772188082050401,0.929688082050401,605.0,605.0,126.0,0.8,1,0
827,91,1,0.0,0.0,0.793390582050401,0.929688082050401,550.0,585.75,109.038,0.8,1,0
828,91,0,0.0,0.0,0.793390582050401,0.929688082050401,550.0,550.0,109.038,0.8,1,0
829,91,0,0.0,0.0,0.793390582050401,0.929688082050401,550.0,550.0,109.038,1.0,2,0
830,89,0,0.0,0.0,0.7938255961452552,0.9309318461452551,550.0,550.0,109.685,1.2,2,0
831,89,1,0.0,0.0,0.7734318461452552,0.9309318461452551,660.0,588.5,126.0,1.2,2,0
832,89,0,0.0,0.0,0.7734318461452552,0.9309318461452551,715.0,679.25,126.0,1.2,2,0
833,90,1,0.0,0.0,0.7734318461452552,0.9309318461452551,715.0,715.0,126.0,1.2,2,0
834,90,0,0.0,0.0,0.7509318461452552,0.9309318461452551,715.0,715.0,144.0,1.2,2,0
835,89,0,0.0,0.0,0.7512380034609116,0.9312380034609116,715.0,715.0,144.0,1.2,2,0
836,89,0,0.0,0.0,0.7737380034609116,0.9312380034609116,715.0,715.0,126.0,1.0,2,0
837,90,1,0.0,0.0,0.7737380034609116,0.9312380034609116,715.0,715.0,126.0,1.2,2,0
838,88,0,0.0,0.0,0.7737380034609116,0.9312380034609116,715.0,715.0,126.0,1.2,2,0
839,88,1,0.0,0.0,0.7737380034609116,0.9312380034609116,825.0,753.5,126.0,1.4,2,0
840,86,0,0.0,0.0,0.7696463123995836,0.9271463123995836,825.0,825.0,126.0,1.4,2,0
841,87,1,0.0,0.0,0.7921463123995836,0.9271463123995836,770.0,805.75,108.0,1.2,2,0
842,86,1,0.0,0.0,0.7696463123995836,0.9271463123995836,770.0,770.0,126.0,1.2,2,0
843,86,0,0.0,0.0,0.7696463123995836,0.9271463123995836,825.0,789.25,126.0,1.2,2,0
844,87,1,0.0,0.0,0.7921463123995836,0.9271463123995836,825.0,825.0,108.0,1.0,2,0
845,84,0,0.0,0.0,0.7469932337417555,0.9269932337417555,825.0,825.0,144.0,1.0,2,0
846,83,0,0.0,0.0,0.7269932337417555,0.9269932337417555,880.0,844.25,160.0,1.0,2,0
847,82,0,0.0,0.0,0.7269932337417555,0.9269932337417555,935.0,899.25,160.0,1.2,2,0
848,81,0,0.0,0.0,0.7269932337417555,0.9269932337417555,935.0,935.0,160.0,1.4,2,0
849,81,1,10.0,14.766666666666666,0.7269932337417555,0.9269932337417555,990.0,954.25,160.0,0.8,1,0
850,82,1,10.0,22.766666666666666,0.7287919079712368,0.9287919079712368,990.0,990.0,160.0,1.0,2,0
851,82,0,0.0,0.0,0.7287919079712368,0.9287919079712368,935.0,970.75,160.0,1.0,2,0
852,82,0,0.0,0.0,0.7287919079712368,0.9287919079712368,935.0,935.0,160.0,0.8,1,0
853,82,1,0.0,14.766666666666666,0.7287919079712368,0.9287919079712368,880.0,915.75,160.0,0.8,1,0
854,82,0,0.0,0.0,0.7287919079712368,0.9287919079712368,880.0,880.0,160.0,1.2,2,0
855,83,1,0.0,22.766666666666666,0.7303226945495187,0.9303226945495187,880.0,880.0,160.0,1.2,2,0
856,83,0,0.0,0.0,0.7303226945495187,0.9303226945495187,880.0,880.0,160.0,1.5999999999999999,3,0
857,84,1,0.0,22.766666666666666,0.7303226945495187,0.9303226945495187,880.0,880.0,160.0,1.7999999999999998,3,0
858,85,1,0.0,22.766666666666666,0.7303226945495187,0.9303226945495187,880.0,880.0,160.0,1.9999999999999998,3,0
859,86,1,0.0,22.766666666666666,0.7303226945495187,0.9303226945495187,880.0,880.0,160.0,1.9999999999999998,3,0
860,86,0,0.0,0.0,0.7311454923353453,0.9311454923353453,880.0,880.0,160.0,1.9999999999999998,3,0
861,86,0,0.0,0.0,0.7311454923353453,0.9311454923353453,880.0,880.0,160.0,1.9999999999999998,3,0
862,86,0,0.0,0.0,0.7311454923353453,0.9311454923353453,880.0,880.0,160.0,1.9999999999999998,3,0
863,86,0,0.0,0.0,0.7311454923353453,0.9311454923353453,880.0,880.0,160.0,1.9999999999999998,3,0
864,87,0,0.0,0.0,0.7311454923353453,0.9311454923353453,880.0,880.0,160.0,1.9999999999999998,3,0
865,89,2,0.0,22.766666666666666,0.7321022339467715,0.9321022339467715,880.0,880.0,160.0,2.1999999999999997,4,0
866,89,0,0.0,0.0,0.7321022339467715,0.9321022339467715,825.0,860.75,160.0,1.7999999999999998,3,0
867,89,0,0.0,0.0,0.7321022339467715,0.9321022339467715,825.0,825.0,160.0,2.1999999999999997,4,0
868,89,0,0.0,0.0,0.7321022339467715,0.9321022339467715,770.0,805.75,160.0,1.9999999999999998,3,0
869,89,0,0.0,0.0,0.7321022339467715,0.9321022339467715,715.0,750.75,160.0,1.7999999999999998,3,0
870,89,0,0.0,0.0,0.7335182115316823,0.9335182115316822,715.0,715.0,160.0,1.9999999999999998,3,0
871,90,1,0.0,1.4055555555555554,0.7335182115316823,0.9335182115316822,660.0,695.75,160.0,1.7999999999999998,3,0
872,91,1,0.0,0.0,0.7653932115316824,0.9335182115316822,495.0,602.25,126.0,1.2,2,0
873,92,1,0.0,0.0,0.7485182115316823,0.9335182115316822,440.0,475.75,112.0,1.0,2,0
874,92,1,0.0,0.0,0.7310182115316823,0.9335182115316822,440.0,440.0,126.0,1.2,2,0
875,92,0,0.0,0.0,0.7676702565668767,0.9357952565668768,495.0,459.25,126.0,1.2,2,0
876,92,0,0.0,0.0,0.7676702565668767,0.9357952565668768,495.0,495.0,126.0,1.4,2,0
877,91,0,0.0,0.0,0.7676702565668767,0.9357952565668768,495.0,495.0,126.0,1.4,2,0
878,91,1,0.0,0.0,0.7607952565668767,0.9357952565668768,550.0,514.25,140.0,1.4,2,0
879,92,2,0.0,1.4055555555555554,0.7557952565668768,0.9357952565668768,605.0,569.25,144.0,1.5999999999999999,3,0
880,92,0,0.0,0.0,0.7451322004608151,0.9376322004608151,660.0,624.25,154.0,1.5999999999999999,3,0
881,93,2,0.0,1.4055555555555554,0.7376322004608151,0.9376322004608151,660.0,660.0,160.0,1.5999999999999999,3,0
882,94,1,0.0,1.4055555555555554,0.7376322004608151,0.9376322004608151,715.0,679.25,160.0,1.5999999999999999,3,0
883,93,0,0.0,0.0,0.7576322004608151,0.9376322004608151,660.0,695.75,144.0,1.4,2,0
884,93,0,0.0,0.0,0.762632200460815,0.9376322004608151,660.0,660.0,140.0,1.2,2,0
885,92,0,0.0,0.0,0.780495762273157,0.937995762273157,605.0,640.75,126.0,1.2,2,0
886,93,1,0.0,0.0,0.780495762273157,0.937995762273157,660.0,624.25,126.0,1.2,2,0
887,94,1,0.0,0.0,0.780495762273157,0.937995762273157,660.0,660.0,126.0,1.2,2,0
888,94,0,0.0,0.0,0.780495762273157,0.937995762273157,660.0,660.0,126.0,1.4,2,0
889,94,0,0.0,0.0,0.780495762273157,0.937995762273157,660.0,660.0,126.0,1.4,2,0
890,91,0,0.0,0.0,0.7816055825424115,0.9391055825424115,605.0,640.75,126.0,1.2,2,0
891,90,0,0.0,0.0,0.7816055825424115,0.9391055825424115,605.0,605.0,126.0,1.2,2,0
892,90,0,0.0,0.0,0.7816055825424115,0.9391055825424115,660.0,624.25,126.0,1.2,2,0
893,89,0,0.0,0.0,0.7816055825424115,0.9391055825424115,660.0,660.0,126.0,1.2,2,0
894,89,1,0.0,0.0,0.7591055825424116,0.9391055825424115,715.0,679.25,144.0,1.4,2,0
895,88,0,0.0,0.0,0.7406746387851506,0.9406746387851506,770.0,734.25,160.0,1.4,2,0
896,87,0,0.0,0.0,0.7606746387851506,0.9406746387851506,715.0,750.75,144.0,1.2,2,0
897,85,0,0.0,0.0,0.7406746387851506,0.9406746387851506,770.0,734.25,160.0,1.2,2,0
898,85,0,0.0,0.0,0.7406746387851506,0.9406746387851506,825.0,789.25,160.0,1.2,2,0
899,85,1,0.0,0.0,0.7831746387851506,0.9406746387851506,770.0,805.75,126.0,1.0,2,0
900,85,0,0.0,0.0,0.7793628265676287,0.9368628265676286,770.0,770.0,126.0,1.2,2,0
901,87,2,0.0,0.0,0.7793628265676287,0.9368628265676286,770.0,770.0,126.0,1.0,2,0
902,86,1,0.0,0.0,0.7793628265676287,0.9368628265676286,770.0,770.0,126.0,1.2,2,0
903,88,2,0.0,0.0,0.7959015765676286,0.9368628265676286,770.0,770.0,112.769,1.0,2,0
904,88,0,0.0,0.0,0.7959015765676286,0.9368628265676286,715.0,750.75,112.769,0.8,1,0
905,87,0,0.0,0.0,0.7962237985145979,0.9377812985145979,715.0,715.0,113.246,0.8,1,0
906,88,1,0.0,0.0,0.7962237985145979,0.9377812985145979,770.0,734.25,113.246,1.0,2,0
907,85,1,0.0,0.0,0.7962237985145979,0.9377812985145979,770.0,770.0,113.246,1.0,2,0
908,87,2,10.0,14.766666666666666,0.7962237985145979,0.9377812985145979,990.0,847.0,113.246,1.0,2,0
909,86,0,0.0,0.0,0.7802812985145979,0.9377812985145979,990.0,990.0,126.0,1.0,2,0
910,87,1,18.0,22.766666666666666,0.7541456803911781,0.9341456803911781,990.0,990.0,144.0,1.0,2,0
911,85,0,0.0,0.0,0.7541456803911781,0.9341456803911781,990.0,990.0,144.0,1.0,2,0
912,86,1,26.0,30.766666666666666,0.7341456803911781,0.9341456803911781,990.0,990.0,160.0,1.2,2,0
913,83,0,0.0,0.0,0.7341456803911781,0.9341456803911781,990.0,990.0,160.0,1.2,2,0
914,84,1,18.0,54.766666666666666,0.7541456803911781,0.9341456803911781,990.0,990.0,144.0,1.2,2,0
915,85,1,18.0,62.766666666666666,0.7364801299230581,0.9364801299230581,990.0,990.0,160.0,1.2,2,0
916,87,2,18.0,62.766666666666666,0.7364801299230581,0.9364801299230581,990.0,990.0,160.0,1.2,2,0
917,87,1,18.0,62.766666666666666,0.7364801299230581,0.9364801299230581,990.0,990.0,160.0,1.2,2,0
918,90,3,18.0,70.76666666666667,0.7364801299230581,0.9364801299230581,990.0,990.0,160.0,1.0,2,0
919,90,0,0.0,0.0,0.7564801299230581,0.9364801299230581,990.0,990.0,144.0,0.8,1,0
920,90,0,0.0,0.0,0.7420866357660159,0.9420866357660158,990.0,990.0,160.0,1.2,2,0
921,90,0,0.0,0.0,0.7420866357660159,0.9420866357660158,990.0,990.0,160.0,1.2,2,0
922,90,0,0.0,0.0,0.7420866357660159,0.9420866357660158,990.0,990.0,160.0,1.4,2,0
923,91,1,10.0,70.76666666666667,0.7420866357660159,0.9420866357660158,990.0,990.0,160.0,1.4,2,0
924,92,1,10.0,70.76666666666667,0.7420866357660159,0.9420866357660158,990.0,990.0,160.0,1.4,2,0
925,92,0,0.0,0.0,0.7444210852978959,0.9444210852978958,990.0,990.0,160.0,1.5999999999999999,3,0
926,92,0,0.0,0.0,0.7444210852978959,0.9444210852978958,990.0,990.0,160.0,1.7999999999999998,3,0
927,92,0,0.0,0.0,0.7444210852978959,0.9444210852978958,990.0,990.0,160.0,1.9999999999999998,3,0
928,92,0,0.0,0.0,0.7444210852978959,0.9444210852978958,935.0,970.75,160.0,1.7999999999999998,3,0
929,92,0,0.0,0.0,0.7444210852978959,0.9444210852978958,935.0,935.0,160.0,1.7999999999999998,3,0
930,92,0,0.0,0.0,0.7463345685207483,0.9463345685207483,825.0,896.5,160.0,1.5999999999999999,3,0
931,92,0,0.0,0.0,0.7463345685207483,0.9463345685207483,825.0,825.0,160.0,1.7999999999999998,3,0
932,91,0,0.0,0.0,0.7463345685207483,0.9463345685207483,825.0,825.0,160.0,1.9999999999999998,3,0
933,91,0,0.0,0.0,0.7463345685207483,0.9463345685207483,880.0,844.25,160.0,1.9999999999999998,3,0
934,90,0,0.0,0.0,0.7463345685207483,0.9463345685207483,880.0,880.0,160.0,1.9999999999999998,3,0
935,90,0,0.0,0.0,0.7492621978517127,0.9492621978517126,935.0,899.25,160.0,1.9999999999999998,3,0
936,90,0,0.0,0.0,0.7492621978517127,0.9492621978517126,935.0,935.0,160.0,2.1999999999999997,4,0
937,91,1,0.0,62.766666666666666,0.7492621978517127,0.9492621978517126,935.0,935.0,160.0,1.9999999999999998,3,0
938,91,1,0.0,62.766666666666666,0.7492621978517127,0.9492621978517126,935.0,935.0,160.0,1.9999999999999998,3,0
939,91,0,0.0,0.0,0.7492621978517127,0.9492621978517126,825.0,896.5,160.0,1.7999999999999998,3,0
940,92,1,0.0,62.766666666666666,0.7511374114101081,0.9511374114101081,880.0,844.25,160.0,1.5999999999999999,3,0
941,91,0,0.0,0.0,0.7511374114101081,0.9511374114101081,880.0,880.0,160.0,1.7999999999999998,3,0
942,89,0,0.0,0.0,0.7511374114101081,0.9511374114101081,935.0,899.25,160.0,1.7999999999999998,3,0
943,89,0,0.0,0.0,0.7511374114101081,0.9511374114101081,990.0,954.25,160.0,1.9999999999999998,3,0
944,91,2,10.0,62.766666666666666,0.7511374114101081,0.9511374114101081,990.0,990.0,160.0,2.1999999999999997,4,0
945,90,0,0.0,0.0,0.7539310969154727,0.9539310969154726,990.0,990.0,160.0,2.1999999999999997,4,0
946,90,0,0.0,0.0,0.7539310969154727,0.9539310969154726,990.0,990.0,160.0,1.7999999999999998,3,0
947,90,0,0.0,0.0,0.7539310969154727,0.9539310969154726,990.0,990.0,160.0,1.9999999999999998,3,0
948,89,0,0.0,0.0,0.7539310969154727,0.9539310969154726,935.0,970.75,160.0,1.7999999999999998,3,0
949,90,0,0.0,0.0,0.7539310969154727,0.9539310969154726,935.0,935.0,160.0,1.9999999999999998,3,0
950,90,0,0.0,0.0,0.7562846812795812,0.9562846812795811,935.0,935.0,160.0,2.1999999999999997,4,0
951,91,1,0.0,46.766666666666666,0.7562846812795812,0.9562846812795811,880.0,915.75,160.0,1.5999999999999999,3,0
952,92,1,0.0,46.766666666666666,0.7562846812795812,0.9562846812795811,880.0,880.0,160.0,1.5999999999999999,3,0
953,92,0,0.0,0.0,0.7562846812795812,0.9562846812795811,880.0,880.0,160.0,1.4,2,0
954,93,1,0.0,38.766666666666666,0.7562846812795812,0.9562846812795811,880.0,880.0,160.0,1.4,2,0
955,94,0,0.0,0.0,0.7586191308114612,0.9586191308114611,880.0,880.0,160.0,1.4,2,0
956,94,0,0.0,0.0,0.7586191308114612,0.9586191308114611,880.0,880.0,160.0,1.5999999999999999,3,0
957,95,1,0.0,38.766666666666666,0.7586191308114612,0.9586191308114611,880.0,880.0,160.0,1.7999999999999998,3,0
958,95,0,0.0,0.0,0.7586191308114612,0.9586191308114611,880.0,880.0,160.0,1.7999999999999998,3,0
959,95,0,0.0,0.0,0.7586191308114612,0.9586191308114611,880.0,880.0,160.0,1.7999999999999998,3,0
960,95,0,0.0,0.0,0.7529180619148501,0.9529180619148501,880.0,880.0,160.0,1.9999999999999998,3,0
961,95,1,0.0,22.766666666666666,0.7529180619148501,0.9529180619148501,825.0,860.75,160.0,1.7999999999999998,3,0
962,96,1,0.0,22.766666666666666,0.7529180619148501,0.9529180619148501,825.0,825.0,160.0,1.7999999999999998,3,0
963,96,0,0.0,0.0,0.7529180619148501,0.9529180619148501,825.0,825.0,160.0,1.7999999999999998,3,0
964,95,0,0.0,0.0,0.7529180619148501,0.9529180619148501,825.0,825.0,160.0,1.7999999999999998,3,0
965,95,0,0.0,0.0,0.7529180619148501,0.9529180619148501,825.0,825.0,160.0,1.7999999999999998,3,0
966,96,1,0.0,22.766666666666666,0.7529180619148501,0.9529180619148501,770.0,805.75,160.0,1.5999999999999999,3,0
967,95,0,0.0,0.0,0.7529180619148501,0.9529180619148501,770.0,770.0,160.0,1.5999999999999999,3,0
968,94,0,0.0,0.0,0.7529180619148501,0.9529180619148501,770.0,770.0,160.0,1.5999999999999999,3,0
969,94,0,0.0,0.0,0.7529180619148501,0.9529180619148501,825.0,789.25,160.0,1.4,2,0
970,93,0,0.0,0.0,0.7545062529898177,0.9545062529898176,825.0,825.0,160.0,1.4,2,0
971,91,0,0.0,0.0,0.7545062529898177,0.9545062529898176,825.0,825.0,160.0,1.4,2,0
972,89,0,0.0,0.0,0.7545062529898177,0.9545062529898176,880.0,844.25,160.0,1.2,2,0
973,89,0,0.0,0.0,0.7545062529898177,0.9545062529898176,935.0,899.25,160.0,1.4,2,0
974,89,0,0.0,0.0,0.7545062529898177,0.9545062529898176,935.0,935.0,160.0,1.4,2,0
975,88,0,0.0,0.0,0.7579696576231805,0.9579696576231804,935.0,935.0,160.0,1.4,2,0
976,89,1,0.0,1.4055555555555554,0.7579696576231805,0.9579696576231804,935.0,935.0,160.0,1.4,2,0
977,88,0,0.0,0.0,0.7579696576231805,0.9579696576231804,935.0,935.0,160.0,1.5999999999999999,3,0
978,88,0,0.0,0.0,0.7579696576231805,0.9579696576231804,880.0,915.75,160.0,1.4,2,0
979,88,0,0.0,0.0,0.7579696576231805,0.9579696576231804,880.0,880.0,160.0,1.5999999999999999,3,0
980,88,0,0.0,0.0,0.7599022756782616,0.9599022756782616,880.0,880.0,160.0,1.7999999999999998,3,0
981,87,1,0.0,0.0,0.7599022756782616,0.9599022756782616,880.0,880.0,160.0,1.9999999999999998,3,0
982,87,0,0.0,0.0,0.7599022756782616,0.9599022756782616,935.0,899.25,160.0,1.7999999999999998,3,0
983,87,0,0.0,0.0,0.7599022756782616,0.9599022756782616,935.0,935.0,160.0,1.5999999999999999,3,0
984,87,0,0.0,0.0,0.7599022756782616,0.9599022756782616,935.0,935.0,160.0,1.7999999999999998,3,0
985,86,0,0.0,0.0,0.7650112758832777,0.9650112758832776,935.0,935.0,160.0,1.9999999999999998,3,0
986,86,0,0.0,0.0,0.7650112758832777,0.9650112758832776,990.0,954.25,160.0,1.9999999999999998,3,0
987,86,0,0.0,0.0,0.7650112758832777,0.9650112758832776,935.0,970.75,160.0,1.5999999999999999,3,0
988,86,0,0.0,0.0,0.7650112758832777,0.9650112758832776,880.0,915.75,160.0,1.4,2,0
989,86,0,0.0,0.0,0.7650112758832777,0.9650112758832776,880.0,880.0,160.0,1.4,2,0
990,87,1,0.0,1.4055555555555554,0.7685703546777831,0.9685703546777831,880.0,880.0,160.0,1.5999999999999999,3,0
991,87,0,0.0,0.0,0.7685703546777831,0.9685703546777831,880.0,880.0,160.0,1.5999999999999999,3,0
992,88,1,0.0,1.4055555555555554,0.7685703546777831,0.9685703546777831,880.0,880.0,160.0,1.5999999999999999,3,0
993,89,1,0.0,1.4055555555555554,0.7685703546777831,0.9685703546777831,880.0,880.0,160.0,1.7999999999999998,3,0
994,89,0,0.0,0.0,0.7885703546777831,0.9685703546777831,825.0,860.75,144.0,1.5999999999999999,3,0
995,90,2,0.0,1.4055555555555554,0.7929522312581152,0.9729522312581151,825.0,825.0,144.0,1.5999999999999999,3,0
996,90,0,0.0,0.0,0.7929522312581152,0.9729522312581151,880.0,844.25,144.0,1.5999999999999999,3,0
997,89,0,0.0,0.0,0.8085334812581151,0.9729522312581151,770.0,841.5,131.535,1.2,2,0
998,88,0,0.0,0.0,0.8085334812581151,0.9729522312581151,825.0,789.25,131.535,1.2,2,0
999,88,0,0.0,0.0,0.8085334812581151,0.9729522312581151,825.0,825.0,131.535,1.2,2,0
1000,89,1,0.0,22.766666666666666,0.795420624615595,0.975420624615595,825.0,825.0,144.0,1.2,2,0
1001,89,0,0.0,0.0,0.775420624615595,0.975420624615595,825.0,825.0,160.0,1.2,2,0
1002,89,0,0.0,0.0,0.775420624615595,0.975420624615595,825.0,825.0,160.0,1.2,2,0
1003,90,1,0.0,14.766666666666666,0.775420624615595,0.975420624615595,825.0,825.0,160.0,1.2,2,0
1004,90,0,0.0,0.0,0.775420624615595,0.975420624615595,770.0,805.75,160.0,1.0,2,0
1005,90,0,0.0,0.0,0.7797068270347844,0.9797068270347844,770.0,770.0,160.0,1.2,2,0
1006,91,1,0.0,1.4055555555555554,0.7797068270347844,0.9797068270347844,770.0,770.0,160.0,1.5999999999999999,3,0
1007,91,0,0.0,0.0,0.7797068270347844,0.9797068270347844,770.0,770.0,160.0,1.5999999999999999,3,0
1008,92,1,0.0,1.4055555555555554,0.7797068270347844,0.9797068270347844,715.0,750.75,160.0,1.7999999999999998,3,0
1009,92,1,0.0,1.4055555555555554,0.7797068270347844,0.9797068270347844,715.0,715.0,160.0,1.7999999999999998,3,0
1010,92,0,0.0,0.0,0.783189366500376,0.9831893665003759,715.0,715.0,160.0,1.5999999999999999,3,0
1011,91,0,0.0,0.0,0.783189366500376,0.9831893665003759,715.0,715.0,160.0,1.7999999999999998,3,0
1012,90,0,0.0,0.0,0.783189366500376,0.9831893665003759,770.0,734.25,160.0,1.7999999999999998,3,0
1013,90,0,0.0,0.0,0.783189366500376,0.9831893665003759,825.0,789.25,160.0,1.7999999999999998,3,0
1014,91,1,0.0,14.766666666666666,0.783189366500376,0.9831893665003759,825.0,825.0,160.0,1.7999999999999998,3,0
1015,91,0,0.0,0.0,0.7856960295223125,0.9856960295223125,825.0,825.0,160.0,1.9999999999999998,3,0
1016,91,0,0.0,0.0,0.7856960295223125,0.9856960295223125,825.0,825.0,160.0,1.9999999999999998,3,0
1017,90,0,0.0,0.0,0.7856960295223125,0.9856960295223125,770.0,805.75,160.0,1.9999999999999998,3,0
1018,90,1,0.0,14.766666666666666,0.7856960295223125,0.9856960295223125,770.0,770.0,160.0,1.7999999999999998,3,0
1019,90,0,0.0,0.0,0.8056960295223126,0.9856960295223125,770.0,770.0,144.0,1.5999999999999999,3,0
1020,91,1,0.0,1.4055555555555554,0.9589955554896064,1.0,770.0,770.0,160.0,1.5999999999999999,3,0
1021,92,1,0.0,1.4055555555555554,0.9589955554896064,1.0,770.0,770.0,160.0,1.5999999999999999,3,0
1022,92,0,0.0,0.0,0.9589955554896064,1.0,715.0,750.75,160.0,1.4,2,0
1023,92,1,0.0,0.0,0.9589955554896064,1.0,715.0,715.0,160.0,1.4,2,0
1024,92,0,0.0,0.0,0.9589955554896064,1.0,770.0,734.25,160.0,1.5999999999999999,3,0
1025,93,1,0.0,0.0,0.9618466454916565,1.0,770.0,770.0,160.0,1.7999999999999998,3,0
1026,94,2,0.0,0.0,0.9798466454916566,1.0,715.0,750.75,145.6,1.5999999999999999,3,0
1027,93,1,0.0,0.0,0.9798466454916566,1.0,715.0,715.0,145.6,1.4,2,0
1028,92,0,0.0,0.0,0.9798466454916566,1.0,715.0,715.0,145.6,1.0,2,0
1029,92,1,0.0,0.0,0.9798466454916566,1.0,770.0,734.25,145.6,1.0,2,0
1030,92,0,0.0,0.0,0.9845920838843305,1.0,825.0,789.25,145.6,1.0,2,0
1031,91,1,0.0,1.4055555555555554,0.9665920838843305,1.0,825.0,825.0,160.0,1.2,2,0
1032,90,1,0.0,22.766666666666666,0.9665920838843305,1.0,880.0,844.25,160.0,1.2,2,0
1033,91,1,0.0,22.766666666666666,0.9665920838843305,1.0,880.0,880.0,160.0,1.2,2,0
1034,92,0,0.0,0.0,0.9845920838843305,1.0,880.0,880.0,145.6,1.0,2,0
1035,91,0,0.0,0.0,0.9707826121423775,1.0,880.0,880.0,160.0,1.2,2,0
1036,91,0,0.0,0.0,0.9707826121423775,1.0,880.0,880.0,160.0,1.5999999999999999,3,0
1037,90,0,0.0,0.0,0.9887826121423775,1.0,825.0,860.75,145.6,1.4,2,0
1038,89,0,0.0,0.0,0.9887826121423775,1.0,715.0,786.5,145.6,1.0,2,0
1039,90,1,0.0,38.766666666666666,0.9887826121423775,1.0,715.0,715.0,145.6,0.8,1,0
1040,90,0,0.0,0.0,0.9742268819435118,1.0,715.0,715.0,160.0,1.0,2,0
1041,90,0,0.0,0.0,0.9742268819435118,1.0,715.0,715.0,160.0,1.0,2,0
1042,90,0,0.0,0.0,0.9742268819435118,1.0,715.0,715.0,160.0,1.0,2,0
1043,90,0,0.0,0.0,0.9742268819435118,1.0,715.0,715.0,160.0,1.2,2,0
1044,90,0,0.0,0.0,0.9742268819435118,1.0,715.0,715.0,160.0,1.2,2,0
1045,90,0,0.0,0.0,0.9793932866452135,1.0,715.0,715.0,160.0,1.5999999999999999,3,0
1046,91,1,0.0,30.766666666666666,0.9793932866452135,1.0,715.0,715.0,160.0,1.5999999999999999,3,0
1047,92,1,0.0,30.766666666666666,0.9793932866452135,1.0,715.0,715.0,160.0,1.5999999999999999,3,0
1048,92,0,0.0,0.0,0.9793932866452135,1.0,660.0,695.75,160.0,1.7999999999999998,3,0
1049,92,0,0.0,0.0,0.9868932866452135,1.0,605.0,640.75,154.0,1.5999999999999999,3,0
1050,92,0,0.0,0.0,0.9909116014132037,1.0,605.0,605.0,154.0,1.4,2,0
1051,92,0,0.0,0.0,0.9909116014132037,1.0,605.0,605.0,154.0,1.4,2,0
1052,92,0,0.0,0.0,1.0,1.0,550.0,585.75,145.6,1.4,2,0
1053,92,0,0.0,0.0,1.0,1.0,550.0,550.0,145.6,1.4,2,0
1054,92,0,0.0,0.0,1.0,1.0,550.0,550.0,144.0,1.2,2,0
1055,92,0,0.0,0.0,1.0,1.0,550.0,550.0,144.0,1.2,2,0
1056,94,2,0.0,14.766666666666666,1.0,1.0,550.0,550.0,144.0,1.4,2,0
1057,95,1,0.0,1.4055555555555554,1.0,1.0,495.0,530.75,126.0,1.4,2,0
1058,95,0,0.0,0.0,1.0,1.0,495.0,495.0,126.0,1.4,2,0
1059,95,0,0.0,0.0,1.0,1.0,440.0,475.75,112.0,1.2,2,0
1060,95,0,0.0,0.0,1.0,1.0,440.0,440.0,112.0,1.2,2,0
1061,94,0,0.0,0.0,0.9889673657814122,1.0,440.0,440.0,126.0,1.2,2,0
1062,97,4,0.0,1.4055555555555554,1.0,1.0,440.0,440.0,112.0,1.0,2,0
1063,96,0,0.0,0.0,1.0,1.0,495.0,459.25,126.0,1.2,2,0
1064,97,0,0.0,0.0,1.0,1.0,495.0,495.0,126.0,1.0,2,0
1065,97,0,0.0,0.0,1.0,1.0,495.0,495.0,126.0,1.0,2,0
1066,98,0,0.0,0.0,1.0,1.0,495.0,495.0,126.0,1.0,2,0
1067,99,1,0.0,1.4055555555555554,1.0,1.0,495.0,495.0,126.0,1.2,2,0
1068,101,2,0.0,1.4055555555555554,1.0,1.0,495.0,495.0,126.0,1.2,2,0
1069,101,0,0.0,0.0,1.0,1.0,495.0,495.0,126.0,1.2,2,0
1070,102,2,0.0,1.4055555555555554,1.0,1.0,440.0,475.75,112.0,1.0,2,0
1071,104,2,0.0,1.4055555555555554,1.0,1.0,495.0,459.25,112.0,1.0,2,0
1072,105,1,0.0,1.4055555555555554,1.0,1.0,495.0,495.0,112.0,1.0,2,0
1073,105,0,0.0,0.0,1.0,1.0,440.0,475.75,98.0,1.0,2,0
1074,105,0,0.0,0.0,1.0,1.0,440.0,440.0,98.0,1.0,2,0
1075,103,0,0.0,0.0,0.9979542874652776,1.0,385.0,420.75,98.0,0.8,1,0
1076,103,0,0.0,0.0,1.0,1.0,495.0,423.5,98.0,0.8,1,0
1077,102,0,0.0,0.0,1.0,1.0,440.0,475.75,98.0,0.6000000000000001,1,0
1078,101,0,0.0,0.0,1.0,1.0,495.0,459.25,112.0,0.6000000000000001,1,0
1079,101,0,0.0,0.0,1.0,1.0,550.0,514.25,126.0,0.6000000000000001,1,0
1080,101,0,0.0,0.0,1.0,1.0,550.0,550.0,126.0,0.6000000000000001,1,0
1081,100,0,0.0,0.0,1.0,1.0,550.0,550.0,145.6,0.6000000000000001,1,0
1082,99,0,0.0,0.0,1.0,1.0,550.0,550.0,145.6,0.6000000000000001,1,0
1083,99,0,0.0,0.0,1.0,1.0,605.0,569.25,145.6,0.6000000000000001,1,0
1084,99,1,0.0,0.0,1.0,1.0,605.0,605.0,145.6,0.8,1,0
1085,98,0,0.0,0.0,1.0,1.0,660.0,624.25,145.6,0.8,1,0
1086,96,1,0.0,0.0,1.0,1.0,715.0,679.25,145.6,0.8,1,0
1087,94,0,0.0,0.0,1.0,1.0,770.0,734.25,145.6,1.0,2,0
1088,91,1,0.0,0.0,1.0,1.0,770.0,770.0,145.6,1.0,2,0
1089,92,1,0.0,0.0,1.0,1.0,825.0,789.25,145.6,1.0,2,0
1090,92,0,0.0,0.0,1.0,1.0,825.0,825.0,145.6,1.2,2,0
1091,92,1,0.0,0.0,1.0,1.0,825.0,825.0,160.0,1.2,2,0
1092,93,1,0.0,0.0,1.0,1.0,880.0,844.25,160.0,1.5999999999999999,3,0
1093,92,0,0.0,0.0,1.0,1.0,880.0,880.0,160.0,1.4,2,0
1094,93,1,0.0,0.0,1.0,1.0,880.0,880.0,160.0,1.2,2,0
1095,92,0,0.0,0.0,1.0,1.0,880.0,880.0,145.6,1.2,2,0
1096,90,0,0.0,0.0,1.0,1.0,935.0,899.25,160.0,1.2,2,0
1097,91,1,10.0,14.766666666666666,1.0,1.0,990.0,954.25,145.6,1.2,2,0
1098,91,0,0.0,0.0,1.0,1.0,935.0,970.75,145.6,1.2,2,0
1099,90,0,0.0,0.0,1.0,1.0,935.0,935.0,160.0,1.2,2,0
1100,90,0,0.0,0.0,1.0,1.0,990.0,954.25,160.0,1.2,2,0
1101,90,1,10.0,14.766666666666666,1.0,1.0,990.0,990.0,160.0,1.4,2,0
1102,91,0,0.0,0.0,1.0,1.0,990.0,990.0,160.0,1.2,2,0
1103,92,1,18.0,22.766666666666666,1.0,1.0,990.0,990.0,160.0,1.2,2,0
1104,93,1,10.0,22.766666666666666,1.0,1.0,990.0,990.0,160.0,1.4,2,0
1105,93,0,0.0,0.0,1.0,1.0,990.0,990.0,160.0,1.5999999999999999,3,0
1106,93,0,0.0,0.0,1.0,1.0,990.0,990.0,160.0,1.7999999999999998,3,0
1107,92,0,0.0,0.0,1.0,1.0,990.0,990.0,160.0,1.7999999999999998,3,0
1108,94,2,0.0,30.766666666666666,1.0,1.0,935.0,970.75,160.0,1.5999999999999999,3,0
1109,93,0,0.0,0.0,1.0,1.0,935.0,935.0,160.0,1.7999999999999998,3,0
1110,93,0,0.0,0.0,1.0,1.0,935.0,935.0,160.0,1.9999999999999998,3,0
1111,93,0,0.0,0.0,1.0,1.0,935.0,935.0,160.0,1.5999999999999999,3,0
1112,93,0,0.0,0.0,1.0,1.0,935.0,935.0,160.0,1.5999999999999999,3,0
1113,93,0,0.0,0.0,1.0,1.0,880.0,915.75,160.0,1.5999999999999999,3,0
1114,95,1,0.0,38.766666666666666,1.0,1.0,880.0,880.0,160.0,1.7999999999999998,3,0
1115,95,0,0.0,0.0,1.0,1.0,880.0,880.0,160.0,1.9999999999999998,3,0
1116,95,0,0.0,0.0,1.0,1.0,880.0,880.0,160.0,1.9999999999999998,3,0
1117,95,0,0.0,0.0,1.0,1.0,880.0,880.0,160.0,1.7999999999999998,3,0
1118,95,0,0.0,0.0,1.0,1.0,880.0,880.0,160.0,1.7999999999999998,3,0
1119,96,1,0.0,22.766666666666666,1.0,1.0,825.0,860.75,145.6,1.5999999999999999,3,0
1120,98,2,0.0,22.766666666666666,1.0,1.0,825.0,825.0,160.0,1.5999999999999999,3,0
1121,99,1,0.0,22.766666666666666,1.0,1.0,825.0,825.0,160.0,1.5999999999999999,3,0
1122,99,0,0.0,0.0,1.0,1.0,825.0,825.0,160.0,1.5999999999999999,3,0
1123,100,1,0.0,22.766666666666666,1.0,1.0,825.0,825.0,160.0,1.5999999999999999,3,0
1124,102,2,0.0,22.766666666666666,1.0,1.0,825.0,825.0,160.0,1.5999999999999999,3,0
1125,104,1,0.0,22.766666666666666,1.0,1.0,770.0,805.75,160.0,1.5999999999999999,3,0
1126,105,1,0.0,14.766666666666666,1.0,1.0,770.0,770.0,160.0,1.9999999999999998,3,0
1127,104,0,0.0,0.0,1.0,1.0,770.0,770.0,160.0,2.1999999999999997,4,0
1128,105,0,0.0,0.0,1.0,1.0,770.0,770.0,160.0,1.9999999999999998,3,0
1129,105,0,0.0,0.0,1.0,1.0,770.0,770.0,160.0,1.9999999999999998,3,0
1130,105,0,0.0,0.0,1.0,1.0,715.0,750.75,160.0,1.7999999999999998,3,0
1131,105,0,0.0,0.0,1.0,1.0,715.0,715.0,160.0,1.7999999999999998,3,0
1132,106,0,0.0,0.0,1.0,1.0,715.0,715.0,160.0,1.7999999999999998,3,0
1133,105,0,0.0,0.0,1.0,1.0,715.0,715.0,160.0,1.7999999999999998,3,0
1134,105,0,0.0,0.0,1.0,1.0,715.0,715.0,145.6,1.5999999999999999,3,0
1135,105,1,0.0,0.0,1.0,1.0,715.0,715.0,160.0,1.5999999999999999,3,0
1136,105,0,0.0,0.0,1.0,1.0,770.0,734.25,160.0,1.5999999999999999,3,0
1137,105,0,0.0,0.0,1.0,1.0,660.0,731.5,145.6,1.2,2,0
1138,107,1,0.0,0.0,1.0,1.0,605.0,640.75,140.0,1.0,2,0
1139,106,0,0.0,0.0,1.0,1.0,550.0,585.75,140.0,1.0,2,0
1140,106,0,0.0,0.0,1.0,1.0,550.0,550.0,140.0,1.0,2,0
1141,106,0,0.0,0.0,1.0,1.0,550.0,550.0,140.0,1.0,2,0
1142,106,0,0.0,0.0,1.0,1.0,550.0,550.0,140.0,1.0,2,0
1143,105,0,0.0,0.0,1.0,1.0,550.0,550.0,145.6,1.2,2,0
1144,103,0,0.0,0.0,1.0,1.0,605.0,569.25,145.6,1.2,2,0
1145,103,0,0.0,0.0,1.0,1.0,495.0,566.5,126.0,0.8,1,0
1146,104,1,0.0,0.0,1.0,1.0,495.0,495.0,126.0,0.8,1,0
1147,105,1,0.0,0.0,1.0,1.0,495.0,495.0,126.0,0.8,1,0
1148,105,1,0.0,0.0,1.0,1.0,440.0,475.75,112.0,0.6000000000000001,1,0
1149,105,0,0.0,0.0,1.0,1.0,440.0,440.0,112.0,0.6000000000000001,1,0
1150,104,1,0.0,0.0,1.0,1.0,440.0,440.0,126.0,0.8,1,0
1151,104,0,0.0,0.0,1.0,1.0,440.0,440.0,126.0,0.8,1,0
1152,105,1,0.0,0.0,1.0,1.0,440.0,440.0,126.0,1.0,2,0
1153,103,0,0.0,0.0,1.0,1.0,440.0,440.0,112.0,0.6000000000000001,1,0
1154,103,1,0.0,0.0,1.0,1.0,440.0,440.0,112.0,0.8,1,0
1155,103,0,0.0,0.0,1.0,1.0,440.0,440.0,112.0,0.8,1,0
1156,104,1,0.0,0.0,1.0,1.0,440.0,440.0,112.0,1.0,2,0
1157,105,1,0.0,0.0,1.0,1.0,440.0,440.0,112.0,1.0,2,0
1158,105,1,0.0,0.0,1.0,1.0,385.0,420.75,98.0,0.8,1,0
1159,105,0,0.0,0.0,1.0,1.0,385.0,385.0,98.0,0.8,1,0
1160,106,1,0.0,0.0,1.0,1.0,385.0,385.0,98.0,0.8,1,0
1161,107,1,0.0,0.0,1.0,1.0,385.0,385.0,98.0,0.8,1,0
1162,107,1,0.0,0.0,0.9997788328791494,1.0,385.0,385.0,112.0,0.8,1,0
1163,107,0,0.0,0.0,1.0,1.0,440.0,404.25,112.0,0.6000000000000001,1,0
1164,106,0,0.0,0.0,1.0,1.0,440.0,440.0,112.0,0.4,0,0
1165,106,1,0.0,0.0,1.0,1.0,495.0,459.25,112.0,0.4,0,0
1166,107,1,0.0,0.0,1.0,1.0,550.0,514.25,112.0,0.4,0,0
1167,107,0,0.0,0.0,1.0,1.0,550.0,550.0,112.0,0.4,0,0
1168,107,0,0.0,0.0,1.0,1.0,550.0,550.0,112.0,0.4,0,0
1169,105,0,0.0,0.0,1.0,1.0,550.0,550.0,112.0,0.4,0,0
1170,104,0,0.0,0.0,1.0,1.0,660.0,588.5,112.0,0.6000000000000001,1,0
1171,103,0,0.0,0.0,1.0,1.0,660.0,660.0,112.0,0.4,0,0
1172,103,1,0.0,0.0,1.0,1.0,715.0,679.25,112.0,0.2,0,0
1173,103,0,0.0,0.0,1.0,1.0,770.0,734.25,145.6,0.2,0,0
1174,104,1,0.0,0.0,1.0,1.0,770.0,770.0,145.6,0.2,0,0
1175,102,0,0.0,0.0,1.0,1.0,770.0,770.0,145.6,0.2,0,0
1176,100,0,0.0,0.0,1.0,1.0,770.0,770.0,145.6,0.4,0,0
1177,100,0,0.0,0.0,1.0,1.0,825.0,789.25,145.6,0.6000000000000001,1,0
1178,100,1,0.0,0.0,1.0,1.0,825.0,825.0,145.6,0.8,1,0
1179,99,0,0.0,0.0,1.0,1.0,825.0,825.0,160.0,1.0,2,0
1180,99,0,0.0,0.0,1.0,1.0,880.0,844.25,160.0,1.0,2,0
1181,99,0,0.0,0.0,1.0,1.0,880.0,880.0,160.0,1.0,2,0
1182,99,0,0.0,0.0,1.0,1.0,880.0,880.0,160.0,1.0,2,0
1183,99,0,0.0,0.0,1.0,1.0,880.0,880.0,160.0,1.2,2,0
1184,99,1,0.0,0.0,1.0,1.0,880.0,880.0,160.0,1.5999999999999999,3,0
1185,99,0,0.0,0.0,1.0,1.0,935.0,899.25,160.0,1.7999999999999998,3,0
1186,99,0,0.0,0.0,1.0,1.0,935.0,935.0,160.0,1.7999999999999998,3,0
1187,99,0,0.0,0.0,1.0,1.0,935.0,935.0,160.0,1.5999999999999999,3,0
1188,99,0,0.0,0.0,1.0,1.0,935.0,935.0,160.0,1.4,2,0
1189,98,0,0.0,0.0,1.0,1.0,935.0,935.0,160.0,1.5999999999999999,3,0
1190,98,0,0.0,0.0,1.0,1.0,990.0,954.25,160.0,1.5999999999999999,3,0
1191,98,0,0.0,0.0,1.0,1.0,990.0,990.0,160.0,1.7999999999999998,3,0
1192,98,0,0.0,0.0,1.0,1.0,990.0,990.0,145.6,1.4,2,0
1193,99,1,10.0,14.766666666666666,1.0,1.0,990.0,990.0,160.0,1.4,2,0
1194,100,1,10.0,14.766666666666666,1.0,1.0,990.0,990.0,160.0,1.4,2,0
1195,100,0,0.0,0.0,1.0,1.0,990.0,990.0,160.0,1.2,2,0
1196,101,1,10.0,14.766666666666666,1.0,1.0,990.0,990.0,160.0,1.2,2,0
1197,103,2,10.0,14.766666666666666,1.0,1.0,990.0,990.0,160.0,1.4,2,0
1198,106,4,10.0,14.766666666666666,1.0,1.0,990.0,990.0,160.0,1.7999999999999998,3,0
1199,106,1,18.0,22.766666666666666,1.0,1.0,990.0,990.0,160.0,1.7999999999999998,3,0
1200,107,0,0.0,0.0,0.8463261122121233,1.0,990.0,990.0,160.0,2.1999999999999997,4,0
1201,106,0,0.0,0.0,0.8463261122121233,1.0,990.0,990.0,160.0,2.1999999999999997,4,0
1202,105,0,0.0,0.0,0.8463261122121233,1.0,990.0,990.0,160.0,2.1999999999999997,4,0
1203,101,1,18.0,46.766666666666666,0.8463261122121233,1.0,990.0,990.0,160.0,2.4,4,0
1204,100,0,0.0,0.0,0.8463261122121233,1.0,990.0,990.0,160.0,1.9999999999999998,3,0
1205,100,0,0.0,0.0,0.8474933369780633,1.0,990.0,990.0,160.0,1.7999999999999998,3,0
1206,100,0,0.0,0.0,0.8474933369780633,1.0,990.0,990.0,160.0,1.5999999999999999,3,0
1207,100,0,0.0,0.0,0.8654933369780633,1.0,935.0,970.75,145.6,1.5999999999999999,3,0
1208,100,0,0.0,0.0,0.8654933369780633,1.0,935.0,935.0,145.6,1.5999999999999999,3,0
1209,100,0,0.0,0.0,0.8474933369780633,1.0,935.0,935.0,160.0,1.5999999999999999,3,0
1210,100,0,0.0,0.0,0.8485840224150893,1.0,935.0,935.0,160.0,1.5999999999999999,3,0
1211,101,0,0.0,0.0,0.8485840224150893,1.0,935.0,935.0,160.0,1.5999999999999999,3,0
1212,102,1,0.0,86.76666666666667,0.8485840224150893,1.0,880.0,915.75,160.0,1.4,2,0
1213,102,0,0.0,0.0,0.8485840224150893,1.0,880.0,880.0,160.0,1.4,2,0
1214,102,0,0.0,0.0,0.8485840224150893,1.0,880.0,880.0,160.0,1.5999999999999999,3,0
1215,103,1,0.0,86.76666666666667,0.8486414269117748,1.0,880.0,880.0,160.0,1.9999999999999998,3,0
1216,104,1,0.0,86.76666666666667,0.8486414269117748,1.0,880.0,880.0,160.0,1.9999999999999998,3,0
1217,105,1,0.0,86.76666666666667,0.8486414269117748,1.0,715.0,822.25,160.0,2.1999999999999997,4,0
1218,105,0,0.0,0.0,0.8486414269117748,1.0,715.0,715.0,160.0,2.1999999999999997,4,0
1219,107,2,0.0,78.76666666666667,0.8486414269117748,1.0,715.0,715.0,160.0,2.4,4,0
1220,107,0,0.0,0.0,0.8500000000000001,1.0,715.0,715.0,160.0,2.4,4,0
1221,110,3,0.0,70.76666666666667,0.8500000000000001,1.0,715.0,715.0,160.0,2.4,4,0
1222,111,1,0.0,70.76666666666667,0.8500000000000001,1.0,715.0,715.0,160.0,2.4,4,0
1223,111,1,0.0,70.76666666666667,0.8500000000000001,1.0,660.0,695.75,160.0,2.1999999999999997,4,0
1224,111,0,0.0,0.0,0.8500000000000001,1.0,715.0,679.25,160.0,1.9999999999999998,3,0
1225,114,3,0.0,62.76666666666667,0.8497703820132578,1.0,660.0,695.75,160.0,1.7999999999999998,3,0
1226,114,0,0.0,0.0,0.8497703820132578,1.0,660.0,660.0,160.0,1.7999999999999998,3,0
1227,114,0,0.0,0.0,0.8497703820132578,1.0,660.0,660.0,160.0,1.5999999999999999,3,0
1228,114,1,0.0,54.766666666666666,0.8677703820132578,1.0,660.0,660.0,145.6,1.4,2,0
1229,114,0,0.0,0.0,0.8677703820132578,1.0,715.0,679.25,145.6,1.2,2,0
1230,113,1,0.0,46.766666666666666,0.8657420897970343,1.0,715.0,715.0,145.6,1.2,2,0
1231,113,0,0.0,0.0,0.8657420897970343,1.0,825.0,753.5,145.6,1.2,2,0
1232,115,2,0.0,38.766666666666666,0.8657420897970343,1.0,770.0,805.75,145.6,1.0,2,0
1233,116,2,0.0,38.766666666666666,0.8657420897970343,1.0,770.0,770.0,145.6,1.0,2,0
1234,116,0,0.0,0.0,0.8657420897970343,1.0,825.0,789.25,145.6,1.0,2,0
1235,118,2,0.0,30.766666666666666,0.8643643818765805,1.0,770.0,805.75,145.6,0.6000000000000001,1,0
1236,114,0,0.0,0.0,0.8643643818765805,1.0,770.0,770.0,145.6,0.6000000000000001,1,0
1237,113,0,0.0,0.0,0.8643643818765805,1.0,825.0,789.25,145.6,0.6000000000000001,1,0
1238,113,0,0.0,0.0,0.8643643818765805,1.0,825.0,825.0,145.6,0.8,1,0
1239,114,1,0.0,30.766666666666666,0.8643643818765805,1.0,825.0,825.0,145.6,0.8,1,0
1240,113,0,0.0,0.0,0.8627187863049273,1.0,825.0,825.0,145.6,1.0,2,0
1241,112,0,0.0,0.0,0.8627187863049273,1.0,825.0,825.0,145.6,1.0,2,0
1242,111,0,0.0,0.0,0.8627187863049273,1.0,825.0,825.0,145.6,1.0,2,0
1243,111,0,0.0,0.0,0.8627187863049273,1.0,825.0,825.0,145.6,0.8,1,0
1244,110,0,0.0,0.0,0.8627187863049273,1.0,825.0,825.0,145.6,0.8,1,0
1245,108,0,0.0,0.0,0.8435132918745303,1.0,825.0,825.0,160.0,0.8,1,0
1246,108,0,0.0,0.0,0.8615132918745303,1.0,770.0,805.75,145.6,0.6000000000000001,1,0
1247,108,0,0.0,0.0,0.8435132918745303,1.0,770.0,770.0,160.0,1.0,2,0
1248,109,1,0.0,30.766666666666666,0.8435132918745303,1.0,770.0,770.0,160.0,1.4,2,0
1249,110,1,0.0,30.766666666666666,0.8435132918745303,1.0,770.0,770.0,160.0,1.4,2,0
1250,110,0,0.0,0.0,0.8430157862365886,1.0,770.0,770.0,160.0,1.5999999999999999,3,0
1251,111,1,0.0,30.766666666666666,0.8430157862365886,1.0,770.0,770.0,160.0,1.7999999999999998,3,0
1252,111,0,0.0,0.0,0.8430157862365886,1.0,770.0,770.0,160.0,1.9999999999999998,3,0
1253,112,1,0.0,30.766666666666666,0.8430157862365886,1.0,770.0,770.0,160.0,2.1999999999999997,4,0
1254,112,0,0.0,0.0,0.8430157862365886,1.0,770.0,770.0,160.0,2.1999999999999997,4,0
1255,112,0,0.0,0.0,0.8410448985170504,1.0,715.0,750.75,160.0,2.1999999999999997,4,0
1256,112,0,0.0,0.0,0.8410448985170504,1.0,715.0,715.0,160.0,1.9999999999999998,3,0
1257,113,1,0.0,22.766666666666666,0.8410448985170504,1.0,715.0,715.0,160.0,1.9999999999999998,3,0
1258,113,0,0.0,0.0,0.8410448985170504,1.0,715.0,715.0,160.0,1.7999999999999998,3,0
1259,113,1,0.0,14.766666666666666,0.8410448985170504,1.0,770.0,734.25,160.0,1.9999999999999998,3,0
1260,111,0,0.0,0.0,0.8313829193491349,1.0,825.0,789.25,160.0,1.9999999999999998,3,0
1261,111,1,0.0,14.766666666666666,0.8313829193491349,1.0,935.0,863.5,160.0,1.9999999999999998,3,0
1262,110,0,0.0,0.0,0.8313829193491349,1.0,935.0,935.0,160.0,1.7999999999999998,3,0
1263,110,0,0.0,0.0,0.8313829193491349,1.0,935.0,935.0,160.0,1.7999999999999998,3,0
1264,111,1,0.0,0.0,0.8313829193491349,1.0,880.0,915.75,160.0,1.4,2,0
1265,111,0,0.0,0.0,0.8314020541813634,1.0,880.0,880.0,160.0,1.4,2,0
1266,111,0,0.0,0.0,0.8314020541813634,1.0,880.0,880.0,160.0,1.5999999999999999,3,0
1267,112,1,0.0,0.0,0.8314020541813634,1.0,880.0,880.0,160.0,1.5999999999999999,3,0
1268,112,0,0.0,0.0,0.8314020541813634,1.0,880.0,880.0,160.0,1.5999999999999999,3,0
1269,113,2,0.0,0.0,0.8314020541813634,1.0,880.0,880.0,160.0,1.7999999999999998,3,0
1270,113,0,0.0,0.0,0.8327414924373602,1.0,935.0,899.25,160.0,1.7999999999999998,3,0
1271,114,1,0.0,1.4055555555555554,0.8327414924373602,1.0,935.0,935.0,160.0,1.9999999999999998,3,0
1272,113,0,0.0,0.0,0.8327414924373602,1.0,935.0,935.0,160.0,1.9999999999999998,3,0
1273,113,0,0.0,0.0,0.8327414924373602,1.0,990.0,954.25,160.0,2.1999999999999997,4,0
1274,112,0,0.0,0.0,0.8327414924373602,1.0,990.0,990.0,160.0,2.1999999999999997,4,0
1275,113,2,26.0,30.766666666666666,0.8316316721681056,1.0,990.0,990.0,160.0,2.4,4,0
1276,115,1,26.0,38.766666666666666,0.8316316721681056,1.0,990.0,990.0,160.0,2.1999999999999997,4,0
1277,117,0,0.0,0.0,0.8316316721681056,1.0,990.0,990.0,160.0,1.9999999999999998,3,0
1278,116,0,0.0,0.0,0.8316316721681056,1.0,990.0,990.0,160.0,1.7999999999999998,3,0
1279,116,1,18.0,38.766666666666666,0.8316316721681056,1.0,990.0,990.0,160.0,1.5999999999999999,3,0
1280,116,0,0.0,0.0,0.8483879080732517,1.0,990.0,990.0,145.6,1.0,2,0
1281,113,0,0.0,0.0,0.8483879080732517,1.0,990.0,990.0,145.6,1.2,2,0
1282,112,0,0.0,0.0,0.8303879080732517,1.0,990.0,990.0,160.0,1.2,2,0
1283,112,0,0.0,0.0,0.8303879080732517,1.0,990.0,990.0,160.0,1.2,2,0
1284,112,0,0.0,0.0,0.8483879080732517,1.0,990.0,990.0,145.6,1.2,2,0
1285,112,0,0.0,0.0,0.8459003798835434,1.0,990.0,990.0,145.6,1.2,2,0
1286,111,0,0.0,0.0,0.8459003798835434,1.0,990.0,990.0,145.6,1.4,2,0
1287,112,1,18.0,22.766666666666666,0.8279003798835434,1.0,990.0,990.0,160.0,1.4,2,0
1288,112,0,0.0,0.0,0.8279003798835434,1.0,990.0,990.0,160.0,1.4,2,0
1289,112,0,0.0,0.0,0.8279003798835434,1.0,990.0,990.0,160.0,1.4,2,0
1290,111,0,0.0,0.0,0.8250875595459504,1.0,990.0,990.0,160.0,1.4,2,0
1291,112,1,18.0,22.766666666666666,0.8250875595459504,1.0,990.0,990.0,160.0,1.4,2,0
1292,111,0,0.0,0.0,0.8250875595459504,1.0,990.0,990.0,160.0,1.7999999999999998,3,0
1293,111,0,0.0,0.0,0.8250875595459504,1.0,990.0,990.0,160.0,1.7999999999999998,3,0
1294,111,0,0.0,0.0,0.8250875595459504,1.0,990.0,990.0,160.0,1.7999999999999998,3,0
1295,111,0,0.0,0.0,0.822925323504127,1.0,990.0,990.0,160.0,1.7999999999999998,3,0
1296,110,0,0.0,0.0,0.822925323504127,1.0,990.0,990.0,160.0,1.7999999999999998,3,0
1297,110,1,26.0,30.766666666666666,0.822925323504127,1.0,990.0,990.0,160.0,1.7999999999999998,3,0
1298,110,0,0.0,0.0,0.822925323504127,1.0,990.0,990.0,160.0,1.4,2,0
1299,112,1,26.0,30.766666666666666,0.822925323504127,1.0,990.0,990.0,160.0,1.4,2,0
1300,113,1,26.0,30.766666666666666,0.8208587616234464,1.0,990.0,990.0,160.0,1.4,2,0
1301,113,0,0.0,0.0,0.8208587616234464,1.0,990.0,990.0,160.0,1.9999999999999998,3,0
1302,112,0,0.0,0.0,0.8208587616234464,1.0,990.0,990.0,160.0,1.9999999999999998,3,0
1303,111,0,0.0,0.0,0.8208587616234464,1.0,935.0,970.75,160.0,1.4,2,0
1304,110,0,0.0,0.0,0.8208587616234464,1.0,935.0,935.0,160.0,1.5999999999999999,3,0
1305,110,0,0.0,0.0,0.8369835480650509,1.0,935.0,935.0,145.6,1.4,2,0
1306,110,0,0.0,0.0,0.8189835480650509,1.0,935.0,935.0,160.0,1.5999999999999999,3,0
1307,111,1,0.0,38.766666666666666,0.8369835480650509,1.0,880.0,915.75,145.6,1.2,2,0
1308,111,1,0.0,38.766666666666666,0.8189835480650509,1.0,880.0,880.0,160.0,1.2,2,0
1309,112,1,0.0,30.766666666666666,0.8369835480650509,1.0,825.0,860.75,145.6,0.8,1,0
1310,113,1,0.0,22.766666666666666,0.8349743906810558,1.0,825.0,825.0,145.6,0.6000000000000001,1,0
1311,112,0,0.0,0.0,0.8349743906810558,1.0,825.0,825.0,145.6,0.6000000000000001,1,0
1312,112,0,0.0,0.0,0.8349743906810558,1.0,825.0,825.0,145.6,0.4,0,0
1313,112,0,0.0,0.0,0.8349743906810558,1.0,825.0,825.0,145.6,0.6000000000000001,1,0
1314,112,0,0.0,0.0,0.8349743906810558,1.0,825.0,825.0,145.6,0.6000000000000001,1,0
1315,113,1,0.0,14.766666666666666,0.8326399411491758,1.0,825.0,825.0,145.6,0.6000000000000001,1,0
1316,113,0,0.0,0.0,0.8326399411491758,1.0,825.0,825.0,145.6,0.6000000000000001,1,0
1317,113,0,0.0,0.0,0.8326399411491758,1.0,825.0,825.0,145.6,0.6000000000000001,1,0
1318,114,1,0.0,14.766666666666666,0.8326399411491758,1.0,825.0,825.0,145.6,0.8,1,0
1319,114,0,0.0,0.0,0.8326399411491758,1.0,825.0,825.0,145.6,0.8,1,0
1320,114,0,0.0,0.0,0.8058722073844662,1.0,825.0,825.0,160.0,1.0,2,0
1321,114,0,0.0,0.0,0.8058722073844662,1.0,825.0,825.0,160.0,1.0,2,0
1322,114,0,0.0,0.0,0.8058722073844662,1.0,825.0,825.0,160.0,1.2,2,0
1323,114,0,0.0,0.0,0.8058722073844662,1.0,770.0,805.75,160.0,1.0,2,0
1324,112,0,0.0,0.0,0.8058722073844662,1.0,770.0,770.0,160.0,1.2,2,0
1325,111,1,0.0,14.766666666666666,0.8024662072477888,1.0,880.0,808.5,160.0,1.7999999999999998,3,0
1326,112,1,10.0,14.766666666666666,0.8024662072477888,1.0,990.0,918.5,160.0,1.7999999999999998,3,0
1327,112,0,0.0,0.0,0.8024662072477888,1.0,990.0,990.0,160.0,1.9999999999999998,3,0
1328,112,0,0.0,0.0,0.8024662072477888,1.0,935.0,970.75,160.0,1.7999999999999998,3,0
1329,111,0,0.0,0.0,0.8024662072477888,1.0,880.0,915.75,160.0,1.7999999999999998,3,0
1330,111,0,0.0,0.0,0.799557712749053,0.9995577127490529,880.0,880.0,160.0,1.7999999999999998,3,0
1331,112,1,0.0,0.0,0.799557712749053,0.9995577127490529,880.0,880.0,160.0,1.5999999999999999,3,0
1332,111,0,0.0,0.0,0.799557712749053,0.9995577127490529,880.0,880.0,160.0,1.5999999999999999,3,0
1333,111,0,0.0,0.0,0.799557712749053,0.9995577127490529,935.0,899.25,160.0,1.5999999999999999,3,0
1334,111,0,0.0,0.0,0.799557712749053,0.9995577127490529,935.0,935.0,160.0,1.5999999999999999,3,0
1335,111,0,0.0,0.0,0.7969553755659737,0.9969553755659737,935.0,935.0,160.0,1.5999999999999999,3,0
1336,110,0,0.0,0.0,0.7969553755659737,0.9969553755659737,935.0,935.0,160.0,1.4,2,0
1337,111,1,10.0,14.766666666666666,0.7969553755659737,0.9969553755659737,990.0,954.25,160.0,1.4,2,0
1338,112,2,10.0,14.766666666666666,0.7969553755659737,0.9969553755659737,990.0,990.0,160.0,1.5999999999999999,3,0
1339,113,1,10.0,14.766666666666666,0.7969553755659737,0.9969553755659737,990.0,990.0,160.0,1.5999999999999999,3,0
1340,113,0,0.0,0.0,0.7933580271070111,0.993358027107011,990.0,990.0,160.0,1.5999999999999999,3,0
1341,112,0,0.0,0.0,0.7933580271070111,0.993358027107011,935.0,970.75,160.0,1.5999999999999999,3,0
1342,112,0,0.0,0.0,0.7933580271070111,0.993358027107011,935.0,935.0,160.0,1.5999999999999999,3,0
1343,109,0,0.0,0.0,0.7933580271070111,0.993358027107011,935.0,935.0,160.0,1.7999999999999998,3,0
1344,109,1,18.0,30.766666666666666,0.7933580271070111,0.993358027107011,990.0,954.25,160.0,1.9999999999999998,3,0
1345,109,0,0.0,0.0,0.7903155887826756,0.9903155887826756,990.0,990.0,160.0,1.9999999999999998,3,0
1346,110,1,10.0,38.766666666666666,0.7903155887826756,0.9903155887826756,990.0,990.0,160.0,1.9999999999999998,3,0
1347,112,1,10.0,38.766666666666666,0.7903155887826756,0.9903155887826756,990.0,990.0,160.0,1.9999999999999998,3,0
1348,113,1,10.0,38.766666666666666,0.7903155887826756,0.9903155887826756,990.0,990.0,160.0,1.9999999999999998,3,0
1349,114,0,0.0,0.0,0.7903155887826756,0.9903155887826756,990.0,990.0,160.0,1.7999999999999998,3,0
1350,114,0,0.0,0.0,0.787885465089653,0.9878854650896529,990.0,990.0,160.0,1.5999999999999999,3,0
1351,114,0,0.0,0.0,0.787885465089653,0.9878854650896529,990.0,990.0,160.0,1.7999999999999998,3,0
1352,114,0,0.0,0.0,0.787885465089653,0.9878854650896529,990.0,990.0,160.0,1.7999999999999998,3,0
1353,116,2,10.0,22.766666666666666,0.787885465089653,0.9878854650896529,990.0,990.0,160.0,1.9999999999999998,3,0
1354,116,0,0.0,0.0,0.787885465089653,0.9878854650896529,990.0,990.0,160.0,2.1999999999999997,4,0
1355,116,0,0.0,0.0,0.7844985997852043,0.9844985997852043,990.0,990.0,160.0,2.1999999999999997,4,0
1356,116,0,0.0,0.0,0.7844985997852043,0.9844985997852043,880.0,951.5,160.0,1.7999999999999998,3,0
1357,115,0,0.0,0.0,0.7844985997852043,0.9844985997852043,825.0,860.75,160.0,1.5999999999999999,3,0
1358,116,1,0.0,22.766666666666666,0.7844985997852043,0.9844985997852043,825.0,825.0,160.0,1.5999999999999999,3,0
1359,115,0,0.0,0.0,0.7844985997852043,0.9844985997852043,825.0,825.0,160.0,1.5999999999999999,3,0
1360,114,0,0.0,0.0,0.7819345322665818,0.9819345322665818,880.0,844.25,160.0,1.7999999999999998,3,0
1361,114,1,10.0,14.766666666666666,0.7819345322665818,0.9819345322665818,935.0,899.25,160.0,1.9999999999999998,3,0
1362,115,1,0.0,14.766666666666666,0.7819345322665818,0.9819345322665818,935.0,935.0,160.0,1.9999999999999998,3,0
1363,115,0,0.0,0.0,0.7819345322665818,0.9819345322665818,935.0,935.0,160.0,1.9999999999999998,3,0
1364,115,0,0.0,0.0,0.7819345322665818,0.9819345322665818,880.0,915.75,160.0,1.7999999999999998,3,0
1365,115,0,0.0,0.0,0.7786050714588186,0.9786050714588186,880.0,880.0,160.0,1.9999999999999998,3,0
1366,115,1,0.0,14.766666666666666,0.7786050714588186,0.9786050714588186,825.0,860.75,160.0,1.7999999999999998,3,0
1367,116,0,0.0,0.0,0.7786050714588186,0.9786050714588186,825.0,825.0,160.0,1.5999999999999999,3,0
1368,117,0,0.0,0.0,0.7786050714588186,0.9786050714588186,825.0,825.0,160.0,1.7999999999999998,3,0
1369,117,0,0.0,0.0,0.8105113214588187,0.9786050714588186,660.0,767.25,134.475,1.0,2,0
1370,118,1,0.0,1.4055555555555554,0.8095206162889969,0.9757731162889969,660.0,660.0,133.002,1.0,2,0
1371,117,0,0.0,0.0,0.8095206162889969,0.9757731162889969,660.0,660.0,133.002,1.0,2,0
1372,117,1,0.0,1.4055555555555554,0.8095206162889969,0.9757731162889969,715.0,679.25,133.002,1.0,2,0
1373,117,0,0.0,0.0,0.8095206162889969,0.9757731162889969,770.0,734.25,133.002,1.0,2,0
1374,117,0,0.0,0.0,0.7957731162889969,0.9757731162889969,770.0,770.0,144.0,1.2,2,0
1375,116,0,0.0,0.0,0.8086970319248884,0.9734195319248884,715.0,750.75,131.778,1.0,2,0
1376,116,0,0.0,0.0,0.8086970319248884,0.9734195319248884,715.0,715.0,131.778,0.8,1,0
1377,116,0,0.0,0.0,0.8086970319248884,0.9734195319248884,660.0,695.75,131.778,0.6000000000000001,1,0
1378,115,0,0.0,0.0,0.8086970319248884,0.9734195319248884,660.0,660.0,131.778,0.6000000000000001,1,0
1379,115,0,0.0,0.0,0.8086970319248884,0.9734195319248884,715.0,679.25,131.778,0.8,1,0
1380,117,1,0.0,1.4055555555555554,0.8062070373714538,0.9663045373714538,715.0,715.0,128.078,1.0,2,0
1381,118,1,0.0,1.4055555555555554,0.8062070373714538,0.9663045373714538,715.0,715.0,128.078,1.0,2,0
1382,118,0,0.0,0.0,0.7863045373714539,0.9663045373714538,715.0,715.0,144.0,1.0,2,0
1383,120,1,0.0,1.4055555555555554,0.7863045373714539,0.9663045373714538,715.0,715.0,144.0,1.2,2,0
1384,121,1,0.0,0.0,0.8062070373714538,0.9663045373714538,660.0,695.75,128.078,1.2,2,0
1385,123,1,0.0,0.0,0.8055572086452868,0.9644484586452868,660.0,660.0,127.113,1.2,2,0
1386,124,1,0.0,0.0,0.8055572086452868,0.9644484586452868,550.0,621.5,127.113,1.0,2,0
1387,125,1,0.0,0.0,0.8055572086452868,0.9644484586452868,550.0,550.0,127.113,1.0,2,0
1388,123,0,0.0,0.0,0.8055572086452868,0.9644484586452868,605.0,569.25,127.113,1.0,2,0
1389,122,0,0.0,0.0,0.8055572086452868,0.9644484586452868,715.0,643.5,127.113,1.0,2,0
1390,121,1,0.0,1.4055555555555554,0.8050015175703192,0.9628602675703193,715.0,715.0,126.287,0.8,1,0
1391,120,0,0.0,0.0,0.8050015175703192,0.9628602675703193,715.0,715.0,126.287,0.6000000000000001,1,0
1392,120,0,0.0,0.0,0.8050015175703192,0.9628602675703193,660.0,695.75,126.287,0.4,0,0
1393,122,2,0.0,30.766666666666666,0.8050015175703192,0.9628602675703193,660.0,660.0,126.287,0.8,1,0
1394,122,0,0.0,0.0,0.8050015175703192,0.9628602675703193,660.0,660.0,126.287,0.8,1,0
1395,121,0,0.0,0.0,0.8028727393806112,0.9603727393806112,660.0,660.0,126.0,1.0,2,0
1396,120,0,0.0,0.0,0.8041302393806111,0.9603727393806112,660.0,660.0,124.994,0.8,1,0
1397,121,1,0.0,38.766666666666666,0.8041302393806111,0.9603727393806112,660.0,660.0,124.994,0.8,1,0
1398,120,0,0.0,0.0,0.8041302393806111,0.9603727393806112,605.0,640.75,124.994,1.0,2,0
1399,121,1,0.0,38.766666666666666,0.8041302393806111,0.9603727393806112,660.0,624.25,124.994,1.0,2,0
1400,122,0,0.0,0.0,0.8032257870297602,0.9577895370297602,660.0,660.0,123.651,1.0,2,0
1401,122,0,0.0,0.0,0.8032257870297602,0.9577895370297602,660.0,660.0,123.651,1.0,2,0
1402,122,0,0.0,0.0,0.8032257870297602,0.9577895370297602,660.0,660.0,123.651,1.0,2,0
1403,122,0,0.0,0.0,0.8032257870297602,0.9577895370297602,660.0,660.0,123.651,1.0,2,0
1404,121,0,0.0,0.0,0.7777895370297603,0.9577895370297602,660.0,660.0,144.0,1.0,2,0
1405,122,1,0.0,38.766666666666666,0.7754933571623375,0.9554933571623374,715.0,679.25,144.0,1.0,2,0
1406,123,1,0.0,38.766666666666666,0.7554933571623375,0.9554933571623374,715.0,715.0,160.0,1.0,2,0
1407,123,0,0.0,0.0,0.7554933571623375,0.9554933571623374,715.0,715.0,160.0,1.0,2,0
1408,124,0,0.0,0.0,0.7554933571623375,0.9554933571623374,715.0,715.0,160.0,1.0,2,0
1409,124,0,0.0,0.0,0.7554933571623375,0.9554933571623374,715.0,715.0,160.0,1.5999999999999999,3,0
1410,124,0,0.0,0.0,0.7531589076304575,0.9531589076304574,715.0,715.0,160.0,1.5999999999999999,3,0
1411,124,0,0.0,0.0,0.7731589076304575,0.9531589076304574,660.0,695.75,144.0,1.5999999999999999,3,0
1412,123,1,0.0,38.766666666666666,0.7956589076304574,0.9531589076304574,605.0,640.75,126.0,1.4,2,0
1413,124,1,0.0,38.766666666666666,0.7956589076304574,0.9531589076304574,715.0,643.5,126.0,1.4,2,0
1414,124,1,0.0,38.766666666666666,0.7731589076304575,0.9531589076304574,660.0,695.75,144.0,1.2,2,0
1415,124,0,0.0,0.0,0.7706139749440637,0.9506139749440636,715.0,679.25,144.0,1.2,2,0
1416,124,0,0.0,0.0,0.7706139749440637,0.9506139749440636,715.0,715.0,144.0,1.2,2,0
1417,124,1,0.0,30.766666666666666,0.7931139749440637,0.9506139749440636,715.0,715.0,126.0,1.0,2,0
1418,125,1,0.0,30.766666666666666,0.8007152249440637,0.9506139749440636,715.0,715.0,119.919,1.0,2,0
1419,125,0,0.0,0.0,0.8007152249440637,0.9506139749440636,660.0,695.75,119.919,0.8,1,0
1420,126,1,0.0,30.766666666666666,0.7997908680965272,0.9479733680965272,660.0,660.0,118.546,1.0,2,0
1421,125,1,0.0,30.766666666666666,0.7997908680965272,0.9479733680965272,660.0,660.0,118.546,1.0,2,0
1422,125,0,0.0,0.0,0.7904733680965272,0.9479733680965272,770.0,698.5,126.0,1.0,2,0
1423,125,0,0.0,0.0,0.7479733680965273,0.9479733680965272,770.0,770.0,160.0,1.0,2,0
1424,125,0,0.0,0.0,0.7479733680965273,0.9479733680965272,770.0,770.0,160.0,1.0,2,0
1425,127,1,0.0,22.766666666666666,0.745849401719161,0.945849401719161,770.0,770.0,160.0,0.8,1,0
1426,127,1,0.0,14.766666666666666,0.745849401719161,0.945849401719161,770.0,770.0,160.0,0.8,1,0
1427,127,0,0.0,0.0,0.753349401719161,0.945849401719161,770.0,770.0,154.0,0.8,1,0
1428,126,0,0.0,0.0,0.753349401719161,0.945849401719161,715.0,750.75,154.0,1.0,2,0
1429,125,0,0.0,0.0,0.753349401719161,0.945849401719161,770.0,734.25,154.0,1.2,2,0
1430,125,0,0.0,0.0,0.786014952187281,0.943514952187281,660.0,731.5,126.0,1.4,2,0
1431,126,0,0.0,0.0,0.786014952187281,0.943514952187281,660.0,660.0,126.0,1.4,2,0
1432,126,1,0.0,0.0,0.798229952187281,0.943514952187281,605.0,640.75,116.228,1.2,2,0
1433,126,0,0.0,0.0,0.798229952187281,0.943514952187281,605.0,605.0,116.228,1.2,2,0
1434,126,0,0.0,0.0,0.798229952187281,0.943514952187281,605.0,605.0,116.228,1.2,2,0
1435,127,1,0.0,0.0,0.7973254998364302,0.9409317498364302,605.0,605.0,114.885,1.2,2,0
1436,127,1,0.0,0.0,0.7973254998364302,0.9409317498364302,605.0,605.0,114.885,1.2,2,0
1437,125,0,0.0,0.0,0.7973254998364302,0.9409317498364302,605.0,605.0,114.885,1.2,2,0
1438,125,1,0.0,0.0,0.7834317498364303,0.9409317498364302,660.0,624.25,126.0,1.2,2,0
1439,124,0,0.0,0.0,0.7973254998364302,0.9409317498364302,605.0,640.75,114.885,1.0,2,0
