minute,active_evs,routed_now,lava_wait_min,baseline_wait_min,grid_stress,baseline_grid_stress,actual_kw,forecast_kw,v2g_kw,v2g_supplied_kwh,v2g_credits_awarded,credit_ledger_transactions
0,1,1,0.0,0.0,0.5947850748308618,0.5947850748308618,0.0,0.0,0.0,0.0,0,0
1,1,0,0.0,0.0,0.5947850748308618,0.5947850748308618,0.0,0.0,0.0,0.0,0,0
2,1,0,0.0,0.0,0.5947850748308618,0.5947850748308618,0.0,0.0,0.0,0.0,0,0
3,1,0,0.0,0.0,0.5947850748308618,0.5947850748308618,0.0,0.0,0.0,0.0,0,0
4,0,0,0.0,0.0,0.5947850748308618,0.5947850748308618,0.0,0.0,0.0,0.0,0,0
5,0,0,0.0,0.0,0.6283564118772638,0.6345439118772637,55.0,19.25,0.0,0.0,0,0
6,0,0,0.0,0.0,0.6283564118772638,0.6345439118772637,55.0,55.0,0.0,0.0,0,0
7,0,0,0.0,0.0,0.6283564118772638,0.6345439118772637,55.0,55.0,0.0,0.0,0,0
8,1,1,0.0,0.0,0.6283564118772638,0.6345439118772637,55.0,55.0,0.0,0.0,0,0
9,2,0,0.0,0.0,0.6283564118772638,0.6345439118772637,55.0,55.0,0.0,0.0,0,0
10,2,0,0.0,0.0,0.6349005244994192,0.6410880244994192,55.0,55.0,0.0,0.0,0,0
11,3,1,0.0,0.0,0.6349005244994192,0.6410880244994192,55.0,55.0,0.0,0.0,0,0
12,3,0,0.0,0.0,0.6349005244994192,0.6410880244994192,55.0,55.0,0.0,0.0,0,0
13,4,1,0.0,0.0,0.6349005244994192,0.6410880244994192,55.0,55.0,0.0,0.0,0,0
14,4,0,0.0,0.0,0.6349005244994192,0.6410880244994192,55.0,55.0,0.0,0.0,0,0
15,4,0,0.0,0.0,0.6289878613408051,0.635175361340805,55.0,55.0,0.0,0.0,0,0
16,4,0,0.0,0.0,0.6289878613408051,0.635175361340805,55.0,55.0,0.0,0.0,0,0
17,5,1,0.0,0.0,0.6289878613408051,0.635175361340805,55.0,55.0,0.0,0.0,0,0
18,5,0,0.0,0.0,0.6289878613408051,0.635175361340805,55.0,55.0,0.0,0.0,0,0
19,5,0,0.0,0.0,0.6289878613408051,0.635175361340805,55.0,55.0,0.0,0.0,0,0
20,6,1,0.0,0.0,0.6329679064443382,0.6391554064443381,55.0,55.0,0.0,0.0,0,0
21,8,2,0.0,0.0,0.6329679064443382,0.6391554064443381,55.0,55.0,0.0,0.0,0,0
22,7,0,0.0,0.0,0.6329679064443382,0.6391554064443381,55.0,55.0,0.0,0.0,0,0
23,7,0,0.0,0.0,0.6673429064443381,0.6797179064443382,110.0,74.25,0.0,0.0,0,0
24,7,0,0.0,0.0,0.6673429064443381,0.6797179064443382,110.0,110.0,0.0,0.0,0,0
25,5,0,0.0,0.0,0.6634968051664047,0.6758718051664048,110.0,110.0,0.0,0.0,0,0
26,5,0,0.0,0.0,0.7322468051664048,0.7569968051664048,220.0,148.5,0.0,0.0,0,0
27,5,0,0.0,0.0,0.7322468051664048,0.7569968051664048,220.0,220.0,0.0,0.0,0,0
28,6,1,0.0,0.0,0.7322468051664048,0.7569968051664048,220.0,220.0,0.0,0.0,0,0
29,6,0,0.0,0.0,0.7322468051664048,0.7569968051664048,220.0,220.0,0.0,0.0,0,0
30,7,1,0.0,0.0,0.7320363220118911,0.756786322011891,220.0,220.0,0.0,0.0,0,0
31,9,2,0.0,0.0,0.697661322011891,0.7162238220118909,165.0,200.75,0.0,0.0,0,0
32,7,0,0.0,0.0,0.697661322011891,0.7162238220118909,165.0,165.0,0.0,0.0,0,0
33,7,0,0.0,0.0,0.766411322011891,0.797348822011891,275.0,203.5,0.0,0.0,0,0
34,6,0,0.0,0.0,0.766411322011891,0.797348822011891,275.0,275.0,0.0,0.0,0,0
35,7,2,0.0,0.0,0.7983179286544113,0.8354429286544113,330.0,294.25,0.0,0.0,0,0
36,10,2,0.0,0.0,0.7594429286544112,0.8760054286544112,385.0,349.25,58.6,0.2,0,0
37,11,1,0.0,0.0,0.7594429286544112,0.8760054286544112,385.0,385.0,58.6,0.4,0,0
38,11,0,0.0,0.0,0.7594429286544112,0.8760054286544112,385.0,385.0,58.6,0.4,0,0
39,11,0,0.0,0.0,0.7594429286544112,0.8760054286544112,385.0,385.0,58.6,0.4,0,0
40,11,0,0.0,0.0,0.7576472936171668,0.8708772936171667,385.0,385.0,55.934,0.4,0,0
41,11,0,0.0,0.0,0.7576472936171668,0.8708772936171667,385.0,385.0,55.934,0.6000000000000001,1,0
42,10,0,0.0,0.0,0.7375647936171668,0.8708772936171667,385.0,385.0,72.0,0.6000000000000001,1,0
43,10,0,0.0,0.0,0.7696785436171668,0.9069397936171668,440.0,404.25,73.809,0.6000000000000001,1,0
44,10,0,0.0,0.0,0.7696785436171668,0.9069397936171668,440.0,440.0,73.809,0.6000000000000001,1,0
45,10,1,0.0,0.0,0.7520421308002461,0.909542130800246,440.0,440.0,90.0,0.6000000000000001,1,0
46,8,0,0.0,0.0,0.7826208808002462,0.909542130800246,495.0,459.25,93.037,0.6000000000000001,1,0
47,9,1,0.0,0.0,0.7639171308002461,0.909542130800246,495.0,495.0,108.0,0.8,1,0
48,8,0,0.0,0.0,0.7639171308002461,0.909542130800246,495.0,495.0,108.0,1.0,2,0
49,8,0,0.0,0.0,0.7639171308002461,0.909542130800246,495.0,495.0,108.0,1.0,2,0
50,8,0,0.0,0.0,0.759209962072029,0.9048349620720291,495.0,495.0,108.0,1.0,2,0
51,7,1,0.0,0.0,0.7809737120720289,0.9048349620720291,495.0,495.0,90.589,0.8,1,0
52,5,0,0.0,0.0,0.784692462072029,0.9048349620720291,550.0,514.25,96.114,0.6000000000000001,1,0
53,4,0,0.0,0.0,0.784692462072029,0.9048349620720291,550.0,550.0,96.114,0.8,1,0
54,4,0,0.0,0.0,0.784692462072029,0.9048349620720291,605.0,569.25,96.114,0.6000000000000001,1,0
55,2,0,0.0,0.0,0.7848662177099708,0.9053324677099708,605.0,605.0,96.373,0.6000000000000001,1,0
56,2,0,0.0,0.0,0.7848662177099708,0.9053324677099708,660.0,624.25,96.373,0.6000000000000001,1,0
57,2,0,0.0,0.0,0.7848662177099708,0.9053324677099708,660.0,660.0,96.373,0.6000000000000001,1,0
58,3,1,0.0,1.4055555555555554,0.7848662177099708,0.9053324677099708,660.0,660.0,96.373,0.8,1,0
59,6,2,0.0,1.4055555555555554,0.7848662177099708,0.9053324677099708,660.0,660.0,96.373,0.8,1,0
60,7,1,0.0,0.0,0.7853163953294938,0.9066188953294938,605.0,640.75,97.042,0.6000000000000001,1,0
61,8,1,0.0,0.0,0.7853163953294938,0.9066188953294938,605.0,605.0,97.042,0.6000000000000001,1,0
62,8,0,0.0,0.0,0.7716188953294938,0.9066188953294938,605.0,605.0,108.0,0.8,1,0
63,8,0,0.0,0.0,0.7491188953294938,0.9066188953294938,605.0,605.0,126.0,0.8,1,0
64,9,1,0.0,0.0,0.7491188953294938,0.9066188953294938,605.0,605.0,126.0,0.6000000000000001,1,0
65,9,1,0.0,0.0,0.7446796142524761,0.9021796142524761,605.0,605.0,126.0,0.8,1,0
66,8,0,0.0,0.0,0.7446796142524761,0.9021796142524761,660.0,624.25,126.0,0.8,1,0
67,9,1,0.0,14.766666666666666,0.767179614252476,0.9021796142524761,715.0,679.25,108.0,0.8,1,0
68,9,0,0.0,0.0,0.767179614252476,0.9021796142524761,715.0,715.0,108.0,0.8,1,0
69,11,1,0.0,14.766666666666666,0.7446796142524761,0.9021796142524761,715.0,715.0,126.0,1.0,2,0
70,11,1,0.0,22.766666666666666,0.746420883985272,0.9039208839852719,715.0,715.0,126.0,1.0,2,0
71,11,0,0.0,0.0,0.746420883985272,0.9039208839852719,715.0,715.0,126.0,0.8,1,0
72,11,0,0.0,0.0,0.784372133985272,0.9039208839852719,605.0,676.5,95.639,0.4,0,0
73,11,0,0.0,0.0,0.7689208839852719,0.9039208839852719,605.0,605.0,108.0,0.6000000000000001,1,0
74,11,0,0.0,0.0,0.746420883985272,0.9039208839852719,605.0,605.0,126.0,0.8,1,0
75,12,1,0.0,22.766666666666666,0.767504906400361,0.902504906400361,550.0,585.75,108.0,0.8,1,0
76,12,0,0.0,0.0,0.767504906400361,0.902504906400361,550.0,550.0,108.0,0.8,1,0
77,14,1,0.0,22.766666666666666,0.767504906400361,0.902504906400361,550.0,550.0,108.0,0.8,1,0
78,14,0,0.0,0.0,0.7838761564003609,0.902504906400361,550.0,550.0,94.903,0.8,1,0
79,16,2,0.0,14.766666666666666,0.767504906400361,0.902504906400361,550.0,550.0,108.0,1.0,2,0
80,19,3,0.0,14.766666666666666,0.7638501534447129,0.8988501534447129,550.0,550.0,108.0,1.0,2,0
81,20,1,0.0,14.766666666666666,0.7638501534447129,0.8988501534447129,550.0,550.0,108.0,1.0,2,0
82,19,0,0.0,0.0,0.7413501534447129,0.8988501534447129,550.0,550.0,126.0,1.0,2,0
83,20,1,0.0,14.766666666666666,0.7413501534447129,0.8988501534447129,605.0,569.25,126.0,1.0,2,0
84,20,0,0.0,0.0,0.7188501534447129,0.8988501534447129,605.0,605.0,144.0,1.0,2,0
85,20,0,0.0,0.0,0.7393984005574032,0.8968984005574032,550.0,585.75,126.0,1.0,2,0
86,20,0,0.0,0.0,0.7393984005574032,0.8968984005574032,550.0,550.0,126.0,1.2,2,0
87,20,0,0.0,0.0,0.7218984005574032,0.8968984005574032,550.0,550.0,140.0,1.2,2,0
88,18,0,0.0,0.0,0.6968984005574033,0.8968984005574032,550.0,550.0,160.0,1.2,2,0
89,18,0,0.0,0.0,0.6968984005574033,0.8968984005574032,660.0,588.5,160.0,1.4,2,0
90,19,0,0.0,0.0,0.6974341758598022,0.8974341758598021,660.0,660.0,160.0,1.4,2,0
91,19,0,0.0,0.0,0.6974341758598022,0.8974341758598021,660.0,660.0,160.0,1.4,2,0
92,20,1,0.0,1.4055555555555554,0.6974341758598022,0.8974341758598021,660.0,660.0,160.0,1.5999999999999999,3,0
93,20,0,0.0,0.0,0.6974341758598022,0.8974341758598021,660.0,660.0,160.0,1.7999999999999998,3,0
94,14,0,0.0,0.0,0.6974341758598022,0.8974341758598021,660.0,660.0,160.0,1.7999999999999998,3,0
95,12,0,0.0,0.0,0.6970706140474601,0.89707061404746,825.0,717.75,160.0,1.5999999999999999,3,0
96,11,0,0.0,0.0,0.6970706140474601,0.89707061404746,880.0,844.25,160.0,1.4,2,0
97,11,0,0.0,0.0,0.7170706140474601,0.89707061404746,825.0,860.75,144.0,1.2,2,0
98,11,2,0.0,0.0,0.7170706140474601,0.89707061404746,825.0,825.0,144.0,1.4,2,0
99,11,0,0.0,0.0,0.6970706140474601,0.89707061404746,825.0,825.0,160.0,1.5999999999999999,3,0
100,11,0,0.0,0.0,0.6961330072682623,0.8961330072682623,825.0,825.0,160.0,1.5999999999999999,3,0
101,13,1,0.0,0.0,0.6961330072682623,0.8961330072682623,825.0,825.0,160.0,1.2,2,0
102,12,0,0.0,0.0,0.6961330072682623,0.8961330072682623,825.0,825.0,160.0,1.2,2,0
103,11,1,0.0,0.0,0.7161330072682623,0.8961330072682623,770.0,805.75,144.0,1.0,2,0
104,11,0,0.0,0.0,0.6961330072682623,0.8961330072682623,880.0,808.5,160.0,1.2,2,0
105,12,1,0.0,0.0,0.6948892431734084,0.8948892431734083,880.0,880.0,160.0,1.4,2,0
106,13,1,0.0,0.0,0.6948892431734084,0.8948892431734083,880.0,880.0,160.0,1.5999999999999999,3,0
107,14,1,0.0,0.0,0.6948892431734084,0.8948892431734083,880.0,880.0,160.0,1.5999999999999999,3,0
108,13,0,0.0,0.0,0.6948892431734084,0.8948892431734083,880.0,880.0,160.0,1.4,2,0
109,13,1,0.0,1.4055555555555554,0.6948892431734084,0.8948892431734083,935.0,899.25,160.0,1.4,2,0
110,12,0,0.0,0.0,0.6927078722993565,0.8927078722993564,935.0,935.0,160.0,1.5999999999999999,3,0
111,11,0,0.0,0.0,0.6927078722993565,0.8927078722993564,990.0,954.25,160.0,1.5999999999999999,3,0
112,11,0,0.0,0.0,0.6927078722993565,0.8927078722993564,990.0,990.0,160.0,1.5999999999999999,3,0
113,10,0,0.0,0.0,0.6927078722993565,0.8927078722993564,990.0,990.0,160.0,1.9999999999999998,3,0
114,9,0,0.0,0.0,0.6927078722993565,0.8927078722993564,990.0,990.0,160.0,1.7999999999999998,3,0
115,10,0,0.0,0.0,0.6915980520301022,0.8915980520301021,935.0,970.75,160.0,1.5999999999999999,3,0
116,11,1,0.0,38.766666666666666,0.6915980520301022,0.8915980520301021,935.0,935.0,160.0,1.5999999999999999,3,0
117,11,0,0.0,0.0,0.6915980520301022,0.8915980520301021,935.0,935.0,160.0,1.4,2,0
118,13,2,0.0,38.766666666666666,0.6915980520301022,0.8915980520301021,935.0,935.0,160.0,1.9999999999999998,3,0
119,13,0,0.0,0.0,0.6915980520301022,0.8915980520301021,880.0,915.75,160.0,1.7999999999999998,3,0
120,13,0,0.0,0.0,0.695000889131203,0.8950008891312029,880.0,880.0,160.0,1.7999999999999998,3,0
121,13,0,0.0,0.0,0.695000889131203,0.8950008891312029,880.0,880.0,160.0,1.7999999999999998,3,0
122,13,0,0.0,0.0,0.695000889131203,0.8950008891312029,880.0,880.0,160.0,1.7999999999999998,3,0
123,13,0,0.0,0.0,0.695000889131203,0.8950008891312029,880.0,880.0,160.0,1.9999999999999998,3,0
124,13,0,0.0,0.0,0.695000889131203,0.8950008891312029,880.0,880.0,160.0,2.1999999999999997,4,0
125,13,0,0.0,0.0,0.6947330014800037,0.8947330014800037,880.0,880.0,160.0,1.9999999999999998,3,0
126,13,0,0.0,0.0,0.7147330014800037,0.8947330014800037,770.0,841.5,144.0,1.5999999999999999,3,0
127,13,0,0.0,0.0,0.6947330014800037,0.8947330014800037,770.0,770.0,160.0,1.5999999999999999,3,0
128,14,1,0.0,30.766666666666666,0.6947330014800037,0.8947330014800037,770.0,770.0,160.0,1.5999999999999999,3,0
129,15,1,0.0,30.766666666666666,0.6947330014800037,0.8947330014800037,715.0,750.75,160.0,1.4,2,0
130,15,0,0.0,0.0,0.6950774284601171,0.8950774284601171,715.0,715.0,160.0,1.4,2,0
131,16,1,0.0,30.766666666666666,0.6950774284601171,0.8950774284601171,715.0,715.0,160.0,1.4,2,0
132,16,0,0.0,0.0,0.6950774284601171,0.8950774284601171,660.0,695.75,160.0,1.4,2,0
133,16,0,0.0,0.0,0.6950774284601171,0.8950774284601171,660.0,660.0,160.0,1.4,2,0
134,16,0,0.0,0.0,0.6950774284601171,0.8950774284601171,660.0,660.0,160.0,1.5999999999999999,3,0
135,16,0,0.0,0.0,0.6937762598685775,0.8937762598685774,660.0,660.0,160.0,1.5999999999999999,3,0
136,17,1,0.0,22.766666666666666,0.7012762598685774,0.8937762598685774,660.0,660.0,154.0,1.5999999999999999,3,0
137,18,1,0.0,22.766666666666666,0.7012762598685774,0.8937762598685774,660.0,660.0,154.0,1.5999999999999999,3,0
138,19,1,0.0,22.766666666666666,0.7012762598685774,0.8937762598685774,660.0,660.0,154.0,1.7999999999999998,3,0
139,21,1,0.0,14.766666666666666,0.7187762598685774,0.8937762598685774,660.0,660.0,140.0,1.5999999999999999,3,0
140,22,1,0.0,1.4055555555555554,0.735606540740579,0.8931065407405789,605.0,640.75,126.0,1.4,2,0
141,22,0,0.0,0.0,0.735606540740579,0.8931065407405789,605.0,605.0,126.0,1.4,2,0
142,23,1,0.0,1.4055555555555554,0.7531065407405789,0.8931065407405789,550.0,585.75,112.0,1.2,2,0
143,24,1,0.0,0.0,0.759981540740579,0.8931065407405789,495.0,530.75,98.0,1.2,2,0
144,22,0,0.0,0.0,0.735606540740579,0.8931065407405789,440.0,475.75,90.0,1.0,2,0
145,23,1,0.0,0.0,0.7766210519481236,0.8923985519481237,495.0,459.25,84.122,0.8,1,0
146,23,0,0.0,0.0,0.7766210519481236,0.8923985519481237,495.0,495.0,84.122,0.8,1,0
147,23,0,0.0,0.0,0.7766210519481236,0.8923985519481237,495.0,495.0,84.122,0.8,1,0
148,24,1,0.0,0.0,0.7766210519481236,0.8923985519481237,495.0,495.0,84.122,0.8,1,0
149,22,0,0.0,0.0,0.7766210519481236,0.8923985519481237,495.0,495.0,84.122,0.8,1,0
150,23,1,0.0,0.0,0.7799445968466406,0.8912695968466406,605.0,533.5,89.06,0.8,1,0
151,21,0,0.0,0.0,0.7799445968466406,0.8912695968466406,605.0,605.0,89.06,0.8,1,0
152,20,0,0.0,0.0,0.7337695968466407,0.8912695968466406,715.0,643.5,126.0,1.0,2,0
153,20,1,0.0,0.0,0.7112695968466407,0.8912695968466406,770.0,734.25,144.0,1.0,2,0
154,20,0,0.0,0.0,0.7112695968466407,0.8912695968466406,825.0,789.25,144.0,1.0,2,0
155,20,0,0.0,0.0,0.7103702597319002,0.8903702597319001,825.0,825.0,144.0,1.0,2,0
156,20,1,0.0,0.0,0.6903702597319001,0.8903702597319001,825.0,825.0,160.0,1.0,2,0
157,19,0,0.0,0.0,0.6903702597319001,0.8903702597319001,880.0,844.25,160.0,1.4,2,0
158,17,0,0.0,0.0,0.6903702597319001,0.8903702597319001,825.0,860.75,160.0,1.4,2,0
159,16,0,0.0,0.0,0.7103702597319002,0.8903702597319001,825.0,825.0,144.0,1.2,2,0
160,14,0,0.0,0.0,0.7324875630873295,0.8899875630873295,825.0,825.0,126.0,1.0,2,0
161,13,0,0.0,0.0,0.7324875630873295,0.8899875630873295,825.0,825.0,126.0,1.2,2,0
162,13,0,0.0,0.0,0.7549875630873295,0.8899875630873295,880.0,844.25,108.0,1.2,2,0
163,12,0,0.0,0.0,0.7549875630873295,0.8899875630873295,880.0,880.0,108.0,1.2,2,0
164,12,0,0.0,0.0,0.7099875630873296,0.8899875630873295,880.0,880.0,144.0,1.2,2,0
165,13,1,0.0,0.0,0.7096622709394447,0.8896622709394446,880.0,880.0,144.0,1.2,2,0
166,12,0,0.0,0.0,0.7096622709394447,0.8896622709394446,880.0,880.0,144.0,1.0,2,0
167,12,0,0.0,0.0,0.7096622709394447,0.8896622709394446,880.0,880.0,144.0,1.0,2,0
168,12,0,0.0,0.0,0.6896622709394447,0.8896622709394446,880.0,880.0,160.0,1.0,2,0
169,11,0,0.0,0.0,0.6896622709394447,0.8896622709394446,880.0,880.0,160.0,1.4,2,0
170,11,0,0.0,0.0,0.6888777428180752,0.8888777428180752,935.0,899.25,160.0,1.4,2,0
171,12,1,0.0,1.4055555555555554,0.6888777428180752,0.8888777428180752,935.0,935.0,160.0,1.5999999999999999,3,0
172,12,0,0.0,0.0,0.6888777428180752,0.8888777428180752,935.0,935.0,160.0,1.4,2,0
173,12,0,0.0,0.0,0.6888777428180752,0.8888777428180752,935.0,935.0,160.0,1.5999999999999999,3,0
174,12,0,0.0,0.0,0.6888777428180752,0.8888777428180752,935.0,935.0,160.0,2.1999999999999997,4,0
175,13,1,0.0,1.4055555555555554,0.6869833944274513,0.8869833944274512,935.0,935.0,160.0,1.9999999999999998,3,0
176,13,0,0.0,0.0,0.6869833944274513,0.8869833944274512,935.0,935.0,160.0,1.7999999999999998,3,0
177,12,0,0.0,0.0,0.6869833944274513,0.8869833944274512,935.0,935.0,160.0,1.7999999999999998,3,0
178,14,2,10.0,14.766666666666666,0.6869833944274513,0.8869833944274512,990.0,954.25,160.0,1.7999999999999998,3,0
179,14,0,0.0,0.0,0.6869833944274513,0.8869833944274512,935.0,970.75,160.0,1.7999999999999998,3,0
180,13,0,0.0,0.0,0.6934358134925094,0.8934358134925093,935.0,935.0,160.0,1.5999999999999999,3,0
181,13,0,0.0,0.0,0.6934358134925094,0.8934358134925093,935.0,935.0,160.0,1.5999999999999999,3,0
182,13,0,0.0,0.0,0.6934358134925094,0.8934358134925093,935.0,935.0,160.0,1.5999999999999999,3,0
183,13,0,0.0,0.0,0.6934358134925094,0.8934358134925093,880.0,915.75,160.0,1.5999999999999999,3,0
184,12,1,18.0,22.766666666666666,0.6934358134925094,0.8934358134925093,825.0,860.75,160.0,1.9999999999999998,3,0
185,13,1,0.0,22.766666666666666,0.6940863977882794,0.8940863977882794,825.0,825.0,160.0,1.7999999999999998,3,0
186,13,0,0.0,0.0,0.6940863977882794,0.8940863977882794,770.0,805.75,160.0,1.7999999999999998,3,0
187,13,0,0.0,0.0,0.6940863977882794,0.8940863977882794,770.0,770.0,160.0,1.7999999999999998,3,0
188,13,0,0.0,0.0,0.6940863977882794,0.8940863977882794,715.0,750.75,160.0,1.7999999999999998,3,0
189,13,1,0.0,14.766666666666666,0.6940863977882794,0.8940863977882794,715.0,715.0,160.0,1.5999999999999999,3,0
190,13,0,0.0,0.0,0.7154641057087332,0.8954641057087331,660.0,695.75,144.0,1.2,2,0
191,13,0,0.0,0.0,0.7204641057087331,0.8954641057087331,605.0,640.75,140.0,1.2,2,0
192,13,0,0.0,0.0,0.7204641057087331,0.8954641057087331,605.0,605.0,140.0,1.4,2,0
193,13,0,0.0,0.0,0.7204641057087331,0.8954641057087331,605.0,605.0,140.0,1.4,2,0
194,13,0,0.0,0.0,0.7204641057087331,0.8954641057087331,605.0,605.0,140.0,1.4,2,0
195,13,0,0.0,0.0,0.7211146900045029,0.896114690004503,605.0,605.0,140.0,1.5999999999999999,3,0
196,13,0,0.0,0.0,0.7211146900045029,0.896114690004503,605.0,605.0,140.0,1.5999999999999999,3,0
197,13,0,0.0,0.0,0.7036146900045029,0.896114690004503,605.0,605.0,154.0,1.5999999999999999,3,0
198,15,1,0.0,14.766666666666666,0.7211146900045029,0.896114690004503,550.0,585.75,140.0,1.5999999999999999,3,0
199,15,1,0.0,14.766666666666666,0.7211146900045029,0.896114690004503,550.0,550.0,140.0,1.5999999999999999,3,0
200,15,0,0.0,0.0,0.7378684315475905,0.8953684315475905,550.0,550.0,126.0,1.4,2,0
201,16,0,0.0,0.0,0.7378684315475905,0.8953684315475905,550.0,550.0,126.0,1.4,2,0
202,16,1,0.0,14.766666666666666,0.7378684315475905,0.8953684315475905,550.0,550.0,126.0,1.4,2,0
203,16,0,0.0,0.0,0.7378684315475905,0.8953684315475905,605.0,569.25,126.0,1.4,2,0
204,16,0,0.0,0.0,0.7153684315475906,0.8953684315475905,605.0,605.0,144.0,1.4,2,0
205,17,1,0.0,14.766666666666666,0.7382319933599324,0.8957319933599324,550.0,585.75,126.0,1.2,2,0
206,18,0,0.0,0.0,0.7501069933599325,0.8957319933599324,495.0,530.75,108.0,1.0,2,0
207,18,0,0.0,0.0,0.7382319933599324,0.8957319933599324,440.0,475.75,90.0,0.8,1,0
208,20,0,0.0,0.0,0.7382319933599324,0.8957319933599324,440.0,440.0,90.0,0.8,1,0
209,20,0,0.0,0.0,0.7382319933599324,0.8957319933599324,440.0,440.0,90.0,1.0,2,0
210,22,2,0.0,0.0,0.7262995888632469,0.8596120888632468,385.0,420.75,72.0,0.8,1,0
211,22,0,0.0,0.0,0.7262995888632469,0.8596120888632468,385.0,385.0,72.0,0.8,1,0
212,22,0,0.0,0.0,0.6919245888632469,0.8190495888632469,330.0,365.75,72.0,0.6000000000000001,1,0
213,20,0,0.0,0.0,0.6919245888632469,0.8190495888632469,330.0,330.0,72.0,0.6000000000000001,1,0
214,20,0,0.0,0.0,0.7381745888632468,0.8956745888632469,440.0,368.5,90.0,0.6000000000000001,1,0
215,20,0,0.0,0.0,0.725687274231934,0.858999774231934,385.0,420.75,72.0,0.4,0,0
216,20,0,0.0,0.0,0.725687274231934,0.858999774231934,385.0,385.0,72.0,0.4,0,0
217,20,0,0.0,0.0,0.710687274231934,0.858999774231934,385.0,385.0,84.0,0.6000000000000001,1,0
218,20,0,0.0,0.0,0.710687274231934,0.858999774231934,385.0,385.0,84.0,0.8,1,0
219,20,1,0.0,0.0,0.6763122742319341,0.818437274231934,330.0,365.75,84.0,0.6000000000000001,1,0
220,21,1,0.0,0.0,0.7277089034262209,0.8585214034262209,385.0,349.25,70.0,0.6000000000000001,1,0
221,20,0,0.0,0.0,0.7252089034262209,0.8585214034262209,385.0,385.0,72.0,0.6000000000000001,1,0
222,20,0,0.0,0.0,0.759583903426221,0.8945839034262209,440.0,404.25,72.0,0.6000000000000001,1,0
223,22,2,0.0,0.0,0.7252089034262209,0.8585214034262209,385.0,420.75,72.0,0.6000000000000001,1,0
224,22,0,0.0,0.0,0.7252089034262209,0.8585214034262209,385.0,385.0,72.0,0.6000000000000001,1,0
225,23,0,0.0,0.0,0.7595073640973068,0.8945073640973067,440.0,404.25,72.0,0.6000000000000001,1,0
226,22,0,0.0,0.0,0.7595073640973068,0.8945073640973067,440.0,440.0,72.0,0.6000000000000001,1,0
227,23,1,0.0,0.0,0.7653273640973067,0.8945073640973067,440.0,440.0,67.344,0.4,0,0
228,23,0,0.0,0.0,0.7653273640973067,0.8945073640973067,440.0,440.0,67.344,0.6000000000000001,1,0
229,23,0,0.0,0.0,0.7251323640973067,0.8584448640973067,385.0,420.75,72.0,0.4,0,0
230,23,0,0.0,0.0,0.7253428472518205,0.8586553472518205,385.0,385.0,72.0,0.4,0,0
231,22,0,0.0,0.0,0.7253428472518205,0.8586553472518205,385.0,385.0,72.0,0.4,0,0
232,22,0,0.0,0.0,0.7597178472518206,0.8947178472518205,440.0,404.25,72.0,0.4,0,0
233,23,0,0.0,0.0,0.6909678472518205,0.8180928472518205,330.0,401.5,72.0,0.2,0,0
234,22,0,0.0,0.0,0.6909678472518205,0.8180928472518205,330.0,330.0,72.0,0.4,0,0
235,22,0,0.0,0.0,0.7533769820840491,0.8586744820840491,385.0,349.25,49.588,0.4,0,0
236,22,0,0.0,0.0,0.7533769820840491,0.8586744820840491,385.0,385.0,49.588,0.4,0,0
237,22,0,0.0,0.0,0.7533769820840491,0.8586744820840491,385.0,385.0,49.588,0.4,0,0
238,22,2,0.0,0.0,0.7533769820840491,0.8586744820840491,385.0,385.0,49.588,0.4,0,0
239,22,0,0.0,0.0,0.7774394820840491,0.8947369820840492,495.0,423.5,85.338,0.4,0,0
240,21,0,0.0,0.0,0.7803520229959681,0.9030595229959679,495.0,495.0,89.666,0.4,0,0
241,21,0,0.0,0.0,0.757434522995968,0.9030595229959679,495.0,495.0,108.0,0.4,0,0
242,21,0,0.0,0.0,0.757434522995968,0.9030595229959679,495.0,495.0,108.0,0.4,0,0
243,20,0,0.0,0.0,0.757434522995968,0.9030595229959679,495.0,495.0,108.0,0.4,0,0
244,20,0,0.0,0.0,0.7680595229959679,0.9030595229959679,605.0,533.5,108.0,0.6000000000000001,1,0
245,20,0,0.0,0.0,0.7693989612519647,0.9043989612519647,605.0,605.0,108.0,0.6000000000000001,1,0
246,20,0,0.0,0.0,0.7693989612519647,0.9043989612519647,605.0,605.0,108.0,0.8,1,0
247,21,1,0.0,0.0,0.7693989612519647,0.9043989612519647,605.0,605.0,108.0,1.0,2,0
248,22,1,0.0,0.0,0.7693989612519647,0.9043989612519647,605.0,605.0,108.0,1.2,2,0
249,22,0,0.0,0.0,0.7693989612519647,0.9043989612519647,605.0,605.0,108.0,1.2,2,0
250,22,0,0.0,0.0,0.770719264675733,0.905719264675733,605.0,605.0,108.0,1.2,2,0
251,22,0,0.0,0.0,0.770719264675733,0.905719264675733,605.0,605.0,108.0,1.2,2,0
252,22,1,0.0,0.0,0.770719264675733,0.905719264675733,605.0,605.0,108.0,1.2,2,0
253,22,0,0.0,0.0,0.770719264675733,0.905719264675733,660.0,624.25,108.0,1.2,2,0
254,23,1,0.0,1.4055555555555554,0.770719264675733,0.905719264675733,660.0,660.0,108.0,1.0,2,0
255,26,3,0.0,1.4055555555555557,0.7488889838037314,0.9063889838037313,660.0,660.0,126.0,1.0,2,0
256,26,0,0.0,0.0,0.7488889838037314,0.9063889838037313,660.0,660.0,126.0,1.0,2,0
257,25,0,0.0,0.0,0.7488889838037314,0.9063889838037313,660.0,660.0,126.0,1.0,2,0
258,27,2,0.0,14.766666666666666,0.7263889838037314,0.9063889838037313,715.0,679.25,144.0,1.0,2,0
259,28,1,0.0,1.4055555555555554,0.7713889838037313,0.9063889838037313,605.0,676.5,108.0,0.8,1,0
260,28,0,0.0,0.0,0.7496926467573295,0.9071926467573295,605.0,605.0,126.0,1.0,2,0
261,29,1,0.0,1.4055555555555554,0.7271926467573295,0.9071926467573295,605.0,605.0,144.0,1.0,2,0
262,30,0,0.0,0.0,0.7271926467573295,0.9071926467573295,605.0,605.0,144.0,1.0,2,0
263,30,0,0.0,0.0,0.7146926467573295,0.9071926467573295,605.0,605.0,154.0,1.2,2,0
264,31,1,0.0,1.4055555555555554,0.7146926467573295,0.9071926467573295,605.0,605.0,154.0,1.2,2,0
265,31,0,0.0,0.0,0.7152092872274994,0.9077092872274994,605.0,605.0,154.0,1.4,2,0
266,31,0,0.0,0.0,0.7152092872274994,0.9077092872274994,605.0,605.0,154.0,1.5999999999999999,3,0
267,32,1,0.0,0.0,0.7327092872274994,0.9077092872274994,550.0,585.75,140.0,1.5999999999999999,3,0
268,32,0,0.0,0.0,0.7395842872274996,0.9077092872274994,495.0,530.75,126.0,1.4,2,0
269,33,1,0.0,0.0,0.7395842872274996,0.9077092872274994,495.0,495.0,126.0,1.4,2,0
270,33,0,0.0,0.0,0.7163509276976696,0.8721634276976696,385.0,456.5,90.0,1.0,2,0
271,34,1,0.0,0.0,0.7163509276976696,0.8721634276976696,385.0,385.0,90.0,1.0,2,0
272,35,1,0.0,0.0,0.7163509276976696,0.8721634276976696,385.0,385.0,90.0,1.0,2,0
273,35,0,0.0,0.0,0.7163509276976696,0.8721634276976696,385.0,385.0,90.0,1.0,2,0
274,37,2,0.0,0.0,0.7163509276976696,0.8721634276976696,385.0,385.0,90.0,1.0,2,0
275,37,0,0.0,0.0,0.7077286356181234,0.8735411356181234,385.0,385.0,98.0,1.0,2,0
276,37,0,0.0,0.0,0.7077286356181234,0.8735411356181234,385.0,385.0,98.0,1.2,2,0
277,37,0,0.0,0.0,0.7077286356181234,0.8735411356181234,385.0,385.0,98.0,1.4,2,0
278,38,1,0.0,0.0,0.7077286356181234,0.8735411356181234,385.0,385.0,98.0,1.4,2,0
279,36,0,0.0,0.0,0.6733536356181233,0.8329786356181235,330.0,365.75,98.0,1.4,2,0
280,37,1,0.0,0.0,0.6745973997129775,0.8342223997129775,330.0,330.0,98.0,1.0,2,0
281,36,0,0.0,0.0,0.6745973997129775,0.8342223997129775,330.0,330.0,98.0,1.0,2,0
282,36,0,0.0,0.0,0.7189723997129774,0.8747848997129775,385.0,349.25,90.0,1.0,2,0
283,35,0,0.0,0.0,0.6845973997129775,0.8342223997129775,330.0,365.75,90.0,1.0,2,0
284,35,0,0.0,0.0,0.7189723997129774,0.8747848997129775,385.0,349.25,90.0,1.0,2,0
285,34,0,0.0,0.0,0.6850949053509192,0.8347199053509192,330.0,365.75,90.0,0.8,1,0
286,33,0,0.0,0.0,0.7419699053509192,0.8752824053509192,385.0,349.25,72.0,0.8,1,0
287,32,1,0.0,0.0,0.7712211553509192,0.9113449053509193,440.0,404.25,76.099,0.8,1,0
288,32,1,0.0,0.0,0.7832524053509191,0.9113449053509193,495.0,459.25,93.974,0.8,1,0
289,32,0,0.0,0.0,0.7832524053509191,0.9113449053509193,495.0,495.0,93.974,0.8,1,0
290,33,0,0.0,0.0,0.744559343606916,0.9126843436069159,495.0,495.0,126.0,0.8,1,0
291,31,0,0.0,0.0,0.744559343606916,0.9126843436069159,495.0,495.0,126.0,0.8,1,0
292,32,0,0.0,0.0,0.7837205936069159,0.9126843436069159,495.0,495.0,94.671,0.4,0,0
293,32,3,0.0,0.0,0.767059343606916,0.9126843436069159,495.0,495.0,108.0,0.6000000000000001,1,0
294,30,0,0.0,0.0,0.7776843436069159,0.9126843436069159,660.0,552.75,108.0,0.8,1,0
295,31,1,0.0,0.0,0.7782966582382287,0.9132966582382287,715.0,679.25,108.0,1.2,2,0
296,30,0,0.0,0.0,0.7782966582382287,0.9132966582382287,715.0,715.0,108.0,1.2,2,0
297,29,0,0.0,0.0,0.7782966582382287,0.9132966582382287,770.0,734.25,108.0,1.2,2,0
298,28,0,0.0,0.0,0.7782966582382287,0.9132966582382287,715.0,750.75,108.0,1.0,2,0
299,25,0,0.0,0.0,0.7557966582382287,0.9132966582382287,770.0,734.25,126.0,1.2,2,0
300,25,0,0.0,0.0,0.7447617054958378,0.9247617054958377,935.0,827.75,144.0,1.2,2,0
301,26,1,0.0,14.766666666666666,0.7447617054958378,0.9247617054958377,935.0,935.0,144.0,1.2,2,0
302,26,0,0.0,0.0,0.7447617054958378,0.9247617054958377,935.0,935.0,144.0,1.0,2,0
303,25,0,0.0,0.0,0.7447617054958378,0.9247617054958377,935.0,935.0,144.0,0.8,1,0
304,25,0,0.0,0.0,0.7447617054958378,0.9247617054958377,935.0,935.0,144.0,1.0,2,0
305,26,1,0.0,14.766666666666666,0.7486843461026853,0.9286843461026852,935.0,935.0,144.0,1.2,2,0
306,26,0,0.0,0.0,0.7486843461026853,0.9286843461026852,935.0,935.0,144.0,1.2,2,0
307,26,0,0.0,0.0,0.7486843461026853,0.9286843461026852,880.0,915.75,144.0,1.2,2,0
308,26,0,0.0,0.0,0.7286843461026853,0.9286843461026852,880.0,880.0,160.0,1.4,2,0
309,26,0,0.0,0.0,0.7286843461026853,0.9286843461026852,880.0,880.0,160.0,1.4,2,0
310,26,0,0.0,0.0,0.7328366046962751,0.932836604696275,880.0,880.0,160.0,1.4,2,0
311,26,0,0.0,0.0,0.7328366046962751,0.932836604696275,825.0,860.75,160.0,1.2,2,0
312,27,1,0.0,0.0,0.7328366046962751,0.932836604696275,825.0,825.0,160.0,1.4,2,0
313,27,0,0.0,0.0,0.7328366046962751,0.932836604696275,825.0,825.0,160.0,1.5999999999999999,3,0
314,28,0,0.0,0.0,0.7328366046962751,0.932836604696275,825.0,825.0,160.0,1.7999999999999998,3,0
315,27,0,0.0,0.0,0.7356111553694111,0.9356111553694111,825.0,825.0,160.0,1.7999999999999998,3,0
316,26,0,0.0,0.0,0.7356111553694111,0.9356111553694111,880.0,844.25,160.0,1.7999999999999998,3,0
317,26,0,0.0,0.0,0.7356111553694111,0.9356111553694111,935.0,899.25,160.0,1.7999999999999998,3,0
318,26,0,0.0,0.0,0.7356111553694111,0.9356111553694111,825.0,896.5,160.0,1.4,2,0
319,27,1,0.0,0.0,0.7356111553694111,0.9356111553694111,825.0,825.0,160.0,1.4,2,0
320,27,0,0.0,0.0,0.7371419419476932,0.9371419419476932,825.0,825.0,160.0,1.0,2,0
321,27,0,0.0,0.0,0.7371419419476932,0.9371419419476932,825.0,825.0,160.0,1.2,2,0
322,27,0,0.0,0.0,0.7371419419476932,0.9371419419476932,825.0,825.0,160.0,1.4,2,0
323,27,0,0.0,0.0,0.7371419419476932,0.9371419419476932,825.0,825.0,160.0,1.5999999999999999,3,0
324,26,0,0.0,0.0,0.7371419419476932,0.9371419419476932,825.0,825.0,160.0,1.9999999999999998,3,0
325,25,0,0.0,0.0,0.7386344588615181,0.9386344588615181,880.0,844.25,160.0,1.9999999999999998,3,0
326,25,0,0.0,0.0,0.7386344588615181,0.9386344588615181,935.0,899.25,160.0,1.9999999999999998,3,0
327,25,0,0.0,0.0,0.7386344588615181,0.9386344588615181,935.0,935.0,160.0,1.9999999999999998,3,0
328,25,0,0.0,0.0,0.7386344588615181,0.9386344588615181,935.0,935.0,160.0,1.7999999999999998,3,0
329,26,1,0.0,0.0,0.7386344588615181,0.9386344588615181,880.0,915.75,160.0,1.7999999999999998,3,0
330,26,0,0.0,0.0,0.7403374589298568,0.9403374589298568,825.0,860.75,160.0,1.5999999999999999,3,0
331,26,0,0.0,0.0,0.7403374589298568,0.9403374589298568,770.0,805.75,160.0,1.4,2,0
332,27,1,0.0,0.0,0.7403374589298568,0.9403374589298568,715.0,750.75,160.0,1.2,2,0
333,27,0,0.0,0.0,0.7403374589298568,0.9403374589298568,715.0,715.0,160.0,1.2,2,0
334,28,1,0.0,0.0,0.7403374589298568,0.9403374589298568,660.0,695.75,160.0,1.2,2,0
335,27,0,0.0,0.0,0.7425379646361372,0.9425379646361371,660.0,660.0,160.0,1.4,2,0
336,26,0,0.0,0.0,0.7425379646361372,0.9425379646361371,660.0,660.0,160.0,1.2,2,0
337,26,0,0.0,0.0,0.7425379646361372,0.9425379646361371,660.0,660.0,160.0,1.0,2,0
338,26,0,0.0,0.0,0.7425379646361372,0.9425379646361371,660.0,660.0,160.0,1.4,2,0
339,26,0,0.0,0.0,0.7425379646361372,0.9425379646361371,660.0,660.0,160.0,1.5999999999999999,3,0
340,25,0,0.0,0.0,0.7451403018192164,0.9451403018192164,605.0,640.75,160.0,1.4,2,0
341,25,0,0.0,0.0,0.7451403018192164,0.9451403018192164,660.0,624.25,160.0,1.5999999999999999,3,0
342,25,0,0.0,0.0,0.7451403018192164,0.9451403018192164,660.0,660.0,160.0,1.5999999999999999,3,0
343,25,0,0.0,0.0,0.7451403018192164,0.9451403018192164,660.0,660.0,160.0,1.5999999999999999,3,0
344,26,0,0.0,0.0,0.7526403018192164,0.9451403018192164,605.0,640.75,154.0,1.4,2,0
345,28,2,0.0,0.0,0.7619581108809261,0.9469581108809262,440.0,547.25,112.0,1.0,2,0
346,28,0,0.0,0.0,0.7619581108809261,0.9469581108809262,440.0,440.0,112.0,1.0,2,0
347,28,0,0.0,0.0,0.7619581108809261,0.9469581108809262,440.0,440.0,112.0,1.2,2,0
348,28,0,0.0,0.0,0.7282081108809262,0.8703331108809261,330.0,401.5,84.0,0.8,1,0
349,28,0,0.0,0.0,0.7282081108809262,0.8703331108809261,330.0,330.0,84.0,1.0,2,0
350,28,0,0.0,0.0,0.729949380613722,0.872074380613722,330.0,330.0,84.0,1.0,2,0
351,28,0,0.0,0.0,0.729949380613722,0.872074380613722,330.0,330.0,84.0,1.0,2,0
352,28,0,0.0,0.0,0.729949380613722,0.872074380613722,330.0,330.0,84.0,1.0,2,0
353,28,0,0.0,0.0,0.729949380613722,0.872074380613722,330.0,330.0,84.0,1.0,2,0
354,28,0,0.0,0.0,0.729949380613722,0.872074380613722,330.0,330.0,84.0,1.0,2,0
355,28,0,0.0,0.0,0.7317097851787462,0.8738347851787461,330.0,330.0,84.0,1.0,2,0
356,28,0,0.0,0.0,0.7148347851787461,0.8332722851787462,275.0,310.75,70.0,0.8,1,0
357,28,0,0.0,0.0,0.7148347851787461,0.8332722851787462,275.0,275.0,70.0,0.8,1,0
358,29,1,0.0,0.0,0.7148347851787461,0.8332722851787462,275.0,275.0,70.0,0.8,1,0
359,30,1,0.0,0.0,0.7148347851787461,0.8332722851787462,275.0,275.0,70.0,0.8,1,0
360,31,2,0.0,0.0,0.7091800638966719,0.8451175638966719,275.0,275.0,84.0,0.8,1,0
361,31,0,0.0,0.0,0.7266800638966718,0.8451175638966719,275.0,275.0,70.0,0.6000000000000001,1,0
362,32,1,0.0,0.0,0.6923050638966718,0.8045550638966719,220.0,255.75,70.0,0.4,0,0
363,32,0,0.0,0.0,0.6923050638966718,0.8045550638966719,220.0,220.0,70.0,0.6000000000000001,1,0
364,30,0,0.0,0.0,0.6923050638966718,0.8045550638966719,220.0,220.0,70.0,0.6000000000000001,1,0
365,30,0,0.0,0.0,0.7667189742363153,0.8913439742363153,330.0,258.5,70.0,0.6000000000000001,1,0
366,30,0,0.0,0.0,0.7498439742363152,0.8507814742363153,275.0,310.75,56.0,0.4,0,0
367,31,1,0.0,0.0,0.7498439742363152,0.8507814742363153,275.0,275.0,56.0,0.4,0,0
368,32,1,0.0,0.0,0.7498439742363152,0.8507814742363153,275.0,275.0,56.0,0.6000000000000001,1,0
369,32,0,0.0,0.0,0.7498439742363152,0.8507814742363153,275.0,275.0,56.0,0.6000000000000001,1,0
370,32,0,0.0,0.0,0.7527716035672793,0.8537091035672795,275.0,275.0,56.0,0.6000000000000001,1,0
371,32,0,0.0,0.0,0.7527716035672793,0.8537091035672795,275.0,275.0,56.0,0.8,1,0
372,33,1,0.0,0.0,0.7527716035672793,0.8537091035672795,275.0,275.0,56.0,0.8,1,0
373,32,0,0.0,0.0,0.7352716035672794,0.8537091035672795,275.0,275.0,70.0,0.8,1,0
374,33,1,0.0,0.0,0.7680016035672794,0.8942716035672794,330.0,294.25,71.316,0.8,1,0
375,31,0,0.0,0.0,0.7686912412868177,0.8962424912868175,330.0,330.0,72.341,0.8,1,0
376,30,0,0.0,0.0,0.7927537412868175,0.9728674912868176,440.0,368.5,108.091,0.8,1,0
377,30,0,0.0,0.0,0.8047424912868175,0.9728674912868176,495.0,459.25,126.0,0.8,1,0
378,33,2,0.0,0.0,0.8047424912868175,0.9728674912868176,495.0,495.0,126.0,0.8,1,0
379,33,0,0.0,0.0,0.8047424912868175,0.9728674912868176,495.0,495.0,126.0,0.8,1,0
380,33,0,0.0,0.0,0.8065220306840704,0.9746470306840702,495.0,495.0,126.0,0.8,1,0
381,33,0,0.0,0.0,0.8065220306840704,0.9746470306840702,495.0,495.0,126.0,1.0,2,0
382,32,0,0.0,0.0,0.7813457806840702,0.9385845306840702,385.0,456.5,91.141,1.0,2,0
383,32,0,0.0,0.0,0.7933770306840703,0.9746470306840702,440.0,404.25,109.016,1.0,2,0
384,32,0,0.0,0.0,0.7933770306840703,0.9746470306840702,440.0,440.0,109.016,1.0,2,0
385,32,0,0.0,0.0,0.808225030752409,0.9763500307524089,495.0,459.25,126.0,1.0,2,0
386,33,0,0.0,0.0,0.808225030752409,0.9763500307524089,495.0,495.0,126.0,1.0,2,0
387,34,1,0.0,0.0,0.7939725307524089,0.9763500307524089,440.0,475.75,109.902,0.8,1,0
388,33,0,0.0,0.0,0.7939725307524089,0.9763500307524089,440.0,440.0,109.902,0.8,1,0
389,33,0,0.0,0.0,0.7939725307524089,0.9763500307524089,440.0,440.0,109.902,0.8,1,0
390,33,0,0.0,0.0,0.7940467639069227,0.9765605139069227,440.0,440.0,110.011,0.8,1,0
391,33,0,0.0,0.0,0.7940467639069227,0.9765605139069227,440.0,440.0,110.011,0.8,1,0
392,32,0,0.0,0.0,0.7940467639069227,0.9765605139069227,440.0,440.0,110.011,0.6000000000000001,1,0
393,32,0,0.0,0.0,0.8084355139069228,0.9765605139069227,495.0,459.25,126.0,0.4,0,0
394,31,0,0.0,0.0,0.8084355139069228,0.9765605139069227,495.0,495.0,126.0,0.6000000000000001,1,0
395,31,0,0.0,0.0,0.8107125589421171,0.9788375589421172,495.0,495.0,126.0,0.4,0,0
396,32,1,0.0,0.0,0.8107125589421171,0.9788375589421172,495.0,495.0,126.0,0.4,0,0
397,31,0,0.0,0.0,0.8107125589421171,0.9788375589421172,495.0,495.0,126.0,0.4,0,0
398,31,0,0.0,0.0,0.8107125589421171,0.9788375589421172,495.0,495.0,126.0,0.6000000000000001,1,0
399,31,0,0.0,0.0,0.8107125589421171,0.9788375589421172,495.0,495.0,126.0,0.8,1,0
400,31,1,0.0,0.0,0.8077119129706828,0.9812294129706827,495.0,495.0,130.314,1.0,2,0
401,32,1,0.0,0.0,0.8062294129706826,0.9812294129706827,550.0,514.25,140.0,1.2,2,0
402,32,0,0.0,0.0,0.8114306629706827,0.9812294129706827,550.0,550.0,135.839,1.2,2,0
403,33,1,0.0,0.0,0.8062294129706826,0.9812294129706827,550.0,550.0,140.0,1.2,2,0
404,33,0,0.0,0.0,0.8062294129706826,0.9812294129706827,550.0,550.0,140.0,1.2,2,0
405,31,0,0.0,0.0,0.8021287500854235,0.9821287500854234,550.0,550.0,144.0,1.2,2,0
406,31,0,0.0,0.0,0.8021287500854235,0.9821287500854234,660.0,588.5,144.0,1.4,2,0
407,30,0,0.0,0.0,0.8021287500854235,0.9821287500854234,660.0,660.0,144.0,1.4,2,0
408,30,0,0.0,0.0,0.8021287500854235,0.9821287500854234,715.0,679.25,144.0,1.5999999999999999,3,0
409,31,0,0.0,0.0,0.8021287500854235,0.9821287500854234,715.0,715.0,144.0,1.5999999999999999,3,0
410,33,2,0.0,14.766666666666666,0.8120527023679356,0.9830089523679355,660.0,695.75,136.765,1.4,2,0
411,33,0,0.0,0.0,0.8120527023679356,0.9830089523679355,605.0,640.75,136.765,1.2,2,0
412,34,0,0.0,0.0,0.8030089523679356,0.9830089523679355,605.0,605.0,144.0,1.2,2,0
413,35,1,0.0,0.0,0.8080089523679355,0.9830089523679355,550.0,585.75,140.0,1.0,2,0
414,36,1,0.0,0.0,0.8080089523679355,0.9830089523679355,550.0,550.0,140.0,1.0,2,0
415,37,1,0.0,0.0,0.8081620310257638,0.9831620310257638,550.0,550.0,140.0,1.0,2,0
416,38,0,0.0,0.0,0.8081620310257638,0.9831620310257638,550.0,550.0,140.0,1.2,2,0
417,40,2,0.0,0.0,0.8081620310257638,0.9831620310257638,550.0,550.0,140.0,1.2,2,0
418,40,0,0.0,0.0,0.8083882810257638,0.9831620310257638,495.0,530.75,131.319,1.5999999999999999,3,0
419,40,0,0.0,0.0,0.8083882810257638,0.9831620310257638,495.0,495.0,131.319,1.5999999999999999,3,0
420,40,0,0.0,0.0,0.9829180850460881,1.0,495.0,495.0,145.6,1.5999999999999999,3,0
421,40,0,0.0,0.0,0.9829180850460881,1.0,495.0,495.0,145.6,1.5999999999999999,3,0
422,41,1,0.0,0.0,0.9829180850460881,1.0,495.0,495.0,145.6,1.5999999999999999,3,0
423,41,0,0.0,0.0,0.9829180850460881,1.0,495.0,495.0,145.6,1.5999999999999999,3,0
424,41,0,0.0,0.0,0.9829180850460881,1.0,495.0,495.0,145.6,1.7999999999999998,3,0
425,42,1,0.0,0.0,0.9530688829002536,1.0,440.0,475.75,144.0,1.5999999999999999,3,0
426,43,0,0.0,0.0,0.9411938829002535,1.0,385.0,420.75,126.0,1.4,2,0
427,43,0,0.0,0.0,0.9293188829002534,1.0,330.0,365.75,108.0,1.2,2,0
428,44,1,0.0,0.0,0.9293188829002534,1.0,330.0,330.0,108.0,1.2,2,0
429,44,0,0.0,0.0,0.9293188829002534,1.0,330.0,330.0,108.0,1.2,2,0
430,44,0,0.0,0.0,0.9314428492776197,1.0,330.0,330.0,108.0,1.2,2,0
431,46,2,0.0,0.0,0.9314428492776197,1.0,330.0,330.0,108.0,1.2,2,0
432,47,0,0.0,0.0,0.9314428492776197,1.0,330.0,330.0,108.0,1.2,2,0
433,47,0,0.0,0.0,0.8626928492776196,1.0,220.0,291.5,108.0,0.8,1,0
434,45,0,0.0,0.0,0.9076928492776196,1.0,220.0,220.0,72.0,0.8,1,0
435,46,0,0.0,0.0,0.9567748044474413,1.0,330.0,258.5,90.0,0.8,1,0
436,46,0,0.0,0.0,0.9567748044474413,1.0,330.0,330.0,90.0,0.8,1,0
437,46,0,0.0,0.0,0.9223998044474413,1.0,275.0,310.75,90.0,0.6000000000000001,1,0
438,46,0,0.0,0.0,0.9223998044474413,1.0,275.0,275.0,90.0,0.6000000000000001,1,0
439,46,0,0.0,0.0,0.9223998044474413,1.0,275.0,275.0,90.0,0.6000000000000001,1,0
440,46,0,0.0,0.0,0.8876229729706422,1.0,220.0,255.75,90.0,0.6000000000000001,1,0
441,46,1,0.0,0.0,0.8876229729706422,1.0,220.0,220.0,90.0,0.6000000000000001,1,0
442,47,0,0.0,0.0,0.9219979729706422,1.0,275.0,239.25,90.0,0.6000000000000001,1,0
443,47,1,0.0,0.0,0.9219979729706422,1.0,275.0,275.0,90.0,0.6000000000000001,1,0
444,48,1,0.0,0.0,0.8876229729706422,1.0,220.0,255.75,90.0,0.2,0,0
445,48,0,0.0,0.0,0.8860156470634462,1.0,220.0,220.0,90.0,0.2,0,0
446,46,0,0.0,0.0,0.8860156470634462,1.0,220.0,220.0,90.0,0.2,0,0
447,45,1,0.0,0.0,0.9203906470634462,1.0,275.0,239.25,90.0,0.2,0,0
448,45,0,0.0,0.0,0.9203906470634462,1.0,275.0,275.0,90.0,0.2,0,0
449,44,0,0.0,0.0,0.9203906470634462,1.0,275.0,275.0,90.0,0.4,0,0
450,43,0,0.0,0.0,0.9182092761893943,1.0,275.0,275.0,90.0,0.4,0,0
451,43,0,0.0,0.0,0.9525842761893943,1.0,330.0,294.25,90.0,0.4,0,0
452,42,0,0.0,0.0,0.9425842761893943,1.0,330.0,330.0,98.0,0.6000000000000001,1,0
453,42,0,0.0,0.0,0.9769592761893944,1.0,385.0,349.25,98.0,0.6000000000000001,1,0
454,41,0,0.0,0.0,0.9769592761893944,1.0,385.0,385.0,98.0,0.6000000000000001,1,0
455,41,0,0.0,0.0,0.9760982087391108,1.0,385.0,385.0,98.0,0.6000000000000001,1,0
456,41,1,0.0,0.0,0.9760982087391108,1.0,385.0,385.0,98.0,0.8,1,0
457,38,0,0.0,0.0,0.9585982087391108,1.0,385.0,385.0,112.0,0.8,1,0
458,38,0,0.0,0.0,1.0,1.0,495.0,423.5,126.0,0.8,1,0
459,38,0,0.0,0.0,1.0,1.0,495.0,495.0,126.0,1.0,2,0
460,38,0,0.0,0.0,1.0,1.0,495.0,495.0,126.0,1.0,2,0
461,39,1,0.0,0.0,0.9924757031011692,1.0,440.0,475.75,112.0,0.8,1,0
462,40,1,0.0,0.0,0.9924757031011692,1.0,440.0,440.0,112.0,0.8,1,0
463,41,1,0.0,0.0,0.9924757031011692,1.0,440.0,440.0,112.0,0.8,1,0
464,41,0,0.0,0.0,0.9924757031011692,1.0,440.0,440.0,112.0,1.0,2,0
465,41,0,0.0,0.0,0.9739359726972876,1.0,385.0,420.75,98.0,0.8,1,0
466,40,1,0.0,0.0,0.9564359726972876,1.0,385.0,385.0,112.0,0.8,1,0
467,40,0,0.0,0.0,1.0,1.0,495.0,423.5,112.0,0.8,1,0
468,41,2,0.0,0.0,1.0,1.0,495.0,495.0,126.0,0.8,1,0
469,41,0,0.0,0.0,1.0,1.0,550.0,514.25,112.0,0.6000000000000001,1,0
470,40,0,0.0,0.0,0.9983043096753508,1.0,550.0,550.0,140.0,0.8,1,0
471,42,2,0.0,0.0,0.9913043096753509,1.0,605.0,569.25,145.6,0.8,1,0
472,42,1,0.0,0.0,0.9913043096753509,1.0,605.0,605.0,145.6,0.8,1,0
473,42,1,0.0,0.0,0.9913043096753509,1.0,660.0,624.25,145.6,0.8,1,0
474,43,1,0.0,1.4055555555555554,0.9913043096753509,1.0,715.0,679.25,145.6,0.8,1,0
475,43,0,0.0,0.0,0.9885871634989003,1.0,715.0,715.0,145.6,0.8,1,0
476,43,0,0.0,0.0,0.9885871634989003,1.0,715.0,715.0,145.6,1.0,2,0
477,44,1,0.0,1.4055555555555554,0.9885871634989003,1.0,715.0,715.0,145.6,1.2,2,0
478,44,0,0.0,0.0,0.9885871634989003,1.0,715.0,715.0,145.6,1.0,2,0
479,44,0,0.0,0.0,0.9885871634989003,1.0,715.0,715.0,145.6,1.2,2,0
480,44,0,0.0,0.0,0.9962635139752616,1.0,715.0,715.0,145.6,1.4,2,0
481,45,1,0.0,1.4055555555555554,0.9962635139752616,1.0,715.0,715.0,145.6,1.4,2,0
482,46,1,0.0,1.4055555555555554,0.9962635139752616,1.0,660.0,695.75,145.6,1.2,2,0
483,46,0,0.0,0.0,0.9962635139752616,1.0,660.0,660.0,145.6,1.2,2,0
484,46,0,0.0,0.0,0.9962635139752616,1.0,605.0,640.75,145.6,1.0,2,0
485,46,1,0.0,0.0,1.0,1.0,605.0,605.0,126.0,0.6000000000000001,1,0
486,46,1,0.0,0.0,0.9958616824984625,1.0,660.0,624.25,145.6,0.6000000000000001,1,0
487,46,0,0.0,0.0,0.9958616824984625,1.0,715.0,679.25,145.6,0.4,0,0
488,44,0,0.0,0.0,0.9958616824984625,1.0,715.0,715.0,145.6,0.4,0,0
489,44,0,0.0,0.0,0.9958616824984625,1.0,825.0,753.5,145.6,0.4,0,0
490,44,0,0.0,0.0,0.993546367798811,1.0,825.0,825.0,145.6,0.4,0,0
491,44,0,0.0,0.0,0.993546367798811,1.0,825.0,825.0,145.6,0.6000000000000001,1,0
492,46,2,0.0,0.0,0.993546367798811,1.0,825.0,825.0,145.6,0.6000000000000001,1,0
493,47,1,0.0,0.0,0.993546367798811,1.0,825.0,825.0,145.6,0.6000000000000001,1,0
494,46,0,0.0,0.0,0.993546367798811,1.0,825.0,825.0,145.6,0.8,1,0
495,46,0,0.0,0.0,0.9908866261190461,1.0,825.0,825.0,145.6,1.2,2,0
496,46,1,0.0,0.0,0.9728866261190461,1.0,825.0,825.0,160.0,1.4,2,0
497,46,2,0.0,0.0,0.9728866261190461,1.0,825.0,825.0,160.0,1.4,2,0
498,44,0,0.0,0.0,0.9728866261190461,1.0,935.0,863.5,160.0,1.4,2,0
499,44,0,0.0,0.0,0.9728866261190461,1.0,990.0,954.25,160.0,1.4,2,0
500,43,0,0.0,0.0,0.9704756372582519,1.0,990.0,990.0,160.0,1.4,2,0
501,42,0,0.0,0.0,0.9704756372582519,1.0,990.0,990.0,160.0,1.5999999999999999,3,0
502,40,0,0.0,0.0,0.9884756372582519,1.0,990.0,990.0,145.6,1.4,2,0
503,39,0,0.0,0.0,0.9884756372582519,1.0,990.0,990.0,145.6,1.2,2,0
504,39,0,0.0,0.0,0.9884756372582519,1.0,990.0,990.0,145.6,1.4,2,0
505,39,0,0.0,0.0,0.9874806259823687,1.0,990.0,990.0,145.6,1.4,2,0
506,39,0,0.0,0.0,0.9694806259823687,1.0,990.0,990.0,160.0,1.4,2,0
507,39,0,0.0,0.0,0.9874806259823687,1.0,990.0,990.0,145.6,1.4,2,0
508,40,1,26.0,30.766666666666666,0.9874806259823687,1.0,990.0,990.0,145.6,1.2,2,0
509,41,0,0.0,0.0,0.9694806259823687,1.0,990.0,990.0,160.0,1.2,2,0
510,41,0,0.0,0.0,0.9661894348390625,1.0,935.0,970.75,160.0,1.0,2,0
511,41,0,0.0,0.0,0.9661894348390625,1.0,935.0,935.0,160.0,1.2,2,0
512,42,2,0.0,30.766666666666666,0.9661894348390625,1.0,935.0,935.0,160.0,1.2,2,0
513,43,0,0.0,0.0,0.9661894348390625,1.0,935.0,935.0,160.0,1.4,2,0
514,43,0,0.0,0.0,0.9661894348390625,1.0,935.0,935.0,160.0,1.5999999999999999,3,0
515,44,1,0.0,38.766666666666666,0.9656919292011208,1.0,935.0,935.0,160.0,1.7999999999999998,3,0
516,44,0,0.0,0.0,0.9656919292011208,1.0,935.0,935.0,160.0,1.7999999999999998,3,0
517,44,0,0.0,0.0,0.9656919292011208,1.0,935.0,935.0,160.0,1.5999999999999999,3,0
518,46,2,9.0,22.766666666666666,0.9656919292011208,1.0,935.0,935.0,160.0,1.7999999999999998,3,0
519,46,0,0.0,0.0,0.9656919292011208,1.0,935.0,935.0,160.0,1.9999999999999998,3,0
520,46,0,0.0,0.0,0.9638167156427255,1.0,935.0,935.0,160.0,1.9999999999999998,3,0
521,46,0,0.0,0.0,0.9638167156427255,1.0,935.0,935.0,160.0,2.1999999999999997,4,0
522,46,0,0.0,0.0,0.9638167156427255,1.0,935.0,935.0,160.0,1.9999999999999998,3,0
523,46,0,0.0,0.0,0.9638167156427255,1.0,935.0,935.0,160.0,1.9999999999999998,3,0
524,45,0,0.0,0.0,0.9638167156427255,1.0,880.0,915.75,160.0,1.7999999999999998,3,0
525,46,1,0.0,22.766666666666666,0.9618266930909589,1.0,880.0,880.0,160.0,1.7999999999999998,3,0
526,47,1,0.0,22.766666666666666,0.9618266930909589,1.0,825.0,860.75,160.0,1.5999999999999999,3,0
527,47,0,0.0,0.0,0.9618266930909589,1.0,825.0,825.0,160.0,1.5999999999999999,3,0
528,49,1,0.0,22.766666666666666,0.9618266930909589,1.0,770.0,805.75,160.0,1.4,2,0
529,50,1,0.0,22.766666666666666,0.9618266930909589,1.0,770.0,770.0,160.0,1.5999999999999999,3,0
530,50,0,0.0,0.0,0.9586120412765669,1.0,770.0,770.0,160.0,1.5999999999999999,3,0
531,50,0,0.0,0.0,0.9661120412765668,1.0,660.0,731.5,154.0,1.4,2,0
532,50,0,0.0,0.0,0.9661120412765668,1.0,660.0,660.0,154.0,1.5999999999999999,3,0
533,51,1,0.0,22.766666666666666,0.9586120412765669,1.0,660.0,660.0,160.0,1.5999999999999999,3,0
534,51,0,0.0,0.0,0.9661120412765668,1.0,660.0,660.0,154.0,1.5999999999999999,3,0
535,52,1,0.0,14.766666666666666,0.9755887377844599,1.0,605.0,640.75,144.0,1.4,2,0
536,52,1,0.0,14.766666666666666,0.9735887377844599,1.0,605.0,605.0,145.6,1.4,2,0
537,52,0,0.0,0.0,0.9805887377844598,1.0,605.0,605.0,140.0,1.4,2,0
538,52,0,0.0,0.0,0.9755887377844599,1.0,605.0,605.0,144.0,1.4,2,0
539,52,1,0.0,1.4055555555555554,0.9755887377844599,1.0,605.0,605.0,144.0,1.4,2,0
540,52,0,0.0,0.0,0.8061749976876997,0.9811749976876998,660.0,624.25,140.0,1.4,2,0
541,51,0,0.0,0.0,0.8061749976876997,0.9811749976876998,660.0,660.0,140.0,1.4,2,0
542,51,0,0.0,0.0,0.8114112476876998,0.9811749976876998,660.0,660.0,135.811,1.2,2,0
543,51,1,0.0,1.4055555555555554,0.8114112476876998,0.9811749976876998,605.0,640.75,135.811,1.2,2,0
544,51,0,0.0,0.0,0.8114112476876998,0.9811749976876998,660.0,624.25,135.811,1.2,2,0
545,52,1,0.0,1.4055555555555554,0.8100585115775379,0.9773097615775379,605.0,640.75,133.801,1.0,2,0
546,51,0,0.0,0.0,0.8100585115775379,0.9773097615775379,605.0,605.0,133.801,1.0,2,0
547,51,0,0.0,0.0,0.8100585115775379,0.9773097615775379,660.0,624.25,133.801,1.0,2,0
548,50,0,0.0,0.0,0.8100585115775379,0.9773097615775379,660.0,660.0,133.801,1.2,2,0
549,52,2,0.0,1.4055555555555554,0.8100585115775379,0.9773097615775379,715.0,679.25,133.801,1.2,2,0
550,54,2,0.0,1.4055555555555554,0.8091474243944584,0.9747074243944585,660.0,695.75,132.448,1.0,2,0
551,55,1,0.0,1.4055555555555554,0.8091474243944584,0.9747074243944585,605.0,640.75,132.448,0.8,1,0
552,55,0,0.0,0.0,0.8240824243944583,0.9747074243944585,495.0,566.5,112.0,0.4,0,0
553,54,1,0.0,0.0,0.8054286743944583,0.9747074243944585,495.0,495.0,126.923,0.6000000000000001,1,0
554,54,1,0.0,0.0,0.8091474243944584,0.9747074243944585,605.0,533.5,132.448,0.6000000000000001,1,0
555,54,1,0.0,0.0,0.8073870198294341,0.9729470198294341,605.0,605.0,132.448,0.4,0,0
556,54,0,0.0,0.0,0.8073870198294341,0.9729470198294341,660.0,624.25,132.448,0.4,0,0
557,55,0,0.0,0.0,0.8085320198294341,0.9729470198294341,660.0,660.0,131.532,0.6000000000000001,1,0
558,54,0,0.0,0.0,0.8085320198294341,0.9729470198294341,660.0,660.0,131.532,0.6000000000000001,1,0
559,53,0,0.0,0.0,0.8085320198294341,0.9729470198294341,715.0,679.25,131.532,0.6000000000000001,1,0
560,51,1,0.0,0.0,0.8072190927126434,0.9691965927126434,770.0,734.25,129.582,0.6000000000000001,1,0
561,51,0,0.0,0.0,0.8072190927126434,0.9691965927126434,825.0,789.25,129.582,0.4,0,0
562,52,1,0.0,0.0,0.7891965927126434,0.9691965927126434,825.0,825.0,144.0,0.6000000000000001,1,0
563,52,0,0.0,0.0,0.7891965927126434,0.9691965927126434,825.0,825.0,144.0,0.6000000000000001,1,0
564,51,1,0.0,0.0,0.7891965927126434,0.9691965927126434,825.0,825.0,144.0,0.6000000000000001,1,0
565,50,0,0.0,0.0,0.7860010757304798,0.9660010757304798,935.0,863.5,144.0,1.0,2,0
566,49,0,0.0,0.0,0.7660010757304798,0.9660010757304798,935.0,935.0,160.0,1.0,2,0
567,49,1,0.0,1.4055555555555554,0.7660010757304798,0.9660010757304798,935.0,935.0,160.0,1.5999999999999999,3,0
568,48,0,0.0,0.0,0.7860010757304798,0.9660010757304798,990.0,954.25,144.0,1.4,2,0
569,47,0,0.0,0.0,0.7660010757304798,0.9660010757304798,990.0,990.0,160.0,1.4,2,0
570,46,0,0.0,0.0,0.7625950755938025,0.9625950755938024,990.0,990.0,160.0,1.4,2,0
571,46,0,0.0,0.0,0.7625950755938025,0.9625950755938024,935.0,970.75,160.0,1.2,2,0
572,44,0,0.0,0.0,0.7625950755938025,0.9625950755938024,935.0,935.0,160.0,1.4,2,0
573,44,0,0.0,0.0,0.7625950755938025,0.9625950755938024,935.0,935.0,160.0,1.4,2,0
574,44,0,0.0,0.0,0.7625950755938025,0.9625950755938024,935.0,935.0,160.0,1.4,2,0
575,45,1,0.0,30.766666666666666,0.7595717721016957,0.9595717721016956,935.0,935.0,160.0,1.7999999999999998,3,0
576,45,0,0.0,0.0,0.7595717721016957,0.9595717721016956,935.0,935.0,160.0,1.7999999999999998,3,0
577,45,0,0.0,0.0,0.7595717721016957,0.9595717721016956,880.0,915.75,160.0,1.5999999999999999,3,0
578,45,0,0.0,0.0,0.7595717721016957,0.9595717721016956,880.0,880.0,160.0,1.7999999999999998,3,0
579,45,0,0.0,0.0,0.7595717721016957,0.9595717721016956,880.0,880.0,160.0,1.9999999999999998,3,0
580,46,1,0.0,22.766666666666666,0.7574478057243295,0.9574478057243294,880.0,880.0,160.0,1.9999999999999998,3,0
581,46,0,0.0,0.0,0.7574478057243295,0.9574478057243294,880.0,880.0,160.0,2.1999999999999997,4,0
582,47,1,0.0,22.766666666666666,0.7574478057243295,0.9574478057243294,880.0,880.0,160.0,2.4,4,0
583,47,0,0.0,0.0,0.7574478057243295,0.9574478057243294,825.0,860.75,160.0,2.6,5,0
584,47,0,0.0,0.0,0.7574478057243295,0.9574478057243294,825.0,825.0,160.0,2.666666666666667,5,0
585,47,0,0.0,0.0,0.7518987043780572,0.9518987043780571,825.0,825.0,160.0,2.6,5,0
586,47,0,0.0,0.0,0.7518987043780572,0.9518987043780571,825.0,825.0,160.0,2.6,5,0
587,47,0,0.0,0.0,0.7518987043780572,0.9518987043780571,825.0,825.0,160.0,2.6,5,0
588,47,0,0.0,0.0,0.7518987043780572,0.9518987043780571,825.0,825.0,160.0,2.6,5,0
589,48,1,0.0,22.766666666666666,0.7518987043780572,0.9518987043780571,770.0,805.75,160.0,2.4,4,0
590,50,1,0.0,22.766666666666666,0.7504061874642323,0.9504061874642322,770.0,770.0,160.0,2.4,4,0
591,51,1,0.0,22.766666666666666,0.7504061874642323,0.9504061874642322,770.0,770.0,160.0,2.6,5,0
592,52,1,0.0,14.766666666666666,0.7504061874642323,0.9504061874642322,770.0,770.0,160.0,2.4,4,0
593,53,1,0.0,14.766666666666666,0.7504061874642323,0.9504061874642322,715.0,750.75,160.0,1.9999999999999998,3,0
594,53,0,0.0,0.0,0.7504061874642323,0.9504061874642322,715.0,715.0,160.0,1.9999999999999998,3,0
595,54,1,0.0,1.4055555555555554,0.748282221086866,0.948282221086866,660.0,695.75,160.0,1.7999999999999998,3,0
596,54,0,0.0,0.0,0.755782221086866,0.948282221086866,605.0,640.75,154.0,1.7999999999999998,3,0
597,55,0,0.0,0.0,0.7682822210868661,0.948282221086866,605.0,605.0,144.0,1.4,2,0
598,56,1,0.0,0.0,0.755782221086866,0.948282221086866,605.0,605.0,154.0,1.4,2,0
599,56,0,0.0,0.0,0.755782221086866,0.948282221086866,605.0,605.0,154.0,1.4,2,0
600,56,0,0.0,0.0,0.7759650782029048,0.9509650782029049,550.0,585.75,140.0,1.2,2,0
601,56,0,0.0,0.0,0.7759650782029048,0.9509650782029049,550.0,550.0,140.0,1.4,2,0
602,56,0,0.0,0.0,0.7759650782029048,0.9509650782029049,550.0,550.0,140.0,1.4,2,0
603,54,0,0.0,0.0,0.7709650782029049,0.9509650782029049,550.0,550.0,144.0,1.5999999999999999,3,0
604,54,0,0.0,0.0,0.7509650782029049,0.9509650782029049,660.0,588.5,160.0,1.5999999999999999,3,0
605,54,0,0.0,0.0,0.7705249770616489,0.9505249770616488,605.0,640.75,144.0,1.4,2,0
606,54,0,0.0,0.0,0.7580249770616488,0.9505249770616488,605.0,605.0,154.0,1.4,2,0
607,54,0,0.0,0.0,0.782399977061649,0.9505249770616488,495.0,566.5,126.0,1.0,2,0
608,53,0,0.0,0.0,0.782399977061649,0.9505249770616488,495.0,495.0,126.0,1.0,2,0
609,53,0,0.0,0.0,0.7930249770616489,0.9505249770616488,550.0,514.25,126.0,1.2,2,0
610,53,0,0.0,0.0,0.7961546623619975,0.9482096623619973,495.0,530.75,113.144,1.0,2,0
611,52,0,0.0,0.0,0.7800846623619975,0.9482096623619973,495.0,495.0,126.0,1.2,2,0
612,52,0,0.0,0.0,0.7907096623619974,0.9482096623619973,550.0,514.25,126.0,1.2,2,0
613,52,0,0.0,0.0,0.7907096623619974,0.9482096623619973,550.0,550.0,126.0,1.2,2,0
614,52,0,0.0,0.0,0.7961546623619975,0.9482096623619973,495.0,530.75,113.144,1.0,2,0
615,55,2,0.0,0.0,0.793336729607265,0.9439617296072649,495.0,495.0,112.0,1.0,2,0
616,54,0,0.0,0.0,0.7639617296072649,0.9439617296072649,440.0,475.75,108.0,1.2,2,0
617,54,1,0.0,0.0,0.794667979607265,0.9439617296072649,495.0,459.25,110.935,1.2,2,0
618,55,2,0.0,0.0,0.794667979607265,0.9439617296072649,495.0,495.0,110.935,1.0,2,0
619,55,0,0.0,0.0,0.794667979607265,0.9439617296072649,495.0,495.0,110.935,1.0,2,0
620,52,0,0.0,0.0,0.7936362154440721,0.9410149654440723,495.0,495.0,109.403,1.0,2,0
621,52,0,0.0,0.0,0.7936362154440721,0.9410149654440723,495.0,495.0,109.403,1.0,2,0
622,53,1,0.0,0.0,0.8078899654440721,0.9410149654440723,495.0,495.0,98.0,0.8,1,0
623,54,1,0.0,0.0,0.8078899654440721,0.9410149654440723,495.0,495.0,98.0,0.8,1,0
624,55,0,0.0,0.0,0.7953899654440721,0.9410149654440723,495.0,495.0,108.0,0.8,1,0
625,55,0,0.0,0.0,0.7926521451064792,0.938202145106479,495.0,495.0,107.94,0.8,1,0
626,56,0,0.0,0.0,0.7925771451064791,0.938202145106479,495.0,495.0,108.0,0.8,1,0
627,56,0,0.0,0.0,0.7925771451064791,0.938202145106479,495.0,495.0,108.0,1.0,2,0
628,56,0,0.0,0.0,0.7925771451064791,0.938202145106479,495.0,495.0,108.0,1.0,2,0
629,56,0,0.0,0.0,0.798202145106479,0.938202145106479,550.0,514.25,112.0,1.2,2,0
630,56,0,0.0,0.0,0.7952528781243154,0.9350066281243155,550.0,550.0,111.803,1.2,2,0
631,54,0,0.0,0.0,0.7952528781243154,0.9350066281243155,550.0,550.0,111.803,1.2,2,0
632,54,0,0.0,0.0,0.7952528781243154,0.9350066281243155,605.0,569.25,111.803,1.0,2,0
633,53,0,0.0,0.0,0.7775066281243155,0.9350066281243155,605.0,605.0,126.0,1.0,2,0
634,52,0,0.0,0.0,0.7550066281243155,0.9350066281243155,660.0,624.25,144.0,1.0,2,0
635,52,0,0.0,0.0,0.7532079538948342,0.9332079538948341,715.0,679.25,144.0,1.0,2,0
636,51,0,0.0,0.0,0.7946229538948342,0.9332079538948341,660.0,695.75,110.868,0.8,1,0
637,52,1,0.0,0.0,0.7946229538948342,0.9332079538948341,715.0,679.25,110.868,0.6000000000000001,1,0
638,53,1,0.0,0.0,0.7946229538948342,0.9332079538948341,715.0,715.0,110.868,0.8,1,0
639,53,0,0.0,0.0,0.7946229538948342,0.9332079538948341,715.0,715.0,110.868,1.0,2,0
640,53,0,0.0,0.0,0.7937317712084404,0.9306630212084404,715.0,715.0,109.545,1.0,2,0
641,53,0,0.0,0.0,0.7937317712084404,0.9306630212084404,715.0,715.0,109.545,1.0,2,0
642,53,1,0.0,0.0,0.7937317712084404,0.9306630212084404,715.0,715.0,109.545,1.0,2,0
643,54,1,0.0,0.0,0.7937317712084404,0.9306630212084404,770.0,734.25,109.545,1.0,2,0
644,54,1,0.0,0.0,0.7731630212084404,0.9306630212084404,715.0,750.75,126.0,0.8,1,0
645,54,0,0.0,0.0,0.747984144696447,0.927984144696447,770.0,734.25,144.0,0.8,1,0
646,54,0,0.0,0.0,0.747984144696447,0.927984144696447,770.0,770.0,144.0,0.8,1,0
647,53,0,0.0,0.0,0.747984144696447,0.927984144696447,770.0,770.0,144.0,0.8,1,0
648,52,0,0.0,0.0,0.727984144696447,0.927984144696447,825.0,789.25,160.0,1.0,2,0
649,53,1,0.0,14.766666666666666,0.727984144696447,0.927984144696447,825.0,825.0,160.0,1.2,2,0
650,52,0,0.0,0.0,0.72561142550011,0.92561142550011,825.0,825.0,160.0,1.4,2,0
651,52,0,0.0,0.0,0.72561142550011,0.92561142550011,825.0,825.0,160.0,1.5999999999999999,3,0
652,52,0,0.0,0.0,0.72561142550011,0.92561142550011,825.0,825.0,160.0,1.7999999999999998,3,0
653,52,0,0.0,0.0,0.72561142550011,0.92561142550011,825.0,825.0,160.0,1.5999999999999999,3,0
654,53,1,0.0,22.766666666666666,0.72561142550011,0.92561142550011,825.0,825.0,160.0,1.5999999999999999,3,0
655,54,1,0.0,22.766666666666666,0.7231813018070874,0.9231813018070874,825.0,825.0,160.0,1.5999999999999999,3,0
656,54,0,0.0,0.0,0.7231813018070874,0.9231813018070874,825.0,825.0,160.0,1.7999999999999998,3,0
657,54,0,0.0,0.0,0.7231813018070874,0.9231813018070874,825.0,825.0,160.0,1.7999999999999998,3,0
658,54,0,0.0,0.0,0.7231813018070874,0.9231813018070874,825.0,825.0,160.0,1.7999999999999998,3,0
659,54,0,0.0,0.0,0.7231813018070874,0.9231813018070874,825.0,825.0,160.0,2.1999999999999997,4,0
660,55,1,0.0,14.766666666666666,0.7241922848796227,0.9241922848796227,825.0,825.0,160.0,1.9999999999999998,3,0
661,56,0,0.0,0.0,0.7241922848796227,0.9241922848796227,825.0,825.0,160.0,2.1999999999999997,4,0
662,56,0,0.0,0.0,0.7241922848796227,0.9241922848796227,660.0,767.25,160.0,1.5999999999999999,3,0
663,55,0,0.0,0.0,0.7241922848796227,0.9241922848796227,605.0,640.75,160.0,1.4,2,0
664,55,0,0.0,0.0,0.7666922848796227,0.9241922848796227,550.0,585.75,126.0,1.0,2,0
665,55,0,0.0,0.0,0.7687971164247605,0.9262971164247604,550.0,550.0,126.0,1.0,2,0
666,57,2,0.0,1.4055555555555554,0.7687971164247605,0.9262971164247604,550.0,550.0,126.0,1.0,2,0
667,57,0,0.0,0.0,0.7806721164247603,0.9262971164247604,495.0,530.75,108.0,1.0,2,0
668,57,0,0.0,0.0,0.7806721164247603,0.9262971164247604,495.0,495.0,108.0,1.0,2,0
669,57,0,0.0,0.0,0.7806721164247603,0.9262971164247604,495.0,495.0,108.0,1.2,2,0
670,58,1,0.0,0.0,0.7431781387715108,0.9231781387715108,440.0,475.75,108.0,1.0,2,0
671,57,0,0.0,0.0,0.7431781387715108,0.9231781387715108,440.0,440.0,108.0,1.0,2,0
672,58,1,0.0,0.0,0.7550531387715109,0.9231781387715108,495.0,459.25,126.0,1.0,2,0
673,59,0,0.0,0.0,0.7550531387715109,0.9231781387715108,495.0,495.0,126.0,1.0,2,0
674,59,1,0.0,0.0,0.7550531387715109,0.9231781387715108,495.0,495.0,126.0,1.0,2,0
675,58,0,0.0,0.0,0.7290325431998578,0.9215325431998578,550.0,514.25,154.0,1.2,2,0
676,58,0,0.0,0.0,0.7465325431998577,0.9215325431998578,550.0,550.0,140.0,1.0,2,0
677,58,0,0.0,0.0,0.7465325431998577,0.9215325431998578,550.0,550.0,140.0,1.2,2,0
678,58,0,0.0,0.0,0.7465325431998577,0.9215325431998578,550.0,550.0,140.0,1.2,2,0
679,58,0,0.0,0.0,0.7465325431998577,0.9215325431998578,550.0,550.0,140.0,1.2,2,0
680,58,0,0.0,0.0,0.7516854082992905,0.9198104082992906,495.0,530.75,126.0,1.4,2,0
681,58,0,0.0,0.0,0.7398104082992906,0.9198104082992906,440.0,475.75,108.0,1.2,2,0
682,57,0,0.0,0.0,0.7398104082992906,0.9198104082992906,440.0,440.0,108.0,1.2,2,0
683,57,0,0.0,0.0,0.7741854082992905,0.9198104082992906,495.0,459.25,108.0,1.2,2,0
684,56,1,0.0,0.0,0.7741854082992905,0.9198104082992906,495.0,495.0,108.0,1.2,2,0
685,60,3,0.0,0.0,0.7827438464186098,0.9177438464186098,605.0,533.5,108.0,1.2,2,0
686,59,0,0.0,0.0,0.7827438464186098,0.9177438464186098,605.0,605.0,108.0,1.2,2,0
687,60,1,0.0,0.0,0.7892100964186098,0.9177438464186098,550.0,585.75,102.827,1.0,2,0
688,60,0,0.0,0.0,0.7892100964186098,0.9177438464186098,550.0,550.0,102.827,1.0,2,0
689,59,0,0.0,0.0,0.7892100964186098,0.9177438464186098,550.0,550.0,102.827,1.0,2,0
690,56,0,0.0,0.0,0.7356198800412437,0.9156198800412436,550.0,550.0,144.0,1.0,2,0
691,56,0,0.0,0.0,0.7806198800412436,0.9156198800412436,660.0,588.5,108.0,0.6000000000000001,1,0
692,56,0,0.0,0.0,0.7806198800412436,0.9156198800412436,660.0,660.0,108.0,0.6000000000000001,1,0
693,56,1,0.0,0.0,0.7884673800412436,0.9156198800412436,660.0,660.0,101.722,0.4,0,0
694,56,0,0.0,0.0,0.7884673800412436,0.9156198800412436,715.0,679.25,101.722,0.4,0,0
695,56,0,0.0,0.0,0.7786107226572485,0.9136107226572485,715.0,715.0,108.0,0.8,1,0
696,57,0,0.0,0.0,0.7786107226572485,0.9136107226572485,715.0,715.0,108.0,1.0,2,0
697,58,1,0.0,1.4055555555555554,0.7786107226572485,0.9136107226572485,715.0,715.0,108.0,1.0,2,0
698,57,0,0.0,0.0,0.7786107226572485,0.9136107226572485,715.0,715.0,108.0,1.0,2,0
699,57,0,0.0,0.0,0.7561107226572485,0.9136107226572485,770.0,734.25,126.0,1.0,2,0
700,58,1,0.0,14.766666666666666,0.7555940821870784,0.9130940821870783,770.0,770.0,126.0,1.2,2,0
701,59,1,0.0,1.4055555555555554,0.7875828321870784,0.9130940821870783,660.0,731.5,100.409,0.8,1,0
702,59,1,0.0,1.4055555555555554,0.7555940821870784,0.9130940821870783,660.0,660.0,126.0,0.8,1,0
703,58,0,0.0,0.0,0.7330940821870784,0.9130940821870783,715.0,679.25,144.0,0.8,1,0
704,58,0,0.0,0.0,0.7130940821870784,0.9130940821870783,770.0,734.25,160.0,1.0,2,0
705,59,1,0.0,14.766666666666666,0.7119651270855956,0.9119651270855955,770.0,770.0,160.0,1.0,2,0
706,59,0,0.0,0.0,0.7119651270855956,0.9119651270855955,770.0,770.0,160.0,1.0,2,0
707,59,0,0.0,0.0,0.7544651270855955,0.9119651270855955,660.0,731.5,126.0,1.0,2,0
708,60,1,0.0,14.766666666666666,0.7769651270855955,0.9119651270855955,605.0,640.75,108.0,1.0,2,0
709,61,0,0.0,0.0,0.7769651270855955,0.9119651270855955,605.0,605.0,108.0,1.0,2,0
710,61,0,0.0,0.0,0.7750133741982859,0.9100133741982859,605.0,605.0,108.0,1.2,2,0
711,61,0,0.0,0.0,0.7750133741982859,0.9100133741982859,550.0,585.75,108.0,1.0,2,0
712,61,0,0.0,0.0,0.7750133741982859,0.9100133741982859,550.0,550.0,108.0,1.0,2,0
713,61,0,0.0,0.0,0.782785874198286,0.9100133741982859,495.0,530.75,93.282,0.8,1,0
714,61,0,0.0,0.0,0.764388374198286,0.9100133741982859,495.0,495.0,108.0,0.8,1,0
715,61,0,0.0,0.0,0.7628575876200039,0.908482587620004,495.0,495.0,108.0,0.8,1,0
716,62,1,0.0,1.4055555555555554,0.7403575876200039,0.908482587620004,495.0,495.0,126.0,1.0,2,0
717,63,0,0.0,0.0,0.723482587620004,0.908482587620004,440.0,475.75,112.0,0.8,1,0
718,63,0,0.0,0.0,0.654732587620004,0.831857587620004,330.0,401.5,112.0,0.4,0,0
719,63,0,0.0,0.0,0.654732587620004,0.831857587620004,330.0,330.0,112.0,0.6000000000000001,1,0
720,66,2,0.0,0.0,0.6561720938973553,0.8332970938973553,330.0,330.0,112.0,0.6000000000000001,1,0
721,67,1,0.0,0.0,0.6561720938973553,0.8332970938973553,330.0,330.0,112.0,0.8,1,0
722,67,0,0.0,0.0,0.6561720938973553,0.8332970938973553,330.0,330.0,112.0,1.0,2,0
723,68,1,0.0,0.0,0.6561720938973553,0.8332970938973553,330.0,330.0,112.0,1.0,2,0
724,69,1,0.0,0.0,0.6561720938973553,0.8332970938973553,330.0,330.0,112.0,1.0,2,0
725,69,0,0.0,0.0,0.6553492961115287,0.8324742961115288,330.0,330.0,112.0,1.2,2,0
726,67,0,0.0,0.0,0.6209742961115288,0.7919117961115287,275.0,310.75,112.0,1.0,2,0
727,67,0,0.0,0.0,0.7072242961115287,0.8730367961115287,385.0,313.5,98.0,1.0,2,0
728,68,1,0.0,0.0,0.7415992961115287,0.9090992961115287,440.0,404.25,98.0,1.2,2,0
729,67,1,0.0,0.0,0.7290992961115288,0.9090992961115287,440.0,440.0,108.0,1.2,2,0
730,67,0,0.0,0.0,0.774577666917242,0.909577666917242,550.0,478.5,108.0,1.2,2,0
731,67,0,0.0,0.0,0.774577666917242,0.909577666917242,550.0,550.0,108.0,1.2,2,0
732,67,0,0.0,0.0,0.7706026669172419,0.909577666917242,440.0,511.5,75.18,0.8,1,0
733,67,0,0.0,0.0,0.7706026669172419,0.909577666917242,440.0,440.0,75.18,0.8,1,0
734,66,0,0.0,0.0,0.7520776669172419,0.909577666917242,440.0,440.0,90.0,0.8,1,0
735,65,0,0.0,0.0,0.781997357855532,0.9077598578555319,495.0,459.25,92.11,0.8,1,0
736,65,0,0.0,0.0,0.7857161078555319,0.9077598578555319,550.0,514.25,97.635,0.8,1,0
737,64,0,0.0,0.0,0.7857161078555319,0.9077598578555319,550.0,550.0,97.635,0.8,1,0
738,64,0,0.0,0.0,0.7857161078555319,0.9077598578555319,605.0,569.25,97.635,0.8,1,0
739,65,1,0.0,1.4055555555555554,0.7857161078555319,0.9077598578555319,605.0,605.0,97.635,1.0,2,0
740,65,0,0.0,0.0,0.7856087005398757,0.9074537005398757,605.0,605.0,97.476,1.0,2,0
741,65,0,0.0,0.0,0.7749837005398756,0.9074537005398757,495.0,566.5,97.476,0.6000000000000001,1,0
742,66,1,0.0,0.0,0.7749837005398756,0.9074537005398757,495.0,495.0,97.476,0.6000000000000001,1,0
743,66,0,0.0,0.0,0.7856087005398757,0.9074537005398757,550.0,514.25,97.476,0.6000000000000001,1,0
744,67,3,0.0,0.0,0.7856087005398757,0.9074537005398757,550.0,550.0,97.476,0.6000000000000001,1,0
745,68,1,0.0,0.0,0.7855145628886763,0.9071858128886763,605.0,569.25,97.337,0.6000000000000001,1,0
746,68,0,0.0,0.0,0.7721858128886763,0.9071858128886763,605.0,605.0,108.0,0.6000000000000001,1,0
747,68,0,0.0,0.0,0.7721858128886763,0.9071858128886763,605.0,605.0,108.0,0.6000000000000001,1,0
748,68,0,0.0,0.0,0.7496858128886763,0.9071858128886763,605.0,605.0,126.0,0.8,1,0
749,68,0,0.0,0.0,0.7271858128886763,0.9071858128886763,605.0,605.0,144.0,0.8,1,0
750,67,0,0.0,0.0,0.7267457117474203,0.9067457117474202,605.0,605.0,144.0,0.8,1,0
751,69,1,0.0,0.0,0.7142457117474202,0.9067457117474202,660.0,624.25,154.0,1.2,2,0
752,69,0,0.0,0.0,0.7142457117474202,0.9067457117474202,660.0,660.0,154.0,1.2,2,0
753,69,0,0.0,0.0,0.7142457117474202,0.9067457117474202,660.0,660.0,154.0,1.2,2,0
754,69,1,0.0,0.0,0.7142457117474202,0.9067457117474202,660.0,660.0,154.0,1.4,2,0
755,68,0,0.0,0.0,0.7060377229549648,0.9060377229549648,605.0,640.75,160.0,1.2,2,0
756,67,0,0.0,0.0,0.7060377229549648,0.9060377229549648,660.0,624.25,160.0,1.4,2,0
757,67,0,0.0,0.0,0.7060377229549648,0.9060377229549648,715.0,679.25,160.0,1.5999999999999999,3,0
758,67,0,0.0,0.0,0.7060377229549648,0.9060377229549648,715.0,715.0,160.0,1.9999999999999998,3,0
759,67,1,0.0,0.0,0.7060377229549648,0.9060377229549648,715.0,715.0,160.0,1.9999999999999998,3,0
760,66,1,0.0,0.0,0.7064778240962208,0.9064778240962208,770.0,734.25,160.0,1.9999999999999998,3,0
761,67,0,0.0,0.0,0.7064778240962208,0.9064778240962208,880.0,808.5,160.0,1.9999999999999998,3,0
762,67,0,0.0,0.0,0.7064778240962208,0.9064778240962208,880.0,880.0,160.0,1.9999999999999998,3,0
763,68,1,0.0,0.0,0.7064778240962208,0.9064778240962208,880.0,880.0,160.0,1.9999999999999998,3,0
764,68,0,0.0,0.0,0.7064778240962208,0.9064778240962208,825.0,860.75,160.0,1.9999999999999998,3,0
765,67,0,0.0,0.0,0.7055784869814803,0.9055784869814802,825.0,825.0,160.0,1.9999999999999998,3,0
766,68,0,0.0,0.0,0.7055784869814803,0.9055784869814802,880.0,844.25,160.0,1.7999999999999998,3,0
767,68,1,0.0,0.0,0.7055784869814803,0.9055784869814802,880.0,880.0,160.0,1.7999999999999998,3,0
768,69,0,0.0,0.0,0.7055784869814803,0.9055784869814802,935.0,899.25,160.0,1.7999999999999998,3,0
769,68,0,0.0,0.0,0.7055784869814803,0.9055784869814802,935.0,935.0,160.0,1.7999999999999998,3,0
770,67,0,0.0,0.0,0.7060185881227363,0.9060185881227363,880.0,915.75,160.0,1.7999999999999998,3,0
771,68,1,0.0,0.0,0.7060185881227363,0.9060185881227363,825.0,860.75,160.0,1.5999999999999999,3,0
772,69,1,0.0,0.0,0.7060185881227363,0.9060185881227363,825.0,825.0,160.0,1.5999999999999999,3,0
773,68,0,0.0,0.0,0.7060185881227363,0.9060185881227363,825.0,825.0,160.0,1.9999999999999998,3,0
774,68,0,0.0,0.0,0.7060185881227363,0.9060185881227363,880.0,844.25,160.0,1.7999999999999998,3,0
775,67,0,0.0,0.0,0.7053297341625095,0.9053297341625095,880.0,880.0,160.0,1.7999999999999998,3,0
776,67,0,0.0,0.0,0.7053297341625095,0.9053297341625095,880.0,880.0,160.0,1.9999999999999998,3,0
777,66,1,0.0,1.4055555555555554,0.7053297341625095,0.9053297341625095,770.0,841.5,160.0,1.7999999999999998,3,0
778,66,0,0.0,0.0,0.7053297341625095,0.9053297341625095,825.0,789.25,160.0,1.7999999999999998,3,0
779,66,0,0.0,0.0,0.7053297341625095,0.9053297341625095,825.0,825.0,160.0,1.7999999999999998,3,0
780,66,0,0.0,0.0,0.7036223402339588,0.9036223402339587,715.0,786.5,160.0,1.4,2,0
781,66,1,0.0,14.766666666666666,0.7036223402339588,0.9036223402339587,715.0,715.0,160.0,1.2,2,0
782,67,0,0.0,0.0,0.7036223402339588,0.9036223402339587,660.0,695.75,160.0,1.2,2,0
783,68,1,0.0,14.766666666666666,0.7236223402339588,0.9036223402339587,660.0,660.0,144.0,1.2,2,0
784,69,1,0.0,14.766666666666666,0.7236223402339588,0.9036223402339587,660.0,660.0,144.0,1.2,2,0
785,70,1,0.0,1.4055555555555554,0.7467537896975001,0.9042537896975,550.0,621.5,126.0,1.0,2,0
786,72,2,0.0,1.4055555555555554,0.7467537896975001,0.9042537896975,550.0,550.0,126.0,1.2,2,0
787,74,1,0.0,0.0,0.7586287896974999,0.9042537896975,495.0,530.75,108.0,1.0,2,0
788,74,0,0.0,0.0,0.7586287896974999,0.9042537896975,495.0,495.0,108.0,1.0,2,0
789,74,0,0.0,0.0,0.7361287896975,0.9042537896975,495.0,495.0,126.0,1.0,2,0
790,74,0,0.0,0.0,0.7342153064746475,0.9023403064746476,495.0,495.0,126.0,1.2,2,0
791,74,0,0.0,0.0,0.7342153064746475,0.9023403064746476,495.0,495.0,126.0,1.2,2,0
792,77,2,0.0,0.0,0.7342153064746475,0.9023403064746476,495.0,495.0,126.0,1.2,2,0
793,78,1,0.0,0.0,0.7342153064746475,0.9023403064746476,495.0,495.0,126.0,1.2,2,0
794,79,1,0.0,0.0,0.7223403064746475,0.9023403064746476,440.0,475.75,108.0,1.2,2,0
795,79,0,0.0,0.0,0.7177612727836751,0.9027612727836751,440.0,440.0,112.0,1.2,2,0
796,80,1,0.0,0.0,0.7177612727836751,0.9027612727836751,440.0,440.0,112.0,1.2,2,0
797,80,0,0.0,0.0,0.7008862727836751,0.866698772783675,385.0,420.75,98.0,1.0,2,0
798,80,0,0.0,0.0,0.7008862727836751,0.866698772783675,385.0,385.0,98.0,1.0,2,0
799,80,0,0.0,0.0,0.7008862727836751,0.866698772783675,385.0,385.0,98.0,1.0,2,0
800,80,0,0.0,0.0,0.7010010817770462,0.8668135817770461,385.0,385.0,98.0,1.2,2,0
801,83,3,0.0,0.0,0.7010010817770462,0.8668135817770461,385.0,385.0,98.0,1.2,2,0
802,83,0,0.0,0.0,0.7010010817770462,0.8668135817770461,385.0,385.0,98.0,1.2,2,0
803,84,1,0.0,0.0,0.7010010817770462,0.8668135817770461,385.0,385.0,98.0,1.2,2,0
804,84,0,0.0,0.0,0.6666260817770462,0.8262510817770462,330.0,365.75,98.0,1.0,2,0
805,84,1,0.0,0.0,0.6686543739932698,0.8282793739932699,330.0,330.0,98.0,1.0,2,0
806,85,1,0.0,0.0,0.6686543739932698,0.8282793739932699,330.0,330.0,98.0,0.8,1,0
807,84,0,0.0,0.0,0.6686543739932698,0.8282793739932699,330.0,330.0,98.0,0.8,1,0
808,85,1,0.0,0.0,0.7030293739932698,0.8688418739932698,385.0,349.25,98.0,0.8,1,0
809,85,0,0.0,0.0,0.6686543739932698,0.8282793739932699,330.0,365.75,98.0,0.8,1,0
810,84,0,0.0,0.0,0.6692475537923541,0.8288725537923541,330.0,330.0,98.0,1.0,2,0
811,84,0,0.0,0.0,0.6692475537923541,0.8288725537923541,330.0,330.0,98.0,0.8,1,0
812,83,0,0.0,0.0,0.6348725537923541,0.7883100537923542,275.0,310.75,98.0,0.8,1,0
813,83,0,0.0,0.0,0.6692475537923541,0.8288725537923541,330.0,294.25,98.0,0.8,1,0
814,84,1,0.0,0.0,0.6348725537923541,0.7883100537923542,275.0,310.75,98.0,0.6000000000000001,1,0
815,81,0,0.0,0.0,0.6375705651365762,0.7910080651365761,275.0,275.0,98.0,0.6000000000000001,1,0
816,82,1,0.0,0.0,0.7701180651365761,0.9081955651365761,440.0,332.75,74.462,0.6000000000000001,1,0
817,80,0,0.0,0.0,0.7701180651365761,0.9081955651365761,440.0,440.0,74.462,0.6000000000000001,1,0
818,79,1,0.0,0.0,0.7701180651365761,0.9081955651365761,440.0,440.0,74.462,0.6000000000000001,1,0
819,77,0,0.0,0.0,0.7701180651365761,0.9081955651365761,440.0,440.0,74.462,0.4,0,0
820,78,1,0.0,0.0,0.8151563348010332,0.9082338348010333,550.0,478.5,74.462,0.4,0,0
821,79,1,0.0,0.0,0.8151563348010332,0.9082338348010333,550.0,550.0,74.462,0.4,0,0
822,78,0,0.0,0.0,0.8151563348010332,0.9082338348010333,550.0,550.0,74.462,0.4,0,0
823,75,0,0.0,0.0,0.7732338348010332,0.9082338348010333,605.0,569.25,108.0,0.4,0,0
824,76,0,0.0,0.0,0.7732338348010332,0.9082338348010333,770.0,662.75,108.0,0.4,0,0
825,73,0,0.0,0.0,0.752188082050401,0.909688082050401,770.0,770.0,126.0,0.6000000000000001,1,0
826,72,0,0.0,0.0,0.729688082050401,0.909688082050401,880.0,808.5,144.0,0.8,1,0
827,72,0,0.0,0.0,0.709688082050401,0.909688082050401,935.0,899.25,160.0,1.0,2,0
828,72,0,0.0,0.0,0.729688082050401,0.909688082050401,935.0,935.0,144.0,1.2,2,0
829,71,0,0.0,0.0,0.729688082050401,0.909688082050401,935.0,935.0,144.0,1.2,2,0
830,70,0,0.0,0.0,0.7534318461452552,0.9109318461452551,935.0,935.0,126.0,1.0,2,0
831,72,2,0.0,0.0,0.7759318461452551,0.9109318461452551,880.0,915.75,108.0,1.2,2,0
832,72,0,0.0,0.0,0.7759318461452551,0.9109318461452551,825.0,860.75,108.0,1.0,2,0
833,72,0,0.0,0.0,0.7759318461452551,0.9109318461452551,825.0,825.0,108.0,1.0,2,0
834,72,0,0.0,0.0,0.7759318461452551,0.9109318461452551,825.0,825.0,108.0,0.8,1,0
835,72,0,0.0,0.0,0.7762380034609115,0.9112380034609115,825.0,825.0,108.0,0.8,1,0
836,71,0,0.0,0.0,0.7312380034609116,0.9112380034609115,825.0,825.0,144.0,0.8,1,0
837,70,0,0.0,0.0,0.7112380034609116,0.9112380034609115,880.0,844.25,160.0,1.0,2,0
838,70,0,0.0,0.0,0.7112380034609116,0.9112380034609115,935.0,899.25,160.0,1.2,2,0
839,70,0,0.0,0.0,0.7112380034609116,0.9112380034609115,935.0,935.0,160.0,1.2,2,0
840,70,0,0.0,0.0,0.7071463123995838,0.9071463123995838,935.0,935.0,160.0,1.2,2,0
841,70,0,0.0,0.0,0.7071463123995838,0.9071463123995838,935.0,935.0,160.0,1.4,2,0
842,70,0,0.0,0.0,0.7071463123995838,0.9071463123995838,935.0,935.0,160.0,1.5999999999999999,3,0
843,71,1,0.0,1.4055555555555554,0.7071463123995838,0.9071463123995838,935.0,935.0,160.0,1.5999999999999999,3,0
844,72,1,0.0,1.4055555555555554,0.7071463123995838,0.9071463123995838,935.0,935.0,160.0,1.5999999999999999,3,0
845,72,0,0.0,0.0,0.7069932337417555,0.9069932337417554,935.0,935.0,160.0,1.5999999999999999,3,0
846,73,0,0.0,0.0,0.7069932337417555,0.9069932337417554,935.0,935.0,160.0,1.7999999999999998,3,0
847,72,0,0.0,0.0,0.7069932337417555,0.9069932337417554,935.0,935.0,160.0,2.1999999999999997,4,0
848,72,0,0.0,0.0,0.7069932337417555,0.9069932337417554,990.0,954.25,160.0,2.1999999999999997,4,0
849,72,1,10.0,14.766666666666666,0.7069932337417555,0.9069932337417554,990.0,990.0,160.0,2.1999999999999997,4,0
850,72,0,0.0,0.0,0.7087919079712368,0.9087919079712368,990.0,990.0,160.0,2.1999999999999997,4,0
851,72,0,0.0,0.0,0.7087919079712368,0.9087919079712368,990.0,990.0,160.0,2.6,5,0
852,72,0,0.0,0.0,0.7087919079712368,0.9087919079712368,935.0,970.75,160.0,2.1999999999999997,4,0
853,74,1,0.0,22.766666666666666,0.7087919079712368,0.9087919079712368,935.0,935.0,160.0,2.1999999999999997,4,0
854,74,0,0.0,0.0,0.7087919079712368,0.9087919079712368,935.0,935.0,160.0,2.1999999999999997,4,0
855,73,0,0.0,0.0,0.7103226945495189,0.9103226945495189,825.0,896.5,160.0,1.5999999999999999,3,0
856,73,0,0.0,0.0,0.7103226945495189,0.9103226945495189,825.0,825.0,160.0,1.7999999999999998,3,0
857,73,0,0.0,0.0,0.7103226945495189,0.9103226945495189,825.0,825.0,160.0,1.7999999999999998,3,0
858,73,0,0.0,0.0,0.7103226945495189,0.9103226945495189,825.0,825.0,160.0,1.5999999999999999,3,0
859,74,1,0.0,14.766666666666666,0.7103226945495189,0.9103226945495189,770.0,805.75,160.0,1.4,2,0
860,74,0,0.0,0.0,0.7111454923353453,0.9111454923353453,715.0,750.75,160.0,1.2,2,0
861,74,0,0.0,0.0,0.7111454923353453,0.9111454923353453,660.0,695.75,160.0,1.4,2,0
862,74,0,0.0,0.0,0.7111454923353453,0.9111454923353453,660.0,660.0,160.0,1.5999999999999999,3,0
863,74,0,0.0,0.0,0.7111454923353453,0.9111454923353453,660.0,660.0,160.0,1.7999999999999998,3,0
864,76,2,0.0,1.4055555555555554,0.7111454923353453,0.9111454923353453,660.0,660.0,160.0,1.7999999999999998,3,0
865,76,0,0.0,0.0,0.7121022339467715,0.9121022339467715,660.0,660.0,160.0,1.7999999999999998,3,0
866,76,0,0.0,0.0,0.7121022339467715,0.9121022339467715,660.0,660.0,160.0,1.7999999999999998,3,0
867,77,0,0.0,0.0,0.7196022339467715,0.9121022339467715,605.0,640.75,154.0,1.5999999999999999,3,0
868,77,0,0.0,0.0,0.7371022339467714,0.9121022339467715,550.0,585.75,140.0,1.4,2,0
869,77,1,0.0,0.0,0.7264772339467716,0.9121022339467715,495.0,530.75,140.0,1.2,2,0
870,77,0,0.0,0.0,0.7385182115316824,0.9135182115316824,550.0,514.25,140.0,1.2,2,0
871,78,1,0.0,0.0,0.7385182115316824,0.9135182115316824,550.0,550.0,140.0,1.2,2,0
872,79,1,0.0,0.0,0.7385182115316824,0.9135182115316824,550.0,550.0,140.0,1.2,2,0
873,81,2,0.0,0.0,0.7385182115316824,0.9135182115316824,550.0,550.0,140.0,1.4,2,0
874,81,1,0.0,0.0,0.7110182115316824,0.9135182115316824,440.0,511.5,126.0,1.2,2,0
875,82,1,0.0,0.0,0.7476702565668769,0.9157952565668768,495.0,459.25,126.0,1.4,2,0
876,82,0,0.0,0.0,0.6970452565668768,0.8391702565668768,330.0,437.25,84.0,0.8,1,0
877,82,0,0.0,0.0,0.6970452565668768,0.8391702565668768,330.0,330.0,84.0,0.8,1,0
878,80,0,0.0,0.0,0.6970452565668768,0.8391702565668768,330.0,330.0,84.0,0.8,1,0
879,80,1,0.0,0.0,0.7582952565668768,0.9157952565668768,440.0,368.5,90.0,0.8,1,0
880,81,1,0.0,0.0,0.7854522004608152,0.9176322004608151,495.0,459.25,97.244,1.0,2,0
881,80,0,0.0,0.0,0.7854522004608152,0.9176322004608151,495.0,495.0,97.244,1.0,2,0
882,81,1,0.0,0.0,0.7891709504608151,0.9176322004608151,550.0,514.25,102.769,1.0,2,0
883,80,0,0.0,0.0,0.7891709504608151,0.9176322004608151,550.0,550.0,102.769,1.0,2,0
884,78,0,0.0,0.0,0.782632200460815,0.9176322004608151,605.0,569.25,108.0,1.0,2,0
885,78,0,0.0,0.0,0.7829957622731571,0.9179957622731572,715.0,643.5,108.0,1.0,2,0
886,76,1,0.0,0.0,0.7892982622731571,0.9179957622731572,605.0,676.5,102.958,0.6000000000000001,1,0
887,76,0,0.0,0.0,0.7892982622731571,0.9179957622731572,770.0,662.75,102.958,0.6000000000000001,1,0
888,76,1,0.0,1.4055555555555554,0.7892982622731571,0.9179957622731572,715.0,750.75,102.958,0.4,0,0
889,76,0,0.0,0.0,0.7604957622731572,0.9179957622731572,715.0,715.0,126.0,0.6000000000000001,1,0
890,77,1,0.0,1.4055555555555554,0.7616055825424115,0.9191055825424115,715.0,715.0,126.0,0.6000000000000001,1,0
891,77,1,0.0,1.4055555555555554,0.7391055825424115,0.9191055825424115,715.0,715.0,144.0,0.6000000000000001,1,0
892,77,0,0.0,0.0,0.7391055825424115,0.9191055825424115,770.0,734.25,144.0,0.6000000000000001,1,0
893,77,1,0.0,14.766666666666666,0.7391055825424115,0.9191055825424115,770.0,770.0,144.0,1.2,2,0
894,76,0,0.0,0.0,0.7391055825424115,0.9191055825424115,770.0,770.0,144.0,1.4,2,0
895,75,0,0.0,0.0,0.7206746387851506,0.9206746387851505,770.0,770.0,160.0,1.5999999999999999,3,0
896,75,0,0.0,0.0,0.7206746387851506,0.9206746387851505,770.0,770.0,160.0,1.5999999999999999,3,0
897,74,0,0.0,0.0,0.7206746387851506,0.9206746387851505,770.0,770.0,160.0,1.4,2,0
898,75,1,0.0,38.766666666666666,0.7206746387851506,0.9206746387851505,770.0,770.0,160.0,1.4,2,0
899,76,1,0.0,38.766666666666666,0.7206746387851506,0.9206746387851505,770.0,770.0,160.0,1.4,2,0
900,76,0,0.0,0.0,0.7168628265676287,0.9168628265676286,770.0,770.0,160.0,1.4,2,0
901,76,0,0.0,0.0,0.7168628265676287,0.9168628265676286,715.0,750.75,160.0,1.2,2,0
902,77,1,0.0,30.766666666666666,0.7168628265676287,0.9168628265676286,715.0,715.0,160.0,1.5999999999999999,3,0
903,77,0,0.0,0.0,0.7168628265676287,0.9168628265676286,715.0,715.0,160.0,1.5999999999999999,3,0
904,78,1,0.0,30.766666666666666,0.7168628265676287,0.9168628265676286,715.0,715.0,160.0,1.9999999999999998,3,0
905,78,0,0.0,0.0,0.7177812985145979,0.9177812985145979,715.0,715.0,160.0,1.7999999999999998,3,0
906,79,1,0.0,22.766666666666666,0.7177812985145979,0.9177812985145979,715.0,715.0,160.0,1.7999999999999998,3,0
907,80,1,0.0,22.766666666666666,0.7177812985145979,0.9177812985145979,715.0,715.0,160.0,1.7999999999999998,3,0
908,81,1,0.0,14.766666666666666,0.7177812985145979,0.9177812985145979,715.0,715.0,160.0,1.7999999999999998,3,0
909,81,0,0.0,0.0,0.7177812985145979,0.9177812985145979,715.0,715.0,160.0,1.9999999999999998,3,0
910,81,0,0.0,0.0,0.7141456803911783,0.9141456803911783,660.0,695.75,160.0,1.7999999999999998,3,0
911,81,0,0.0,0.0,0.7141456803911783,0.9141456803911783,660.0,660.0,160.0,1.7999999999999998,3,0
912,81,0,0.0,0.0,0.7141456803911783,0.9141456803911783,660.0,660.0,160.0,1.7999999999999998,3,0
913,82,0,0.0,0.0,0.7141456803911783,0.9141456803911783,660.0,660.0,160.0,1.7999999999999998,3,0
914,83,1,0.0,1.4055555555555554,0.7216456803911783,0.9141456803911783,605.0,640.75,154.0,1.5999999999999999,3,0
915,84,1,0.0,1.4055555555555554,0.7239801299230583,0.9164801299230583,605.0,605.0,154.0,1.5999999999999999,3,0
916,84,0,0.0,0.0,0.7239801299230583,0.9164801299230583,605.0,605.0,154.0,1.7999999999999998,3,0
917,84,0,0.0,0.0,0.7414801299230582,0.9164801299230583,550.0,585.75,140.0,1.5999999999999999,3,0
918,84,0,0.0,0.0,0.7314801299230582,0.9164801299230583,440.0,511.5,112.0,1.2,2,0
919,84,0,0.0,0.0,0.7314801299230582,0.9164801299230583,440.0,440.0,112.0,1.4,2,0
920,85,1,0.0,0.0,0.720211635766016,0.8860241357660159,385.0,420.75,98.0,1.2,2,0
921,86,1,0.0,0.0,0.720211635766016,0.8860241357660159,385.0,385.0,98.0,1.2,2,0
922,85,1,0.0,0.0,0.7077116357660159,0.8860241357660159,385.0,385.0,108.0,1.2,2,0
923,85,1,0.0,0.0,0.742086635766016,0.922086635766016,440.0,404.25,108.0,1.0,2,0
924,85,0,0.0,0.0,0.7645866357660159,0.922086635766016,440.0,440.0,90.0,0.8,1,0
925,85,0,0.0,0.0,0.7669210852978959,0.924421085297896,440.0,440.0,90.0,0.8,1,0
926,85,0,0.0,0.0,0.744421085297896,0.924421085297896,440.0,440.0,108.0,0.8,1,0
927,86,1,0.0,0.0,0.744421085297896,0.924421085297896,440.0,440.0,108.0,0.8,1,0
928,87,2,0.0,0.0,0.7325460852978959,0.8883585852978959,385.0,420.75,90.0,0.8,1,0
929,87,0,0.0,0.0,0.7669210852978959,0.924421085297896,440.0,404.25,90.0,0.8,1,0
930,88,2,0.0,0.0,0.7688345685207484,0.9263345685207485,440.0,440.0,90.0,0.8,1,0
931,89,1,0.0,0.0,0.7764670685207484,0.9263345685207485,440.0,440.0,83.894,0.8,1,0
932,88,0,0.0,0.0,0.7764670685207484,0.9263345685207485,440.0,440.0,83.894,0.8,1,0
933,88,0,0.0,0.0,0.7764670685207484,0.9263345685207485,440.0,440.0,83.894,0.8,1,0
934,87,0,0.0,0.0,0.7764670685207484,0.9263345685207485,440.0,440.0,83.894,0.8,1,0
935,88,1,0.0,0.0,0.7895234478517125,0.9292621978517126,495.0,459.25,103.291,0.8,1,0
936,86,1,0.0,0.0,0.7895234478517125,0.9292621978517126,495.0,495.0,103.291,0.8,1,0
937,86,0,0.0,0.0,0.7932421978517126,0.9292621978517126,660.0,552.75,108.816,0.8,1,0
938,86,0,0.0,0.0,0.7932421978517126,0.9292621978517126,605.0,640.75,108.816,0.6000000000000001,1,0
939,84,0,0.0,0.0,0.7932421978517126,0.9292621978517126,605.0,605.0,108.816,0.6000000000000001,1,0
940,83,0,0.0,0.0,0.7938986614101081,0.9311374114101081,605.0,605.0,109.791,0.6000000000000001,1,0
941,82,0,0.0,0.0,0.7938986614101081,0.9311374114101081,660.0,624.25,109.791,0.6000000000000001,1,0
942,81,0,0.0,0.0,0.7938986614101081,0.9311374114101081,660.0,660.0,109.791,0.6000000000000001,1,0
943,79,0,0.0,0.0,0.7511374114101081,0.9311374114101081,715.0,679.25,144.0,0.8,1,0
944,79,0,0.0,0.0,0.7311374114101081,0.9311374114101081,770.0,734.25,160.0,1.2,2,0
945,78,0,0.0,0.0,0.7539310969154727,0.9339310969154726,715.0,750.75,144.0,1.0,2,0
946,76,0,0.0,0.0,0.7339310969154726,0.9339310969154726,770.0,734.25,160.0,1.0,2,0
947,78,2,0.0,0.0,0.7339310969154726,0.9339310969154726,770.0,770.0,160.0,1.2,2,0
948,78,0,0.0,0.0,0.7339310969154726,0.9339310969154726,770.0,770.0,160.0,1.4,2,0
949,78,0,0.0,0.0,0.7339310969154726,0.9339310969154726,770.0,770.0,160.0,1.5999999999999999,3,0
950,80,2,0.0,0.0,0.7362846812795811,0.9362846812795811,770.0,770.0,160.0,1.5999999999999999,3,0
951,78,1,0.0,0.0,0.7362846812795811,0.9362846812795811,770.0,770.0,160.0,1.7999999999999998,3,0
952,79,2,0.0,0.0,0.7362846812795811,0.9362846812795811,825.0,789.25,160.0,1.5999999999999999,3,0
953,79,0,0.0,0.0,0.7362846812795811,0.9362846812795811,880.0,844.25,160.0,1.5999999999999999,3,0
954,79,0,0.0,0.0,0.7787846812795811,0.9362846812795811,825.0,860.75,126.0,1.2,2,0
955,80,1,0.0,0.0,0.7811191308114611,0.9386191308114611,825.0,825.0,126.0,1.2,2,0
956,77,1,0.0,0.0,0.7811191308114611,0.9386191308114611,825.0,825.0,126.0,1.4,2,0
957,79,2,18.0,22.766666666666666,0.7811191308114611,0.9386191308114611,990.0,882.75,126.0,1.4,2,0
958,78,0,0.0,0.0,0.7586191308114612,0.9386191308114611,990.0,990.0,144.0,1.4,2,0
959,78,0,0.0,0.0,0.7586191308114612,0.9386191308114611,990.0,990.0,144.0,1.2,2,0
960,77,0,0.0,0.0,0.7529180619148501,0.93291806191485,990.0,990.0,144.0,1.2,2,0
961,77,0,0.0,0.0,0.7529180619148501,0.93291806191485,990.0,990.0,144.0,1.0,2,0
962,76,1,26.0,30.766666666666666,0.7529180619148501,0.93291806191485,990.0,990.0,144.0,1.0,2,0
963,77,0,0.0,0.0,0.7529180619148501,0.93291806191485,990.0,990.0,144.0,0.8,1,0
964,77,0,0.0,0.0,0.7754180619148501,0.93291806191485,990.0,990.0,126.0,0.8,1,0
965,78,1,18.0,54.766666666666666,0.7754180619148501,0.93291806191485,990.0,990.0,126.0,0.8,1,0
966,78,1,18.0,54.766666666666666,0.7754180619148501,0.93291806191485,990.0,990.0,126.0,0.8,1,0
967,79,1,10.0,62.766666666666666,0.7529180619148501,0.93291806191485,990.0,990.0,144.0,0.6000000000000001,1,0
968,80,0,0.0,0.0,0.7529180619148501,0.93291806191485,990.0,990.0,144.0,1.0,2,0
969,80,0,0.0,0.0,0.7529180619148501,0.93291806191485,990.0,990.0,144.0,1.0,2,0
970,82,1,10.0,62.766666666666666,0.7545062529898177,0.9345062529898176,990.0,990.0,144.0,1.0,2,0
971,82,0,0.0,0.0,0.7345062529898176,0.9345062529898176,990.0,990.0,160.0,1.2,2,0
972,82,0,0.0,0.0,0.7345062529898176,0.9345062529898176,990.0,990.0,160.0,1.5999999999999999,3,0
973,82,0,0.0,0.0,0.7345062529898176,0.9345062529898176,990.0,990.0,160.0,1.5999999999999999,3,0
974,82,0,0.0,0.0,0.7345062529898176,0.9345062529898176,990.0,990.0,160.0,1.5999999999999999,3,0
975,82,0,0.0,0.0,0.7379696576231807,0.9379696576231806,990.0,990.0,160.0,1.5999999999999999,3,0
976,82,0,0.0,0.0,0.7379696576231807,0.9379696576231806,990.0,990.0,160.0,1.7999999999999998,3,0
977,82,0,0.0,0.0,0.7379696576231807,0.9379696576231806,935.0,970.75,160.0,1.5999999999999999,3,0
978,82,0,0.0,0.0,0.7379696576231807,0.9379696576231806,935.0,935.0,160.0,1.7999999999999998,3,0
979,82,0,0.0,0.0,0.7379696576231807,0.9379696576231806,935.0,935.0,160.0,1.7999999999999998,3,0
980,82,0,0.0,0.0,0.7399022756782616,0.9399022756782616,935.0,935.0,160.0,1.9999999999999998,3,0
981,83,1,0.0,62.766666666666666,0.7399022756782616,0.9399022756782616,935.0,935.0,160.0,2.1999999999999997,4,0
982,83,1,0.0,62.766666666666666,0.7399022756782616,0.9399022756782616,935.0,935.0,160.0,2.1999999999999997,4,0
983,83,0,0.0,0.0,0.7399022756782616,0.9399022756782616,990.0,954.25,160.0,2.4,4,0
984,83,0,0.0,0.0,0.7399022756782616,0.9399022756782616,990.0,990.0,160.0,2.4,4,0
985,82,0,0.0,0.0,0.7450112758832776,0.9450112758832776,880.0,951.5,160.0,1.9999999999999998,3,0
986,82,0,0.0,0.0,0.7450112758832776,0.9450112758832776,935.0,899.25,160.0,1.9999999999999998,3,0
987,82,0,0.0,0.0,0.7450112758832776,0.9450112758832776,935.0,935.0,160.0,1.9999999999999998,3,0
988,82,0,0.0,0.0,0.7450112758832776,0.9450112758832776,935.0,935.0,160.0,2.1999999999999997,4,0
989,82,0,0.0,0.0,0.7450112758832776,0.9450112758832776,880.0,915.75,160.0,1.9999999999999998,3,0
990,81,0,0.0,0.0,0.7485703546777831,0.9485703546777831,880.0,880.0,160.0,2.1999999999999997,4,0
991,81,0,0.0,0.0,0.7485703546777831,0.9485703546777831,880.0,880.0,160.0,2.1999999999999997,4,0
992,81,0,0.0,0.0,0.7485703546777831,0.9485703546777831,770.0,841.5,160.0,2.1999999999999997,4,0
993,81,0,0.0,0.0,0.7485703546777831,0.9485703546777831,770.0,770.0,160.0,2.1999999999999997,4,0
994,82,0,0.0,0.0,0.7485703546777831,0.9485703546777831,770.0,770.0,160.0,2.1999999999999997,4,0
995,82,1,0.0,54.766666666666666,0.7529522312581154,0.9529522312581153,605.0,712.25,160.0,1.7999999999999998,3,0
996,82,1,0.0,46.766666666666666,0.7729522312581154,0.9529522312581153,660.0,624.25,144.0,1.5999999999999999,3,0
997,83,0,0.0,0.0,0.7729522312581154,0.9529522312581153,660.0,660.0,144.0,1.4,2,0
998,84,1,0.0,46.766666666666666,0.7604522312581153,0.9529522312581153,660.0,660.0,154.0,1.4,2,0
999,84,0,0.0,0.0,0.7779522312581153,0.9529522312581153,660.0,660.0,140.0,1.2,2,0
1000,83,0,0.0,0.0,0.7804206246155949,0.955420624615595,660.0,660.0,140.0,1.2,2,0
1001,83,0,0.0,0.0,0.762920624615595,0.955420624615595,715.0,679.25,154.0,1.2,2,0
1002,85,2,0.0,38.766666666666666,0.755420624615595,0.955420624615595,715.0,715.0,160.0,1.4,2,0
1003,85,0,0.0,0.0,0.755420624615595,0.955420624615595,715.0,715.0,160.0,1.4,2,0
1004,85,0,0.0,0.0,0.755420624615595,0.955420624615595,715.0,715.0,160.0,1.5999999999999999,3,0
1005,85,0,0.0,0.0,0.7797068270347844,0.9597068270347844,660.0,695.75,144.0,1.5999999999999999,3,0
1006,85,0,0.0,0.0,0.7797068270347844,0.9597068270347844,660.0,660.0,144.0,1.5999999999999999,3,0
1007,86,0,0.0,0.0,0.7797068270347844,0.9597068270347844,660.0,660.0,144.0,1.5999999999999999,3,0
1008,86,0,0.0,0.0,0.7672068270347844,0.9597068270347844,660.0,660.0,154.0,1.4,2,0
1009,86,1,0.0,22.766666666666666,0.7797068270347844,0.9597068270347844,660.0,660.0,144.0,1.2,2,0
1010,87,1,0.0,14.766666666666666,0.8051168665003758,0.9631893665003759,715.0,679.25,126.458,1.0,2,0
1011,87,0,0.0,0.0,0.8051168665003758,0.9631893665003759,715.0,715.0,126.458,1.0,2,0
1012,87,1,0.0,14.766666666666666,0.8051168665003758,0.9631893665003759,715.0,715.0,126.458,1.2,2,0
1013,87,0,0.0,0.0,0.8051168665003758,0.9631893665003759,770.0,734.25,126.458,1.2,2,0
1014,87,0,0.0,0.0,0.8051168665003758,0.9631893665003759,825.0,789.25,126.458,1.4,2,0
1015,88,1,0.0,14.766666666666666,0.8059935295223127,0.9656960295223127,825.0,825.0,127.762,1.4,2,0
1016,88,0,0.0,0.0,0.8059935295223127,0.9656960295223127,770.0,805.75,127.762,1.2,2,0
1017,88,0,0.0,0.0,0.8059935295223127,0.9656960295223127,770.0,770.0,127.762,1.2,2,0
1018,86,0,0.0,0.0,0.8059935295223127,0.9656960295223127,770.0,770.0,127.762,1.2,2,0
1019,87,1,0.0,14.766666666666666,0.8059935295223127,0.9656960295223127,880.0,808.5,127.762,1.2,2,0
1020,88,1,0.0,14.766666666666666,0.9569955554896064,1.0,880.0,880.0,145.6,1.2,2,0
1021,88,0,0.0,0.0,0.9569955554896064,1.0,825.0,860.75,145.6,1.2,2,0
1022,88,0,0.0,0.0,0.9569955554896064,1.0,825.0,825.0,145.6,1.2,2,0
1023,88,0,0.0,0.0,0.9389955554896063,1.0,825.0,825.0,160.0,1.2,2,0
1024,89,1,0.0,1.4055555555555554,0.9569955554896064,1.0,770.0,805.75,145.6,1.0,2,0
1025,89,0,0.0,0.0,0.9598466454916565,1.0,715.0,750.75,145.6,1.0,2,0
1026,88,0,0.0,0.0,0.9598466454916565,1.0,715.0,715.0,145.6,1.2,2,0
1027,88,0,0.0,0.0,0.9598466454916565,1.0,715.0,715.0,145.6,1.4,2,0
1028,87,0,0.0,0.0,0.9598466454916565,1.0,660.0,695.75,145.6,1.2,2,0
1029,85,0,0.0,0.0,0.9598466454916565,1.0,660.0,660.0,145.6,1.2,2,0
1030,84,0,0.0,0.0,0.9645920838843305,1.0,715.0,679.25,145.6,1.0,2,0
1031,84,0,0.0,0.0,0.9645920838843305,1.0,715.0,715.0,145.6,1.0,2,0
1032,84,0,0.0,0.0,0.9645920838843305,1.0,715.0,715.0,145.6,1.0,2,0
1033,84,0,0.0,0.0,0.9645920838843305,1.0,715.0,715.0,145.6,1.0,2,0
1034,85,1,0.0,1.4055555555555554,0.9645920838843305,1.0,715.0,715.0,145.6,1.0,2,0
1035,85,0,0.0,0.0,0.9507826121423775,1.0,715.0,715.0,160.0,1.2,2,0
1036,85,0,0.0,0.0,0.9507826121423775,1.0,715.0,715.0,160.0,1.2,2,0
1037,85,0,0.0,0.0,0.9507826121423775,1.0,660.0,695.75,160.0,1.4,2,0
1038,85,0,0.0,0.0,0.9507826121423775,1.0,660.0,660.0,160.0,1.4,2,0
1039,85,0,0.0,0.0,0.9582826121423774,1.0,605.0,640.75,154.0,1.2,2,0
1040,87,2,0.0,0.0,0.9722268819435118,1.0,605.0,605.0,145.6,1.2,2,0
1041,88,1,0.0,0.0,0.9722268819435118,1.0,605.0,605.0,145.6,1.2,2,0
1042,87,0,0.0,0.0,0.9617268819435117,1.0,605.0,605.0,154.0,1.4,2,0
1043,88,1,0.0,0.0,0.9617268819435117,1.0,660.0,624.25,154.0,1.4,2,0
1044,89,1,0.0,0.0,0.9617268819435117,1.0,660.0,660.0,154.0,1.2,2,0
1045,87,0,0.0,0.0,0.9593932866452135,1.0,660.0,660.0,160.0,1.4,2,0
1046,86,0,0.0,0.0,0.9593932866452135,1.0,770.0,698.5,160.0,1.4,2,0
1047,86,0,0.0,0.0,0.9593932866452135,1.0,825.0,789.25,160.0,1.5999999999999999,3,0
1048,85,0,0.0,0.0,0.9593932866452135,1.0,825.0,825.0,160.0,1.5999999999999999,3,0
1049,84,0,0.0,0.0,0.9593932866452135,1.0,825.0,825.0,160.0,1.7999999999999998,3,0
1050,84,0,0.0,0.0,0.9634116014132037,1.0,825.0,825.0,160.0,1.7999999999999998,3,0
1051,85,1,0.0,22.766666666666666,0.9814116014132037,1.0,825.0,825.0,145.6,1.5999999999999999,3,0
1052,86,0,0.0,0.0,0.9634116014132037,1.0,825.0,825.0,160.0,1.5999999999999999,3,0
1053,86,0,0.0,0.0,0.9634116014132037,1.0,825.0,825.0,160.0,1.5999999999999999,3,0
1054,87,1,0.0,14.766666666666666,0.9814116014132037,1.0,770.0,805.75,145.6,1.2,2,0
1055,88,1,0.0,14.766666666666666,0.9677743431613073,1.0,770.0,770.0,160.0,1.2,2,0
1056,88,0,0.0,0.0,0.9677743431613073,1.0,770.0,770.0,160.0,1.4,2,0
1057,89,1,0.0,14.766666666666666,0.9677743431613073,1.0,770.0,770.0,160.0,1.4,2,0
1058,90,1,0.0,14.766666666666666,0.9677743431613073,1.0,770.0,770.0,160.0,1.4,2,0
1059,90,0,0.0,0.0,0.9677743431613073,1.0,770.0,770.0,160.0,1.5999999999999999,3,0
1060,90,0,0.0,0.0,0.9714673657814126,1.0,770.0,770.0,160.0,1.7999999999999998,3,0
1061,90,0,0.0,0.0,0.9894673657814126,1.0,715.0,750.75,145.6,1.5999999999999999,3,0
1062,89,0,0.0,0.0,0.9894673657814126,1.0,715.0,715.0,145.6,1.5999999999999999,3,0
1063,90,1,0.0,14.766666666666666,0.9714673657814126,1.0,770.0,734.25,160.0,1.5999999999999999,3,0
1064,90,0,0.0,0.0,0.9714673657814126,1.0,770.0,770.0,160.0,1.5999999999999999,3,0
1065,90,0,0.0,0.0,0.9755048153816313,1.0,770.0,770.0,160.0,1.5999999999999999,3,0
1066,90,0,0.0,0.0,0.9755048153816313,1.0,715.0,750.75,160.0,1.4,2,0
1067,91,1,0.0,14.766666666666666,0.9755048153816313,1.0,660.0,695.75,160.0,1.2,2,0
1068,91,0,0.0,0.0,0.9935048153816313,1.0,550.0,621.5,145.6,1.0,2,0
1069,92,1,0.0,14.766666666666666,0.9935048153816313,1.0,550.0,550.0,145.6,1.2,2,0
1070,93,1,0.0,1.4055555555555554,0.9861809839731708,1.0,495.0,530.75,144.0,1.2,2,0
1071,93,0,0.0,0.0,0.9861809839731708,1.0,495.0,495.0,144.0,1.2,2,0
1072,94,1,0.0,1.4055555555555554,0.9861809839731708,1.0,495.0,495.0,144.0,1.2,2,0
1073,94,0,0.0,0.0,0.9861809839731708,1.0,495.0,495.0,144.0,1.5999999999999999,3,0
1074,95,1,0.0,1.4055555555555554,0.9861809839731708,1.0,495.0,495.0,144.0,1.5999999999999999,3,0
1075,97,2,0.0,0.0,0.9773292874652777,1.0,440.0,475.75,126.0,1.4,2,0
1076,97,1,0.0,0.0,0.9604542874652776,1.0,385.0,420.75,112.0,1.2,2,0
1077,97,0,0.0,0.0,0.9779542874652776,1.0,385.0,385.0,98.0,1.0,2,0
1078,98,1,0.0,0.0,0.9779542874652776,1.0,385.0,385.0,98.0,1.0,2,0
1079,98,0,0.0,0.0,0.9610792874652776,1.0,330.0,365.75,84.0,0.8,1,0
1080,99,1,0.0,0.0,1.0,1.0,275.0,310.75,72.0,0.6000000000000001,1,0
1081,98,1,0.0,0.0,1.0,1.0,275.0,275.0,84.0,0.6000000000000001,1,0
1082,98,1,0.0,0.0,1.0,1.0,385.0,313.5,84.0,0.6000000000000001,1,0
1083,98,0,0.0,0.0,1.0,1.0,440.0,404.25,84.0,0.6000000000000001,1,0
1084,98,0,0.0,0.0,1.0,1.0,495.0,459.25,84.0,0.6000000000000001,1,0
1085,98,0,0.0,0.0,1.0,1.0,440.0,475.75,84.0,0.6000000000000001,1,0
1086,98,0,0.0,0.0,1.0,1.0,440.0,440.0,84.0,0.6000000000000001,1,0
1087,95,0,0.0,0.0,1.0,1.0,385.0,420.75,84.0,0.4,0,0
1088,94,1,0.0,0.0,1.0,1.0,495.0,423.5,84.0,0.2,0,0
1089,93,0,0.0,0.0,1.0,1.0,550.0,514.25,126.0,0.2,0,0
1090,91,0,0.0,0.0,1.0,1.0,605.0,569.25,126.0,0.0,0,0
1091,91,0,0.0,0.0,1.0,1.0,660.0,624.25,140.0,0.2,0,0
1092,90,0,0.0,0.0,1.0,1.0,660.0,660.0,145.6,0.4,0,0
1093,89,0,0.0,0.0,1.0,1.0,715.0,679.25,145.6,0.6000000000000001,1,0
1094,89,0,0.0,0.0,1.0,1.0,715.0,715.0,145.6,0.8,1,0
1095,90,1,0.0,0.0,1.0,1.0,715.0,715.0,145.6,0.8,1,0
1096,91,1,0.0,0.0,1.0,1.0,715.0,715.0,145.6,1.0,2,0
1097,90,0,0.0,0.0,1.0,1.0,715.0,715.0,145.6,1.0,2,0
1098,88,0,0.0,0.0,1.0,1.0,715.0,715.0,145.6,1.0,2,0
1099,86,0,0.0,0.0,1.0,1.0,715.0,715.0,145.6,1.0,2,0
1100,86,0,0.0,0.0,1.0,1.0,770.0,734.25,145.6,1.0,2,0
1101,86,0,0.0,0.0,1.0,1.0,770.0,770.0,145.6,1.0,2,0
1102,85,0,0.0,0.0,1.0,1.0,770.0,770.0,145.6,1.0,2,0
1103,85,0,0.0,0.0,1.0,1.0,825.0,789.25,145.6,1.2,2,0
1104,85,0,0.0,0.0,1.0,1.0,825.0,825.0,145.6,1.2,2,0
1105,87,2,0.0,0.0,1.0,1.0,825.0,825.0,145.6,1.2,2,0
1106,88,1,0.0,0.0,1.0,1.0,825.0,825.0,160.0,1.2,2,0
1107,88,0,0.0,0.0,1.0,1.0,770.0,805.75,160.0,1.0,2,0
1108,88,0,0.0,0.0,1.0,1.0,770.0,770.0,160.0,1.2,2,0
1109,88,0,0.0,0.0,1.0,1.0,770.0,770.0,160.0,1.2,2,0
1110,87,0,0.0,0.0,1.0,1.0,770.0,770.0,160.0,1.2,2,0
1111,90,4,0.0,0.0,1.0,1.0,825.0,789.25,160.0,1.5999999999999999,3,0
1112,89,0,0.0,0.0,1.0,1.0,880.0,844.25,160.0,1.7999999999999998,3,0
1113,90,0,0.0,0.0,1.0,1.0,935.0,899.25,160.0,1.4,2,0
1114,90,0,0.0,0.0,1.0,1.0,935.0,935.0,160.0,1.5999999999999999,3,0
1115,89,0,0.0,0.0,1.0,1.0,935.0,935.0,160.0,1.5999999999999999,3,0
1116,88,1,10.0,22.766666666666666,1.0,1.0,990.0,954.25,160.0,1.5999999999999999,3,0
1117,89,1,10.0,38.766666666666666,1.0,1.0,990.0,990.0,160.0,1.5999999999999999,3,0
1118,89,0,0.0,0.0,1.0,1.0,935.0,970.75,160.0,1.4,2,0
1119,89,0,0.0,0.0,1.0,1.0,935.0,935.0,160.0,1.4,2,0
1120,89,0,0.0,0.0,1.0,1.0,935.0,935.0,160.0,1.4,2,0
1121,92,2,0.0,38.766666666666666,1.0,1.0,935.0,935.0,160.0,1.7999999999999998,3,0
1122,93,1,0.0,38.766666666666666,1.0,1.0,935.0,935.0,160.0,1.7999999999999998,3,0
1123,93,0,0.0,0.0,1.0,1.0,935.0,935.0,160.0,1.7999999999999998,3,0
1124,93,0,0.0,0.0,1.0,1.0,935.0,935.0,160.0,1.7999999999999998,3,0
1125,93,0,0.0,0.0,1.0,1.0,935.0,935.0,160.0,1.7999999999999998,3,0
1126,93,0,0.0,0.0,1.0,1.0,935.0,935.0,160.0,1.7999999999999998,3,0
1127,93,0,0.0,0.0,1.0,1.0,935.0,935.0,160.0,1.7999999999999998,3,0
1128,93,0,0.0,0.0,1.0,1.0,935.0,935.0,160.0,1.9999999999999998,3,0
1129,93,0,0.0,0.0,1.0,1.0,935.0,935.0,160.0,1.9999999999999998,3,0
1130,94,1,0.0,22.766666666666666,1.0,1.0,880.0,915.75,160.0,1.5999999999999999,3,0
1131,94,0,0.0,0.0,1.0,1.0,880.0,880.0,160.0,1.7999999999999998,3,0
1132,94,0,0.0,0.0,1.0,1.0,825.0,860.75,160.0,1.5999999999999999,3,0
1133,94,0,0.0,0.0,1.0,1.0,770.0,805.75,160.0,1.5999999999999999,3,0
1134,94,0,0.0,0.0,1.0,1.0,770.0,770.0,160.0,1.5999999999999999,3,0
1135,94,0,0.0,0.0,1.0,1.0,770.0,770.0,160.0,1.7999999999999998,3,0
1136,94,0,0.0,0.0,1.0,1.0,770.0,770.0,160.0,1.9999999999999998,3,0
1137,93,0,0.0,0.0,1.0,1.0,715.0,750.75,160.0,1.7999999999999998,3,0
1138,94,1,0.0,22.766666666666666,1.0,1.0,770.0,734.25,160.0,1.7999999999999998,3,0
1139,94,0,0.0,0.0,1.0,1.0,660.0,731.5,160.0,1.7999999999999998,3,0
1140,95,1,0.0,14.766666666666666,0.9943318551575613,1.0,660.0,660.0,160.0,1.5999999999999999,3,0
1141,95,0,0.0,0.0,1.0,1.0,605.0,640.75,154.0,1.4,2,0
1142,96,1,0.0,1.4055555555555554,1.0,1.0,605.0,605.0,154.0,1.4,2,0
1143,97,1,0.0,1.4055555555555554,1.0,1.0,605.0,605.0,154.0,1.4,2,0
1144,97,0,0.0,0.0,1.0,1.0,605.0,605.0,154.0,1.7999999999999998,3,0
1145,98,1,0.0,0.0,1.0,1.0,495.0,566.5,126.0,1.4,2,0
1146,99,1,0.0,0.0,1.0,1.0,495.0,495.0,126.0,1.4,2,0
1147,99,0,0.0,0.0,1.0,1.0,440.0,475.75,112.0,1.2,2,0
1148,100,1,0.0,0.0,1.0,1.0,440.0,440.0,112.0,1.2,2,0
1149,98,0,0.0,0.0,0.973202900056078,1.0,440.0,440.0,140.0,1.2,2,0
1150,97,0,0.0,0.0,1.0,1.0,550.0,478.5,145.6,1.2,2,0
1151,98,1,0.0,0.0,1.0,1.0,605.0,569.25,145.6,1.2,2,0
1152,98,0,0.0,0.0,1.0,1.0,605.0,605.0,145.6,1.2,2,0
1153,97,0,0.0,0.0,1.0,1.0,605.0,605.0,145.6,1.2,2,0
1154,97,0,0.0,0.0,1.0,1.0,660.0,624.25,145.6,1.2,2,0
1155,97,1,0.0,0.0,1.0,1.0,660.0,660.0,145.6,1.2,2,0
1156,98,0,0.0,0.0,1.0,1.0,660.0,660.0,145.6,1.2,2,0
1157,98,1,0.0,1.4055555555555554,0.9963410125415564,1.0,660.0,660.0,160.0,1.2,2,0
1158,99,1,0.0,0.0,1.0,1.0,660.0,660.0,145.6,1.0,2,0
1159,99,0,0.0,0.0,1.0,1.0,605.0,640.75,140.0,1.0,2,0
1160,99,0,0.0,0.0,1.0,1.0,605.0,605.0,144.0,1.2,2,0
1161,99,0,0.0,0.0,1.0,1.0,550.0,585.75,144.0,1.0,2,0
1162,100,2,0.0,0.0,1.0,1.0,550.0,550.0,145.6,1.0,2,0
1163,100,0,0.0,0.0,1.0,1.0,495.0,530.75,144.0,1.0,2,0
1164,100,0,0.0,0.0,1.0,1.0,495.0,495.0,144.0,1.0,2,0
1165,100,0,0.0,0.0,0.9992179003977719,1.0,440.0,475.75,126.0,1.0,2,0
1166,99,0,0.0,0.0,1.0,1.0,440.0,440.0,108.0,1.0,2,0
1167,99,0,0.0,0.0,1.0,1.0,440.0,440.0,108.0,1.2,2,0
1168,101,1,0.0,0.0,1.0,1.0,440.0,440.0,112.0,1.2,2,0
1169,100,0,0.0,0.0,1.0,1.0,440.0,440.0,112.0,1.2,2,0
1170,99,0,0.0,0.0,1.0,1.0,440.0,440.0,112.0,1.2,2,0
1171,97,0,0.0,0.0,1.0,1.0,385.0,420.75,98.0,1.0,2,0
1172,97,0,0.0,0.0,1.0,1.0,440.0,404.25,98.0,1.0,2,0
1173,98,1,0.0,0.0,1.0,1.0,440.0,440.0,112.0,1.0,2,0
1174,98,2,0.0,0.0,1.0,1.0,440.0,440.0,126.0,1.2,2,0
1175,98,0,0.0,0.0,1.0,1.0,440.0,440.0,112.0,1.0,2,0
1176,96,0,0.0,0.0,0.9847603387221071,1.0,440.0,440.0,140.0,0.8,1,0
1177,95,0,0.0,0.0,1.0,1.0,550.0,478.5,140.0,0.6000000000000001,1,0
1178,92,0,0.0,0.0,1.0,1.0,605.0,569.25,140.0,0.6000000000000001,1,0
1179,92,0,0.0,0.0,1.0,1.0,715.0,643.5,140.0,0.6000000000000001,1,0
1180,91,0,0.0,0.0,1.0,1.0,715.0,715.0,140.0,0.6000000000000001,1,0
1181,91,0,0.0,0.0,1.0,1.0,770.0,734.25,140.0,0.6000000000000001,1,0
1182,91,0,0.0,0.0,1.0,1.0,770.0,770.0,140.0,0.6000000000000001,1,0
1183,92,1,0.0,0.0,1.0,1.0,770.0,770.0,140.0,0.4,0,0
1184,93,2,0.0,0.0,1.0,1.0,770.0,770.0,145.6,0.4,0,0
1185,95,1,0.0,0.0,1.0,1.0,825.0,789.25,145.6,0.4,0,0
1186,96,1,0.0,0.0,1.0,1.0,825.0,825.0,145.6,0.4,0,0
1187,96,0,0.0,0.0,1.0,1.0,770.0,805.75,145.6,0.2,0,0
1188,95,0,0.0,0.0,1.0,1.0,770.0,770.0,145.6,0.2,0,0
1189,95,0,0.0,0.0,1.0,1.0,880.0,808.5,145.6,0.6000000000000001,1,0
1190,93,0,0.0,0.0,1.0,1.0,880.0,880.0,145.6,0.6000000000000001,1,0
1191,92,0,0.0,0.0,1.0,1.0,880.0,880.0,145.6,0.6000000000000001,1,0
1192,93,0,0.0,0.0,1.0,1.0,880.0,880.0,160.0,0.6000000000000001,1,0
1193,93,0,0.0,0.0,1.0,1.0,880.0,880.0,160.0,0.6000000000000001,1,0
1194,93,0,0.0,0.0,1.0,1.0,880.0,880.0,160.0,0.8,1,0
1195,93,0,0.0,0.0,1.0,1.0,880.0,880.0,160.0,1.2,2,0
1196,95,0,0.0,0.0,1.0,1.0,880.0,880.0,160.0,1.2,2,0
1197,96,0,0.0,0.0,1.0,1.0,880.0,880.0,160.0,1.2,2,0
1198,96,0,0.0,0.0,1.0,1.0,880.0,880.0,160.0,1.5999999999999999,3,0
1199,96,0,0.0,0.0,1.0,1.0,880.0,880.0,160.0,1.5999999999999999,3,0
1200,96,0,0.0,0.0,0.8263261122121235,1.0,880.0,880.0,160.0,2.1999999999999997,4,0
1201,97,0,0.0,0.0,0.8263261122121235,1.0,880.0,880.0,160.0,2.1999999999999997,4,0
1202,97,0,0.0,0.0,0.8263261122121235,1.0,880.0,880.0,160.0,1.9999999999999998,3,0
1203,97,0,0.0,0.0,0.8263261122121235,1.0,880.0,880.0,160.0,1.9999999999999998,3,0
1204,97,0,0.0,0.0,0.8263261122121235,1.0,880.0,880.0,160.0,2.1999999999999997,4,0
1205,98,1,0.0,22.766666666666666,0.8274933369780635,1.0,825.0,860.75,160.0,2.1999999999999997,4,0
1206,99,1,0.0,22.766666666666666,0.8274933369780635,1.0,770.0,805.75,160.0,2.4,4,0
1207,99,0,0.0,0.0,0.8274933369780635,1.0,715.0,750.75,160.0,2.1999999999999997,4,0
1208,99,0,0.0,0.0,0.8274933369780635,1.0,715.0,715.0,160.0,1.9999999999999998,3,0
1209,100,1,0.0,1.4055555555555554,0.8349933369780634,1.0,605.0,676.5,154.0,1.5999999999999999,3,0
1210,100,0,0.0,0.0,0.8465840224150893,1.0,550.0,585.75,145.6,1.4,2,0
1211,100,0,0.0,0.0,0.8379590224150892,1.0,495.0,530.75,144.0,1.2,2,0
1212,100,0,0.0,0.0,0.8379590224150892,1.0,495.0,495.0,144.0,1.4,2,0
1213,100,0,0.0,0.0,0.8379590224150892,1.0,495.0,495.0,144.0,1.5999999999999999,3,0
1214,101,1,0.0,0.0,0.8260840224150893,1.0,440.0,475.75,126.0,1.4,2,0
1215,101,0,0.0,0.0,0.8261414269117748,1.0,440.0,440.0,126.0,1.4,2,0
1216,102,1,0.0,0.0,0.8261414269117748,1.0,440.0,440.0,126.0,1.4,2,0
1217,102,0,0.0,0.0,0.8261414269117748,1.0,440.0,440.0,126.0,1.4,2,0
1218,103,1,0.0,0.0,0.8142664269117748,0.9925789269117747,385.0,420.75,108.0,1.2,2,0
1219,103,0,0.0,0.0,0.8142664269117748,0.9925789269117747,385.0,385.0,108.0,1.2,2,0
1220,103,0,0.0,0.0,0.8156249999999999,0.9939374999999999,385.0,385.0,108.0,1.2,2,0
1221,105,2,0.0,0.0,0.8156249999999999,0.9939374999999999,385.0,385.0,108.0,1.2,2,0
1222,105,1,0.0,0.0,0.8156249999999999,0.9939374999999999,385.0,385.0,108.0,1.2,2,0
1223,103,0,0.0,0.0,0.8275,1.0,440.0,404.25,126.0,1.2,2,0
1224,103,0,0.0,0.0,0.855,1.0,550.0,478.5,140.0,1.2,2,0
1225,103,0,0.0,0.0,0.8547703820132577,1.0,550.0,550.0,140.0,1.2,2,0
1226,104,1,0.0,0.0,0.8616453820132577,1.0,495.0,530.75,126.0,1.0,2,0
1227,105,1,0.0,0.0,0.8616453820132577,1.0,495.0,495.0,126.0,1.0,2,0
1228,106,0,0.0,0.0,0.8616453820132577,1.0,495.0,495.0,126.0,1.0,2,0
1229,105,0,0.0,0.0,0.8616453820132577,1.0,495.0,495.0,126.0,1.0,2,0
1230,106,1,0.0,0.0,0.8771170897970341,1.0,495.0,495.0,112.0,0.8,1,0
1231,107,1,0.0,0.0,0.8771170897970341,1.0,495.0,495.0,112.0,1.0,2,0
1232,107,0,0.0,0.0,0.8602420897970342,1.0,440.0,475.75,98.0,0.8,1,0
1233,107,0,0.0,0.0,0.8602420897970342,1.0,440.0,440.0,98.0,0.8,1,0
1234,106,0,0.0,0.0,0.8258670897970342,0.9916795897970341,385.0,420.75,98.0,0.6000000000000001,1,0
1235,105,0,0.0,0.0,0.8419893818765803,0.9903018818765803,385.0,385.0,84.0,0.4,0,0
1236,105,0,0.0,0.0,0.8763643818765804,1.0,440.0,404.25,84.0,0.6000000000000001,1,0
1237,105,1,0.0,0.0,0.8763643818765804,1.0,440.0,440.0,84.0,0.6000000000000001,1,0
1238,104,0,0.0,0.0,0.8763643818765804,1.0,440.0,440.0,84.0,0.4,0,0
1239,104,1,0.0,0.0,0.9107393818765803,1.0,495.0,459.25,84.0,0.4,0,0
1240,102,0,0.0,0.0,0.9197187863049272,1.0,550.0,514.25,84.0,0.4,0,0
1241,100,0,0.0,0.0,0.9197187863049272,1.0,550.0,550.0,84.0,0.4,0,0
1242,100,0,0.0,0.0,0.9197187863049272,1.0,605.0,569.25,84.0,0.6000000000000001,1,0
1243,100,1,0.0,0.0,0.8672187863049272,1.0,605.0,605.0,126.0,0.6000000000000001,1,0
1244,100,0,0.0,0.0,0.8672187863049272,1.0,605.0,605.0,126.0,0.6000000000000001,1,0
1245,100,0,0.0,0.0,0.8660132918745302,1.0,660.0,624.25,126.0,0.6000000000000001,1,0
1246,100,0,0.0,0.0,0.8660132918745302,1.0,660.0,660.0,126.0,0.6000000000000001,1,0
1247,100,0,0.0,0.0,0.8660132918745302,1.0,660.0,660.0,126.0,0.6000000000000001,1,0
1248,100,0,0.0,0.0,0.8660132918745302,1.0,660.0,660.0,126.0,0.8,1,0
1249,100,1,0.0,1.4055555555555554,0.8485132918745302,1.0,660.0,660.0,140.0,0.8,1,0
1250,100,0,0.0,0.0,0.8480157862365885,1.0,715.0,679.25,140.0,1.0,2,0
1251,100,0,0.0,0.0,0.8480157862365885,1.0,715.0,715.0,140.0,1.0,2,0
1252,100,0,0.0,0.0,0.8410157862365886,1.0,715.0,715.0,145.6,1.0,2,0
1253,100,0,0.0,0.0,0.8410157862365886,1.0,715.0,715.0,145.6,1.0,2,0
1254,100,0,0.0,0.0,0.8410157862365886,1.0,715.0,715.0,145.6,1.0,2,0
1255,100,0,0.0,0.0,0.8390448985170507,1.0,715.0,715.0,145.6,1.0,2,0
1256,100,0,0.0,0.0,0.8390448985170507,1.0,715.0,715.0,145.6,1.2,2,0
1257,100,0,0.0,0.0,0.8390448985170507,1.0,715.0,715.0,145.6,1.2,2,0
1258,101,1,0.0,14.766666666666666,0.8390448985170507,1.0,715.0,715.0,145.6,1.2,2,0
1259,101,0,0.0,0.0,0.8390448985170507,1.0,715.0,715.0,145.6,1.2,2,0
1260,102,0,0.0,0.0,0.8293829193491349,1.0,715.0,715.0,145.6,1.0,2,0
1261,102,0,0.0,0.0,0.8293829193491349,1.0,715.0,715.0,145.6,1.0,2,0
1262,102,0,0.0,0.0,0.8293829193491349,1.0,715.0,715.0,145.6,1.2,2,0
1263,102,0,0.0,0.0,0.8293829193491349,1.0,715.0,715.0,145.6,1.0,2,0
1264,102,0,0.0,0.0,0.8293829193491349,1.0,715.0,715.0,145.6,1.0,2,0
1265,102,0,0.0,0.0,0.8294020541813634,1.0,715.0,715.0,145.6,1.2,2,0
1266,102,0,0.0,0.0,0.8294020541813634,1.0,715.0,715.0,145.6,1.2,2,0
1267,103,1,0.0,14.766666666666666,0.8294020541813634,1.0,715.0,715.0,145.6,1.2,2,0
1268,103,0,0.0,0.0,0.8294020541813634,1.0,660.0,695.75,145.6,1.2,2,0
1269,105,1,0.0,0.0,0.8294020541813634,1.0,605.0,640.75,145.6,1.0,2,0
1270,105,0,0.0,0.0,0.8307414924373602,1.0,605.0,605.0,145.6,1.0,2,0
1271,105,0,0.0,0.0,0.8307414924373602,1.0,605.0,605.0,145.6,1.0,2,0
1272,105,0,0.0,0.0,0.8307414924373602,1.0,605.0,605.0,145.6,1.0,2,0
1273,105,0,0.0,0.0,0.8307414924373602,1.0,605.0,605.0,145.6,1.0,2,0
1274,105,0,0.0,0.0,0.8307414924373602,1.0,605.0,605.0,145.6,1.0,2,0
1275,105,1,0.0,0.0,0.8116316721681058,1.0,605.0,605.0,160.0,1.0,2,0
1276,105,0,0.0,0.0,0.8116316721681058,1.0,660.0,624.25,160.0,1.0,2,0
1277,105,0,0.0,0.0,0.8116316721681058,1.0,660.0,660.0,160.0,1.2,2,0
1278,106,1,0.0,1.4055555555555554,0.8296316721681058,1.0,605.0,640.75,145.6,1.2,2,0
1279,106,0,0.0,0.0,0.8296316721681058,1.0,605.0,605.0,145.6,1.4,2,0
1280,106,0,0.0,0.0,0.8283879080732517,1.0,660.0,624.25,145.6,1.5999999999999999,3,0
1281,105,0,0.0,0.0,0.8283879080732517,1.0,660.0,660.0,145.6,1.5999999999999999,3,0
1282,106,1,0.0,14.766666666666666,0.8283879080732517,1.0,715.0,679.25,145.6,1.5999999999999999,3,0
1283,106,0,0.0,0.0,0.8283879080732517,1.0,660.0,695.75,145.6,1.4,2,0
1284,106,0,0.0,0.0,0.8283879080732517,1.0,660.0,660.0,145.6,1.4,2,0
1285,106,0,0.0,0.0,0.8329003798835435,1.0,605.0,640.75,140.0,1.2,2,0
1286,106,0,0.0,0.0,0.8329003798835435,1.0,605.0,605.0,140.0,1.2,2,0
1287,106,0,0.0,0.0,0.8259003798835436,1.0,605.0,605.0,145.6,1.2,2,0
1288,106,0,0.0,0.0,0.8329003798835435,1.0,550.0,585.75,140.0,1.0,2,0
1289,106,0,0.0,0.0,0.8229003798835435,1.0,440.0,511.5,112.0,0.6000000000000001,1,0
1290,105,0,0.0,0.0,0.7907125595459502,0.9690250595459502,385.0,420.75,108.0,0.6000000000000001,1,0
1291,105,0,0.0,0.0,0.8040300595459502,1.0,440.0,404.25,124.846,0.6000000000000001,1,0
1292,106,1,0.0,0.0,0.8040300595459502,1.0,440.0,440.0,124.846,0.6000000000000001,1,0
1293,106,0,0.0,0.0,0.8040300595459502,1.0,440.0,440.0,124.846,0.6000000000000001,1,0
1294,106,0,0.0,0.0,0.8040300595459502,1.0,440.0,440.0,124.846,0.8,1,0
1295,106,0,0.0,0.0,0.803274073504127,1.0,440.0,440.0,123.721,1.2,2,0
1296,106,0,0.0,0.0,0.803274073504127,1.0,440.0,440.0,123.721,1.4,2,0
1297,107,1,0.0,0.0,0.791242823504127,0.966862823504127,385.0,420.75,105.846,1.2,2,0
1298,106,0,0.0,0.0,0.783550323504127,0.966862823504127,385.0,385.0,112.0,1.2,2,0
1299,106,0,0.0,0.0,0.7792115735041271,0.926300323504127,330.0,365.75,87.971,0.8,1,0
1300,106,0,0.0,0.0,0.7784875116234463,0.9242337616234463,330.0,330.0,86.897,1.0,2,0
1301,108,2,0.0,0.0,0.7784875116234463,0.9242337616234463,330.0,330.0,86.897,1.0,2,0
1302,108,1,0.0,0.0,0.7471087616234463,0.9242337616234463,330.0,330.0,112.0,1.2,2,0
1303,108,0,0.0,0.0,0.8025500116234463,1.0,440.0,368.5,122.647,1.2,2,0
1304,108,0,0.0,0.0,0.7905187616234463,0.9647962616234462,385.0,420.75,104.772,1.2,2,0
1305,107,0,0.0,0.0,0.7846085480650509,0.9629210480650509,385.0,385.0,108.0,1.2,2,0
1306,109,3,0.0,0.0,0.8018947980650509,0.9989835480650509,440.0,404.25,121.671,1.2,2,0
1307,109,1,0.0,0.0,0.813926048065051,0.9989835480650509,495.0,459.25,139.546,1.2,2,0
1308,110,1,0.0,0.0,0.830858548065051,0.9989835480650509,495.0,495.0,126.0,1.0,2,0
1309,110,0,0.0,0.0,0.830858548065051,0.9989835480650509,495.0,495.0,126.0,1.0,2,0
1310,113,3,0.0,0.0,0.8288493906810559,0.996974390681056,495.0,495.0,126.0,1.0,2,0
1311,110,0,0.0,0.0,0.8011906406810559,0.996974390681056,440.0,475.75,120.627,0.8,1,0
1312,111,0,0.0,0.0,0.8219743906810559,0.996974390681056,550.0,478.5,140.0,1.2,2,0
1313,112,1,0.0,22.766666666666666,0.8219743906810559,0.996974390681056,550.0,550.0,140.0,1.2,2,0
1314,112,0,0.0,0.0,0.8219743906810559,0.996974390681056,550.0,550.0,140.0,1.2,2,0
1315,112,0,0.0,0.0,0.8265149411491759,0.994639941149176,495.0,530.75,126.0,1.0,2,0
1316,110,0,0.0,0.0,0.8124049411491758,0.994639941149176,495.0,495.0,137.288,1.0,2,0
1317,110,0,0.0,0.0,0.816123691149176,0.994639941149176,605.0,533.5,142.813,1.0,2,0
1318,110,0,0.0,0.0,0.816123691149176,0.994639941149176,605.0,605.0,142.813,1.0,2,0
1319,111,1,0.0,22.766666666666666,0.816123691149176,0.994639941149176,605.0,605.0,142.813,1.0,2,0
1320,111,0,0.0,0.0,0.8130547073844662,0.9858722073844661,605.0,605.0,138.254,1.0,2,0
1321,111,0,0.0,0.0,0.7933722073844661,0.9858722073844661,605.0,605.0,154.0,1.0,2,0
1322,110,0,0.0,0.0,0.800247207384466,0.9858722073844661,495.0,566.5,140.0,0.8,1,0
1323,110,0,0.0,0.0,0.8108722073844661,0.9858722073844661,550.0,514.25,140.0,1.0,2,0
1324,110,0,0.0,0.0,0.8108722073844661,0.9858722073844661,550.0,550.0,140.0,1.0,2,0
1325,110,1,0.0,14.766666666666666,0.8143412072477887,0.9824662072477888,495.0,530.75,126.0,0.8,1,0
1326,110,1,0.0,14.766666666666666,0.8118637072477888,0.9824662072477888,550.0,514.25,136.482,1.0,2,0
1327,110,0,0.0,0.0,0.8024662072477888,0.9824662072477888,605.0,569.25,144.0,1.2,2,0
1328,111,1,0.0,14.766666666666666,0.8024662072477888,0.9824662072477888,660.0,624.25,144.0,1.2,2,0
1329,111,1,0.0,14.766666666666666,0.8024662072477888,0.9824662072477888,660.0,660.0,144.0,1.2,2,0
1330,110,0,0.0,0.0,0.7995577127490532,0.9795577127490531,715.0,679.25,144.0,1.2,2,0
1331,110,0,0.0,0.0,0.7995577127490532,0.9795577127490531,770.0,734.25,144.0,1.2,2,0
1332,111,0,0.0,0.0,0.8108452127490531,0.9795577127490531,715.0,750.75,134.97,1.4,2,0
1333,111,0,0.0,0.0,0.7995577127490532,0.9795577127490531,715.0,715.0,144.0,1.4,2,0
1334,110,0,0.0,0.0,0.7995577127490532,0.9795577127490531,660.0,695.75,144.0,1.2,2,0
1335,110,0,0.0,0.0,0.7969553755659737,0.9769553755659737,715.0,679.25,144.0,1.2,2,0
1336,110,0,0.0,0.0,0.7969553755659737,0.9769553755659737,715.0,715.0,144.0,1.2,2,0
1337,110,0,0.0,0.0,0.7969553755659737,0.9769553755659737,715.0,715.0,144.0,1.2,2,0
1338,110,0,0.0,0.0,0.7969553755659737,0.9769553755659737,715.0,715.0,144.0,1.4,2,0
1339,110,1,0.0,1.4055555555555554,0.7969553755659737,0.9769553755659737,715.0,715.0,144.0,1.5999999999999999,3,0
1340,111,1,0.0,1.4055555555555554,0.7933580271070111,0.973358027107011,715.0,715.0,144.0,1.5999999999999999,3,0
1341,111,0,0.0,0.0,0.7933580271070111,0.973358027107011,715.0,715.0,144.0,1.5999999999999999,3,0
1342,112,1,0.0,1.4055555555555554,0.7733580271070111,0.973358027107011,715.0,715.0,160.0,1.5999999999999999,3,0
1343,111,0,0.0,0.0,0.7733580271070111,0.973358027107011,715.0,715.0,160.0,1.5999999999999999,3,0
1344,110,0,0.0,0.0,0.7733580271070111,0.973358027107011,660.0,695.75,160.0,1.4,2,0
1345,109,0,0.0,0.0,0.7903155887826758,0.9703155887826758,605.0,640.75,144.0,1.2,2,0
1346,109,0,0.0,0.0,0.7903155887826758,0.9703155887826758,605.0,605.0,144.0,1.2,2,0
1347,109,0,0.0,0.0,0.7953155887826757,0.9703155887826758,550.0,585.75,140.0,1.2,2,0
1348,109,0,0.0,0.0,0.7953155887826757,0.9703155887826758,550.0,550.0,140.0,1.2,2,0
1349,109,0,0.0,0.0,0.7953155887826757,0.9703155887826758,550.0,550.0,140.0,1.4,2,0
1350,109,0,0.0,0.0,0.799760465089653,0.9678854650896531,495.0,530.75,126.0,1.0,2,0
1351,109,0,0.0,0.0,0.7828854650896531,0.9678854650896531,440.0,475.75,112.0,0.6000000000000001,1,0
1352,110,1,0.0,0.0,0.7828854650896531,0.9678854650896531,440.0,440.0,112.0,1.2,2,0
1353,111,0,0.0,0.0,0.7828854650896531,0.9678854650896531,440.0,440.0,112.0,1.2,2,0
1354,111,0,0.0,0.0,0.7828854650896531,0.9678854650896531,440.0,440.0,112.0,1.2,2,0
1355,111,0,0.0,0.0,0.7844985997852042,0.9644985997852042,440.0,440.0,108.0,1.2,2,0
1356,111,0,0.0,0.0,0.7844985997852042,0.9644985997852042,440.0,440.0,108.0,1.2,2,0
1357,112,1,0.0,0.0,0.7844985997852042,0.9644985997852042,440.0,440.0,108.0,1.2,2,0
1358,111,0,0.0,0.0,0.7726235997852041,0.9284360997852041,385.0,420.75,90.0,1.0,2,0
1359,111,0,0.0,0.0,0.7969985997852043,0.9644985997852042,440.0,404.25,98.0,0.8,1,0
1360,113,2,0.0,0.0,0.794434532266582,0.961934532266582,440.0,440.0,98.0,0.8,1,0
1361,113,0,0.0,0.0,0.794434532266582,0.961934532266582,440.0,440.0,98.0,0.8,1,0
1362,112,0,0.0,0.0,0.7819345322665819,0.961934532266582,440.0,440.0,108.0,0.8,1,0
1363,113,1,0.0,0.0,0.8009582822665818,0.961934532266582,495.0,459.25,120.281,1.0,2,0
1364,113,1,0.0,0.0,0.7819345322665819,0.961934532266582,440.0,475.75,108.0,1.0,2,0
1365,113,2,0.0,0.0,0.7904800714588187,0.9586050714588186,495.0,459.25,126.0,1.0,2,0
1366,112,1,0.0,0.0,0.8011050714588186,0.9586050714588186,605.0,533.5,126.0,1.0,2,0
1367,112,0,0.0,0.0,0.8011050714588186,0.9586050714588186,715.0,643.5,126.0,1.2,2,0
1368,112,0,0.0,0.0,0.7786050714588186,0.9586050714588186,660.0,695.75,144.0,1.0,2,0
1369,111,0,0.0,0.0,0.7586050714588186,0.9586050714588186,715.0,679.25,160.0,1.2,2,0
1370,110,2,0.0,14.766666666666666,0.7757731162889971,0.9557731162889971,715.0,715.0,144.0,1.0,2,0
1371,111,1,0.0,30.766666666666666,0.7982731162889971,0.9557731162889971,715.0,715.0,126.0,0.8,1,0
1372,113,2,0.0,30.766666666666666,0.7757731162889971,0.9557731162889971,715.0,715.0,144.0,0.8,1,0
1373,113,0,0.0,0.0,0.7557731162889971,0.9557731162889971,715.0,715.0,160.0,1.0,2,0
1374,113,0,0.0,0.0,0.7557731162889971,0.9557731162889971,715.0,715.0,160.0,1.4,2,0
1375,115,2,0.0,30.766666666666666,0.7534195319248884,0.9534195319248884,715.0,715.0,160.0,1.4,2,0
1376,115,0,0.0,0.0,0.7534195319248884,0.9534195319248884,715.0,715.0,160.0,1.4,2,0
1377,115,0,0.0,0.0,0.7534195319248884,0.9534195319248884,715.0,715.0,160.0,1.7999999999999998,3,0
1378,115,0,0.0,0.0,0.7534195319248884,0.9534195319248884,715.0,715.0,160.0,1.7999999999999998,3,0
1379,115,0,0.0,0.0,0.7734195319248884,0.9534195319248884,660.0,695.75,144.0,1.5999999999999999,3,0
1380,115,0,0.0,0.0,0.7663045373714539,0.9463045373714538,660.0,660.0,144.0,1.5999999999999999,3,0
1381,115,0,0.0,0.0,0.7663045373714539,0.9463045373714538,605.0,640.75,144.0,1.4,2,0
1382,115,0,0.0,0.0,0.7888045373714538,0.9463045373714538,550.0,585.75,126.0,1.2,2,0
1383,115,0,0.0,0.0,0.7954882873714537,0.9463045373714538,495.0,530.75,112.153,0.8,1,0
1384,115,0,0.0,0.0,0.7954882873714537,0.9463045373714538,495.0,495.0,112.153,0.8,1,0
1385,115,0,0.0,0.0,0.7948384586452869,0.9444484586452868,495.0,495.0,111.188,0.8,1,0
1386,114,0,0.0,0.0,0.7948384586452869,0.9444484586452868,495.0,495.0,111.188,0.8,1,0
1387,113,0,0.0,0.0,0.7985572086452868,0.9444484586452868,550.0,514.25,116.713,0.8,1,0
1388,112,0,0.0,0.0,0.7869484586452868,0.9444484586452868,605.0,569.25,126.0,0.8,1,0
1389,111,1,0.0,14.766666666666666,0.7869484586452868,0.9444484586452868,605.0,605.0,126.0,0.6000000000000001,1,0
1390,111,0,0.0,0.0,0.7853602675703193,0.9428602675703193,715.0,643.5,126.0,0.8,1,0
1391,111,0,0.0,0.0,0.7853602675703193,0.9428602675703193,715.0,715.0,126.0,1.0,2,0
1392,111,1,0.0,14.766666666666666,0.7628602675703193,0.9428602675703193,715.0,715.0,144.0,1.4,2,0
1393,111,1,0.0,14.766666666666666,0.7628602675703193,0.9428602675703193,715.0,715.0,144.0,1.2,2,0
1394,113,1,0.0,1.4055555555555554,0.7853602675703193,0.9428602675703193,715.0,715.0,126.0,1.2,2,0
1395,113,0,0.0,0.0,0.7828727393806112,0.9403727393806112,715.0,715.0,126.0,1.2,2,0
1396,114,1,0.0,1.4055555555555554,0.7828727393806112,0.9403727393806112,715.0,715.0,126.0,1.2,2,0
1397,114,0,0.0,0.0,0.7603727393806112,0.9403727393806112,715.0,715.0,144.0,1.2,2,0
1398,114,0,0.0,0.0,0.7971302393806112,0.9403727393806112,605.0,676.5,114.594,1.0,2,0
1399,114,0,0.0,0.0,0.7653727393806111,0.9403727393806112,605.0,605.0,140.0,1.0,2,0
1400,114,0,0.0,0.0,0.7627895370297604,0.9377895370297604,605.0,605.0,140.0,1.0,2,0
1401,113,0,0.0,0.0,0.7802895370297604,0.9377895370297604,550.0,585.75,126.0,0.8,1,0
1402,114,1,0.0,1.4055555555555554,0.7627895370297604,0.9377895370297604,605.0,569.25,140.0,1.0,2,0
1403,115,1,0.0,1.4055555555555554,0.7627895370297604,0.9377895370297604,605.0,605.0,140.0,1.2,2,0
1404,116,1,0.0,1.4055555555555554,0.7627895370297604,0.9377895370297604,605.0,605.0,140.0,1.4,2,0
1405,116,1,0.0,1.4055555555555554,0.7554933571623375,0.9354933571623374,605.0,605.0,144.0,1.4,2,0
1406,116,0,0.0,0.0,0.7779933571623374,0.9354933571623374,605.0,605.0,126.0,1.2,2,0
1407,116,0,0.0,0.0,0.7954221071623374,0.9354933571623374,550.0,585.75,112.057,1.2,2,0
1408,116,0,0.0,0.0,0.7954221071623374,0.9354933571623374,550.0,550.0,112.057,1.2,2,0
1409,116,0,0.0,0.0,0.7954221071623374,0.9354933571623374,550.0,550.0,112.057,1.2,2,0
1410,117,1,0.0,0.0,0.7946051576304574,0.9331589076304574,550.0,550.0,110.843,1.2,2,0
1411,117,0,0.0,0.0,0.7908864076304573,0.9331589076304574,495.0,530.75,105.318,1.0,2,0
1412,117,0,0.0,0.0,0.7875339076304573,0.9331589076304574,495.0,495.0,108.0,1.0,2,0
1413,118,1,0.0,0.0,0.7650339076304573,0.9331589076304574,495.0,495.0,126.0,1.0,2,0
1414,118,0,0.0,0.0,0.7650339076304573,0.9331589076304574,495.0,495.0,126.0,1.0,2,0
1415,118,0,0.0,0.0,0.7624889749440635,0.9306139749440636,495.0,495.0,126.0,1.0,2,0
1416,117,0,0.0,0.0,0.7449889749440635,0.9306139749440636,495.0,495.0,140.0,1.0,2,0
1417,117,0,0.0,0.0,0.7624889749440635,0.9306139749440636,495.0,495.0,126.0,1.0,2,0
1418,116,0,0.0,0.0,0.7281139749440636,0.9306139749440636,440.0,475.75,126.0,1.2,2,0
1419,116,0,0.0,0.0,0.7624889749440635,0.9306139749440636,495.0,459.25,126.0,1.4,2,0
1420,116,1,0.0,0.0,0.7598483680965273,0.9279733680965272,495.0,495.0,126.0,1.4,2,0
1421,117,1,0.0,0.0,0.7704733680965272,0.9279733680965272,550.0,514.25,126.0,1.4,2,0
1422,117,0,0.0,0.0,0.7704733680965272,0.9279733680965272,550.0,550.0,126.0,1.4,2,0
1423,117,0,0.0,0.0,0.7823483680965273,0.9279733680965272,495.0,530.75,108.0,1.2,2,0
1424,117,0,0.0,0.0,0.7823483680965273,0.9279733680965272,495.0,495.0,108.0,1.2,2,0
1425,116,0,0.0,0.0,0.768349401719161,0.925849401719161,440.0,475.75,90.0,1.0,2,0
1426,117,1,0.0,0.0,0.776296901719161,0.925849401719161,440.0,440.0,83.642,0.8,1,0
1427,116,0,0.0,0.0,0.776296901719161,0.925849401719161,440.0,440.0,83.642,0.8,1,0
1428,116,0,0.0,0.0,0.776296901719161,0.925849401719161,440.0,440.0,83.642,0.6000000000000001,1,0
1429,116,0,0.0,0.0,0.776296901719161,0.925849401719161,440.0,440.0,83.642,0.6000000000000001,1,0
1430,115,0,0.0,0.0,0.763448702187281,0.887452452187281,385.0,420.75,64.553,0.4,0,0
1431,114,0,0.0,0.0,0.775479952187281,0.923514952187281,440.0,404.25,82.428,0.4,0,0
1432,112,1,0.0,0.0,0.790389952187281,0.923514952187281,495.0,459.25,98.0,0.4,0,0
1433,114,2,0.0,0.0,0.8010149521872809,0.923514952187281,605.0,533.5,98.0,0.6000000000000001,1,0
1434,115,1,0.0,0.0,0.791229952187281,0.923514952187281,605.0,605.0,105.828,0.6000000000000001,1,0
1435,114,0,0.0,0.0,0.7903254998364302,0.9209317498364302,605.0,605.0,104.485,0.8,1,0
1436,114,0,0.0,0.0,0.7903254998364302,0.9209317498364302,605.0,605.0,104.485,0.8,1,0
1437,114,0,0.0,0.0,0.7903254998364302,0.9209317498364302,550.0,585.75,104.485,0.6000000000000001,1,0
1438,114,0,0.0,0.0,0.7903254998364302,0.9209317498364302,550.0,550.0,104.485,0.6000000000000001,1,0
1439,115,1,0.0,0.0,0.7866067498364301,0.9209317498364302,495.0,530.75,98.96,0.6000000000000001,1,0
