minute,active_evs,routed_now,lava_wait_min,baseline_wait_min,grid_stress,baseline_grid_stress,actual_kw,forecast_kw,v2g_kw,v2g_supplied_kwh,v2g_credits_awarded,credit_ledger_transactions
0,1,1,0.0,0.0,0.6247850748308618,0.6247850748308618,0.0,0.0,0.0,0.0,0,0
1,1,0,0.0,0.0,0.6247850748308618,0.6247850748308618,0.0,0.0,0.0,0.0,0,0
2,2,1,0.0,0.0,0.6247850748308618,0.6247850748308618,0.0,0.0,0.0,0.0,0,0
3,3,1,0.0,0.0,0.6247850748308618,0.6247850748308618,0.0,0.0,0.0,0.0,0,0
4,2,0,0.0,0.0,0.6247850748308618,0.6247850748308618,0.0,0.0,0.0,0.0,0,0
5,2,0,0.0,0.0,0.6583564118772638,0.6645439118772637,55.0,19.25,0.0,0.0,0,0
6,3,1,0.0,0.0,0.6583564118772638,0.6645439118772637,55.0,55.0,0.0,0.0,0,0
7,3,0,0.0,0.0,0.6583564118772638,0.6645439118772637,55.0,55.0,0.0,0.0,0,0
8,3,1,0.0,0.0,0.6927314118772637,0.7051064118772638,110.0,74.25,0.0,0.0,0,0
9,3,0,0.0,0.0,0.7271064118772638,0.7456689118772637,165.0,129.25,0.0,0.0,0,0
10,3,0,0.0,0.0,0.7336505244994191,0.7522130244994191,165.0,165.0,0.0,0.0,0,0
11,4,1,0.0,0.0,0.7336505244994191,0.7522130244994191,165.0,165.0,0.0,0.0,0,0
12,5,1,0.0,0.0,0.7336505244994191,0.7522130244994191,165.0,165.0,0.0,0.0,0,0
13,6,0,0.0,0.0,0.7336505244994191,0.7522130244994191,165.0,165.0,0.0,0.0,0,0
14,6,0,0.0,0.0,0.7336505244994191,0.7522130244994191,165.0,165.0,0.0,0.0,0,0
15,8,2,0.0,0.0,0.7277378613408051,0.746300361340805,165.0,165.0,0.0,0.0,0,0
16,8,0,0.0,0.0,0.7277378613408051,0.746300361340805,165.0,165.0,0.0,0.0,0,0
17,8,0,0.0,0.0,0.7277378613408051,0.746300361340805,165.0,165.0,0.0,0.0,0,0
18,10,1,0.0,0.0,0.7277378613408051,0.746300361340805,165.0,165.0,0.0,0.0,0,0
19,10,0,0.0,0.0,0.7277378613408051,0.746300361340805,165.0,165.0,0.0,0.0,0,0
20,11,1,0.0,0.0,0.7317179064443382,0.7502804064443381,165.0,165.0,0.0,0.0,0,0
21,12,1,0.0,0.0,0.7660929064443383,0.7908429064443382,220.0,184.25,0.0,0.0,0,0
22,13,1,0.0,0.0,0.7660929064443383,0.7908429064443382,220.0,220.0,0.0,0.0,0,0
23,14,0,0.0,0.0,0.7660929064443383,0.7908429064443382,220.0,220.0,0.0,0.0,0,0
24,16,2,0.0,0.0,0.7660929064443383,0.7908429064443382,220.0,220.0,0.0,0.0,0,0
25,18,2,0.0,0.0,0.7622468051664046,0.7869968051664047,220.0,220.0,0.0,0.0,0,0
26,18,2,0.0,0.0,0.7622468051664046,0.7869968051664047,220.0,220.0,0.0,0.0,0,0
27,17,0,0.0,0.0,0.7409968051664048,0.8681218051664047,330.0,258.5,72.0,0.4,0,0
28,18,1,0.0,0.0,0.7708805551664046,0.9086843051664046,385.0,349.25,75.593,0.4,0,0
29,17,0,0.0,0.0,0.7708805551664046,0.9086843051664046,385.0,385.0,75.593,0.6000000000000001,1,0
30,17,0,0.0,0.0,0.782837572011891,0.944536322011891,440.0,404.25,93.359,0.6000000000000001,1,0
31,18,1,0.0,0.0,0.782837572011891,0.944536322011891,440.0,440.0,93.359,0.8,1,0
32,19,1,0.0,0.0,0.7708063220118909,0.9084738220118909,385.0,420.75,75.484,0.6000000000000001,1,0
33,21,2,0.0,0.0,0.7708063220118909,0.9084738220118909,385.0,385.0,75.484,0.6000000000000001,1,0
34,21,2,0.0,0.0,0.782837572011891,0.944536322011891,440.0,404.25,93.359,0.6000000000000001,1,0
35,21,0,0.0,0.0,0.7977241786544114,0.9420679286544114,550.0,478.5,115.475,0.6000000000000001,1,0
36,18,0,0.0,0.0,0.7977241786544114,0.9420679286544114,550.0,550.0,115.475,0.6000000000000001,1,0
37,17,1,0.0,0.0,0.7845679286544114,0.9420679286544114,605.0,569.25,126.0,0.6000000000000001,1,0
38,15,1,0.0,1.4055555555555554,0.7620679286544114,0.9420679286544114,660.0,624.25,144.0,0.8,1,0
39,14,0,0.0,0.0,0.7620679286544114,0.9420679286544114,715.0,679.25,144.0,0.8,1,0
40,12,1,0.0,30.766666666666666,0.7569397936171667,0.9369397936171666,715.0,715.0,144.0,0.8,1,0
41,11,0,0.0,0.0,0.7369397936171667,0.9369397936171666,715.0,715.0,160.0,0.8,1,0
42,13,1,0.0,30.766666666666666,0.7369397936171667,0.9369397936171666,715.0,715.0,160.0,1.2,2,0
43,13,1,0.0,38.766666666666666,0.7369397936171667,0.9369397936171666,715.0,715.0,160.0,1.2,2,0
44,12,0,0.0,0.0,0.7369397936171667,0.9369397936171666,715.0,715.0,160.0,1.4,2,0
45,13,0,0.0,0.0,0.7395421308002461,0.9395421308002461,715.0,715.0,160.0,1.5999999999999999,3,0
46,14,0,0.0,0.0,0.7395421308002461,0.9395421308002461,715.0,715.0,160.0,1.5999999999999999,3,0
47,14,0,0.0,0.0,0.7595421308002461,0.9395421308002461,715.0,715.0,144.0,1.4,2,0
48,14,0,0.0,0.0,0.7595421308002461,0.9395421308002461,715.0,715.0,144.0,1.4,2,0
49,14,0,0.0,0.0,0.7395421308002461,0.9395421308002461,715.0,715.0,160.0,1.5999999999999999,3,0
50,18,3,0.0,38.766666666666666,0.7348349620720291,0.9348349620720291,715.0,715.0,160.0,1.5999999999999999,3,0
51,18,0,0.0,0.0,0.7348349620720291,0.9348349620720291,715.0,715.0,160.0,1.5999999999999999,3,0
52,20,2,0.0,38.766666666666666,0.7348349620720291,0.9348349620720291,715.0,715.0,160.0,1.5999999999999999,3,0
53,20,0,0.0,0.0,0.7348349620720291,0.9348349620720291,715.0,715.0,160.0,1.5999999999999999,3,0
54,21,0,0.0,0.0,0.7348349620720291,0.9348349620720291,715.0,715.0,160.0,1.5999999999999999,3,0
55,22,1,0.0,38.766666666666666,0.7353324677099706,0.9353324677099706,715.0,715.0,160.0,1.5999999999999999,3,0
56,23,1,0.0,30.766666666666666,0.7353324677099706,0.9353324677099706,715.0,715.0,160.0,1.4,2,0
57,24,1,0.0,30.766666666666666,0.7353324677099706,0.9353324677099706,715.0,715.0,160.0,1.5999999999999999,3,0
58,24,0,0.0,0.0,0.7353324677099706,0.9353324677099706,715.0,715.0,160.0,1.5999999999999999,3,0
59,24,0,0.0,0.0,0.7353324677099706,0.9353324677099706,715.0,715.0,160.0,1.5999999999999999,3,0
60,26,2,0.0,22.766666666666666,0.7566188953294939,0.9366188953294938,715.0,715.0,144.0,1.5999999999999999,3,0
61,26,0,0.0,0.0,0.7791188953294939,0.9366188953294938,715.0,715.0,126.0,1.4,2,0
62,27,1,0.0,22.766666666666666,0.7791188953294939,0.9366188953294938,715.0,715.0,126.0,1.4,2,0
63,28,1,0.0,22.766666666666666,0.7366188953294939,0.9366188953294938,715.0,715.0,160.0,1.4,2,0
64,29,1,0.0,22.766666666666666,0.7366188953294939,0.9366188953294938,715.0,715.0,160.0,1.4,2,0
65,29,0,0.0,0.0,0.7321796142524761,0.9321796142524761,715.0,715.0,160.0,1.4,2,0
66,29,0,0.0,0.0,0.7321796142524761,0.9321796142524761,715.0,715.0,160.0,1.4,2,0
67,28,0,0.0,0.0,0.7321796142524761,0.9321796142524761,715.0,715.0,160.0,1.4,2,0
68,27,0,0.0,0.0,0.7321796142524761,0.9321796142524761,770.0,734.25,160.0,1.7999999999999998,3,0
69,27,0,0.0,0.0,0.7321796142524761,0.9321796142524761,880.0,808.5,160.0,1.7999999999999998,3,0
70,28,1,0.0,14.766666666666666,0.7339208839852718,0.9339208839852717,880.0,880.0,160.0,1.5999999999999999,3,0
71,29,1,0.0,1.4055555555555554,0.7339208839852718,0.9339208839852717,825.0,860.75,160.0,1.5999999999999999,3,0
72,30,1,0.0,0.0,0.7539208839852718,0.9339208839852717,825.0,825.0,144.0,1.4,2,0
73,29,0,0.0,0.0,0.7539208839852718,0.9339208839852717,825.0,825.0,144.0,1.4,2,0
74,31,2,0.0,0.0,0.7539208839852718,0.9339208839852717,825.0,825.0,144.0,1.4,2,0
75,31,1,0.0,0.0,0.752504906400361,0.932504906400361,770.0,805.75,144.0,1.2,2,0
76,32,0,0.0,0.0,0.775004906400361,0.932504906400361,715.0,750.75,126.0,1.0,2,0
77,32,0,0.0,0.0,0.794376156400361,0.932504906400361,770.0,734.25,110.503,0.8,1,0
78,31,0,0.0,0.0,0.794376156400361,0.932504906400361,770.0,770.0,110.503,0.8,1,0
79,30,1,0.0,0.0,0.775004906400361,0.932504906400361,825.0,789.25,126.0,1.0,2,0
80,26,0,0.0,0.0,0.748850153444713,0.9288501534447129,880.0,844.25,144.0,1.2,2,0
81,26,1,10.0,14.766666666666666,0.748850153444713,0.9288501534447129,990.0,918.5,144.0,1.2,2,0
82,27,1,10.0,14.766666666666666,0.748850153444713,0.9288501534447129,990.0,990.0,144.0,1.2,2,0
83,27,2,10.0,14.766666666666666,0.7288501534447129,0.9288501534447129,990.0,990.0,160.0,1.2,2,0
84,26,0,0.0,0.0,0.7288501534447129,0.9288501534447129,990.0,990.0,160.0,1.0,2,0
85,26,0,0.0,0.0,0.7268984005574033,0.9268984005574032,990.0,990.0,160.0,1.2,2,0
86,25,0,0.0,0.0,0.7268984005574033,0.9268984005574032,990.0,990.0,160.0,1.2,2,0
87,22,0,0.0,0.0,0.7468984005574033,0.9268984005574032,990.0,990.0,144.0,1.2,2,0
88,22,1,10.0,46.766666666666666,0.7268984005574033,0.9268984005574032,990.0,990.0,160.0,1.2,2,0
89,23,1,10.0,54.766666666666666,0.7268984005574033,0.9268984005574032,990.0,990.0,160.0,1.2,2,0
90,23,1,10.0,46.766666666666666,0.769934175859802,0.9274341758598019,990.0,990.0,126.0,1.0,2,0
91,25,1,10.0,46.766666666666666,0.747434175859802,0.9274341758598019,990.0,990.0,144.0,1.0,2,0
92,28,3,10.0,46.76666666666667,0.727434175859802,0.9274341758598019,990.0,990.0,160.0,1.0,2,0
93,28,0,0.0,0.0,0.727434175859802,0.9274341758598019,990.0,990.0,160.0,1.4,2,0
94,30,2,0.0,46.766666666666666,0.747434175859802,0.9274341758598019,880.0,951.5,144.0,1.0,2,0
95,29,0,0.0,0.0,0.7270706140474601,0.92707061404746,880.0,880.0,160.0,1.2,2,0
96,29,1,0.0,46.766666666666666,0.7270706140474601,0.92707061404746,880.0,880.0,160.0,1.4,2,0
97,29,0,0.0,0.0,0.7270706140474601,0.92707061404746,880.0,880.0,160.0,1.4,2,0
98,30,1,0.0,46.766666666666666,0.7470706140474601,0.92707061404746,770.0,841.5,144.0,1.2,2,0
99,31,1,0.0,46.766666666666666,0.7270706140474601,0.92707061404746,770.0,770.0,160.0,1.4,2,0
100,31,0,0.0,0.0,0.7261330072682624,0.9261330072682623,770.0,770.0,160.0,1.5999999999999999,3,0
101,31,0,0.0,0.0,0.7461330072682624,0.9261330072682623,770.0,770.0,144.0,1.4,2,0
102,30,0,0.0,0.0,0.7461330072682624,0.9261330072682623,770.0,770.0,144.0,1.2,2,0
103,29,0,0.0,0.0,0.7461330072682624,0.9261330072682623,770.0,770.0,144.0,1.2,2,0
104,28,0,0.0,0.0,0.7261330072682624,0.9261330072682623,825.0,789.25,160.0,1.5999999999999999,3,0
105,28,0,0.0,0.0,0.7448892431734082,0.9248892431734081,825.0,825.0,144.0,1.4,2,0
106,28,0,0.0,0.0,0.7248892431734082,0.9248892431734081,825.0,825.0,160.0,1.4,2,0
107,30,2,0.0,38.766666666666666,0.7248892431734082,0.9248892431734081,880.0,844.25,160.0,1.4,2,0
108,28,0,0.0,0.0,0.7248892431734082,0.9248892431734081,880.0,880.0,160.0,1.9999999999999998,3,0
109,28,1,10.0,38.766666666666666,0.7248892431734082,0.9248892431734081,990.0,918.5,160.0,1.9999999999999998,3,0
110,25,0,0.0,0.0,0.7227078722993565,0.9227078722993565,990.0,990.0,160.0,1.9999999999999998,3,0
111,26,1,34.0,38.766666666666666,0.7227078722993565,0.9227078722993565,990.0,990.0,160.0,2.1999999999999997,4,0
112,29,2,34.0,38.766666666666666,0.7227078722993565,0.9227078722993565,990.0,990.0,160.0,2.1999999999999997,4,0
113,29,0,0.0,0.0,0.7227078722993565,0.9227078722993565,990.0,990.0,160.0,2.1999999999999997,4,0
114,28,0,0.0,0.0,0.7227078722993565,0.9227078722993565,990.0,990.0,160.0,2.4,4,0
115,27,0,0.0,0.0,0.721598052030102,0.9215980520301019,990.0,990.0,160.0,2.6,5,0
116,25,0,0.0,0.0,0.721598052030102,0.9215980520301019,990.0,990.0,160.0,2.666666666666667,5,0
117,27,1,50.0,54.766666666666666,0.721598052030102,0.9215980520301019,990.0,990.0,160.0,2.666666666666667,5,0
118,26,0,0.0,0.0,0.721598052030102,0.9215980520301019,990.0,990.0,160.0,2.666666666666667,5,0
119,31,5,50.0,54.766666666666666,0.721598052030102,0.9215980520301019,990.0,990.0,160.0,2.6,5,0
120,31,0,0.0,0.0,0.725000889131203,0.9250008891312029,990.0,990.0,160.0,2.6,5,0
121,33,2,50.0,54.766666666666666,0.725000889131203,0.9250008891312029,990.0,990.0,160.0,2.6,5,0
122,34,0,0.0,0.0,0.725000889131203,0.9250008891312029,990.0,990.0,160.0,1.9999999999999998,3,0
123,29,0,0.0,0.0,0.725000889131203,0.9250008891312029,990.0,990.0,160.0,1.9999999999999998,3,0
124,28,1,66.0,70.76666666666667,0.725000889131203,0.9250008891312029,990.0,990.0,160.0,1.9999999999999998,3,0
125,26,0,0.0,0.0,0.7247330014800037,0.9247330014800037,990.0,990.0,160.0,1.5999999999999999,3,0
126,28,2,58.0,102.76666666666667,0.7247330014800037,0.9247330014800037,990.0,990.0,160.0,1.5999999999999999,3,0
127,29,2,50.0,102.76666666666667,0.7247330014800037,0.9247330014800037,990.0,990.0,160.0,1.4,2,0
128,30,1,58.0,94.76666666666667,0.7247330014800037,0.9247330014800037,990.0,990.0,160.0,1.2,2,0
129,31,1,58.0,94.76666666666667,0.7247330014800037,0.9247330014800037,990.0,990.0,160.0,1.4,2,0
130,31,0,0.0,0.0,0.7250774284601171,0.9250774284601171,990.0,990.0,160.0,1.2,2,0
131,33,2,50.0,86.76666666666667,0.7675774284601171,0.9250774284601171,990.0,990.0,126.0,1.0,2,0
132,33,0,0.0,0.0,0.7900774284601171,0.9250774284601171,990.0,990.0,108.0,1.0,2,0
133,33,0,0.0,0.0,0.7900774284601171,0.9250774284601171,990.0,990.0,108.0,1.0,2,0
134,37,2,42.0,86.76666666666667,0.7450774284601172,0.9250774284601171,990.0,990.0,144.0,1.2,2,0
135,37,0,0.0,0.0,0.7237762598685775,0.9237762598685775,990.0,990.0,160.0,1.2,2,0
136,37,0,0.0,0.0,0.7237762598685775,0.9237762598685775,990.0,990.0,160.0,1.2,2,0
137,37,0,0.0,0.0,0.7237762598685775,0.9237762598685775,990.0,990.0,160.0,1.2,2,0
138,40,3,42.0,86.76666666666667,0.7237762598685775,0.9237762598685775,990.0,990.0,160.0,1.0,2,0
139,42,2,42.0,86.76666666666667,0.7237762598685775,0.9237762598685775,990.0,990.0,160.0,1.2,2,0
140,42,0,0.0,0.0,0.743106540740579,0.923106540740579,990.0,990.0,144.0,1.4,2,0
141,43,1,42.0,86.76666666666667,0.723106540740579,0.923106540740579,990.0,990.0,160.0,1.5999999999999999,3,0
142,45,2,42.0,86.76666666666667,0.723106540740579,0.923106540740579,990.0,990.0,160.0,1.5999999999999999,3,0
143,45,2,34.0,86.76666666666667,0.723106540740579,0.923106540740579,990.0,990.0,160.0,1.4,2,0
144,49,5,34.0,86.76666666666667,0.723106540740579,0.923106540740579,990.0,990.0,160.0,1.2,2,0
145,46,0,0.0,0.0,0.7223985519481237,0.9223985519481237,990.0,990.0,160.0,1.0,2,0
146,47,1,26.0,86.76666666666667,0.7223985519481237,0.9223985519481237,990.0,990.0,160.0,1.2,2,0
147,48,1,26.0,86.76666666666667,0.7223985519481237,0.9223985519481237,990.0,990.0,160.0,1.5999999999999999,3,0
148,47,0,0.0,0.0,0.7223985519481237,0.9223985519481237,990.0,990.0,160.0,1.4,2,0
149,46,0,0.0,0.0,0.7223985519481237,0.9223985519481237,990.0,990.0,160.0,1.5999999999999999,3,0
150,47,1,34.0,78.76666666666667,0.7212695968466407,0.9212695968466407,990.0,990.0,160.0,1.5999999999999999,3,0
151,48,0,0.0,0.0,0.7212695968466407,0.9212695968466407,990.0,990.0,160.0,1.5999999999999999,3,0
152,49,1,26.0,70.76666666666667,0.7212695968466407,0.9212695968466407,990.0,990.0,160.0,1.2,2,0
153,48,0,0.0,0.0,0.7212695968466407,0.9212695968466407,990.0,990.0,160.0,1.4,2,0
154,45,1,34.0,62.766666666666666,0.7212695968466407,0.9212695968466407,990.0,990.0,160.0,1.2,2,0
155,43,0,0.0,0.0,0.7203702597318999,0.9203702597318999,990.0,990.0,160.0,1.5999999999999999,3,0
156,43,1,34.0,62.766666666666666,0.7203702597318999,0.9203702597318999,990.0,990.0,160.0,1.7999999999999998,3,0
157,44,1,34.0,62.766666666666666,0.7203702597318999,0.9203702597318999,990.0,990.0,160.0,1.7999999999999998,3,0
158,44,0,0.0,0.0,0.7203702597318999,0.9203702597318999,990.0,990.0,160.0,1.7999999999999998,3,0
159,45,2,46.0,62.766666666666666,0.7203702597318999,0.9203702597318999,990.0,990.0,160.0,1.5999999999999999,3,0
160,46,1,34.0,62.766666666666666,0.7199875630873296,0.9199875630873295,990.0,990.0,160.0,1.7999999999999998,3,0
161,47,1,34.0,46.766666666666666,0.7199875630873296,0.9199875630873295,990.0,990.0,160.0,1.4,2,0
162,49,2,34.0,46.766666666666666,0.7199875630873296,0.9199875630873295,990.0,990.0,160.0,1.4,2,0
163,50,1,34.0,46.766666666666666,0.7199875630873296,0.9199875630873295,990.0,990.0,160.0,1.4,2,0
164,50,1,34.0,38.766666666666666,0.7199875630873296,0.9199875630873295,990.0,990.0,160.0,1.2,2,0
165,54,1,26.0,46.766666666666666,0.7396622709394447,0.9196622709394446,990.0,990.0,144.0,1.0,2,0
166,53,0,0.0,0.0,0.7396622709394447,0.9196622709394446,990.0,990.0,144.0,1.0,2,0
167,53,0,0.0,0.0,0.7396622709394447,0.9196622709394446,990.0,990.0,144.0,1.2,2,0
168,53,2,34.0,38.766666666666666,0.7396622709394447,0.9196622709394446,990.0,990.0,144.0,1.2,2,0
169,52,0,0.0,0.0,0.7396622709394447,0.9196622709394446,990.0,990.0,144.0,1.0,2,0
170,50,0,0.0,0.0,0.718877742818075,0.918877742818075,990.0,990.0,160.0,1.2,2,0
171,50,0,0.0,0.0,0.718877742818075,0.918877742818075,990.0,990.0,160.0,1.2,2,0
172,50,1,42.0,46.766666666666666,0.718877742818075,0.918877742818075,990.0,990.0,160.0,1.4,2,0
173,49,1,42.0,46.766666666666666,0.718877742818075,0.918877742818075,990.0,990.0,160.0,1.4,2,0
174,48,0,0.0,0.0,0.718877742818075,0.918877742818075,990.0,990.0,160.0,1.5999999999999999,3,0
175,47,0,0.0,0.0,0.7169833944274511,0.916983394427451,990.0,990.0,160.0,1.5999999999999999,3,0
176,46,1,50.0,54.766666666666666,0.7169833944274511,0.916983394427451,990.0,990.0,160.0,1.4,2,0
177,45,0,0.0,0.0,0.7169833944274511,0.916983394427451,990.0,990.0,160.0,1.2,2,0
178,44,1,50.0,54.766666666666666,0.7169833944274511,0.916983394427451,990.0,990.0,160.0,1.5999999999999999,3,0
179,44,0,0.0,0.0,0.7169833944274511,0.916983394427451,990.0,990.0,160.0,1.7999999999999998,3,0
180,44,0,0.0,0.0,0.7234358134925094,0.9234358134925094,990.0,990.0,160.0,1.7999999999999998,3,0
181,43,0,0.0,0.0,0.7234358134925094,0.9234358134925094,990.0,990.0,160.0,1.7999999999999998,3,0
182,42,0,0.0,0.0,0.7234358134925094,0.9234358134925094,990.0,990.0,160.0,1.7999999999999998,3,0
183,40,0,0.0,0.0,0.7234358134925094,0.9234358134925094,990.0,990.0,160.0,1.7999999999999998,3,0
184,40,0,0.0,0.0,0.7234358134925094,0.9234358134925094,990.0,990.0,160.0,1.9999999999999998,3,0
185,42,2,82.0,86.76666666666667,0.7240863977882792,0.9240863977882792,990.0,990.0,160.0,1.9999999999999998,3,0
186,42,0,0.0,0.0,0.7240863977882792,0.9240863977882792,990.0,990.0,160.0,1.9999999999999998,3,0
187,41,1,82.0,86.76666666666667,0.7240863977882792,0.9240863977882792,990.0,990.0,160.0,2.1999999999999997,4,0
188,41,1,82.0,86.76666666666667,0.7240863977882792,0.9240863977882792,990.0,990.0,160.0,2.1999999999999997,4,0
189,41,0,0.0,0.0,0.7240863977882792,0.9240863977882792,990.0,990.0,160.0,2.1999999999999997,4,0
190,40,1,74.0,78.76666666666667,0.725464105708733,0.9254641057087329,990.0,990.0,160.0,2.1999999999999997,4,0
191,39,1,90.0,94.76666666666667,0.725464105708733,0.9254641057087329,990.0,990.0,160.0,2.1999999999999997,4,0
192,38,0,0.0,0.0,0.725464105708733,0.9254641057087329,990.0,990.0,160.0,1.7999999999999998,3,0
193,37,0,0.0,0.0,0.725464105708733,0.9254641057087329,990.0,990.0,160.0,1.7999999999999998,3,0
194,37,1,90.0,94.76666666666667,0.725464105708733,0.9254641057087329,990.0,990.0,160.0,1.4,2,0
195,38,2,90.0,94.76666666666667,0.7261146900045028,0.9261146900045027,990.0,990.0,160.0,1.4,2,0
196,36,0,0.0,0.0,0.7261146900045028,0.9261146900045027,990.0,990.0,160.0,1.4,2,0
197,36,0,0.0,0.0,0.7261146900045028,0.9261146900045027,990.0,990.0,160.0,1.5999999999999999,3,0
198,36,1,74.0,110.76666666666667,0.7261146900045028,0.9261146900045027,990.0,990.0,160.0,1.5999999999999999,3,0
199,37,1,74.0,118.76666666666667,0.7261146900045028,0.9261146900045027,990.0,990.0,160.0,1.5999999999999999,3,0
200,38,2,74.0,110.76666666666667,0.7253684315475903,0.9253684315475903,990.0,990.0,160.0,1.2,2,0
201,37,0,0.0,0.0,0.7253684315475903,0.9253684315475903,990.0,990.0,160.0,1.5999999999999999,3,0
202,37,0,0.0,0.0,0.7253684315475903,0.9253684315475903,990.0,990.0,160.0,1.5999999999999999,3,0
203,39,2,74.0,126.76666666666667,0.7253684315475903,0.9253684315475903,990.0,990.0,160.0,1.5999999999999999,3,0
204,40,1,74.0,126.76666666666667,0.7253684315475903,0.9253684315475903,990.0,990.0,160.0,1.5999999999999999,3,0
205,42,2,74.0,126.76666666666667,0.7257319933599324,0.9257319933599324,990.0,990.0,160.0,1.5999999999999999,3,0
206,42,0,0.0,0.0,0.7257319933599324,0.9257319933599324,990.0,990.0,160.0,1.5999999999999999,3,0
207,42,0,0.0,0.0,0.7257319933599324,0.9257319933599324,990.0,990.0,160.0,1.5999999999999999,3,0
208,45,3,66.0,126.76666666666667,0.7257319933599324,0.9257319933599324,990.0,990.0,160.0,1.5999999999999999,3,0
209,47,2,58.0,126.76666666666667,0.7457319933599325,0.9257319933599324,990.0,990.0,144.0,1.4,2,0
210,47,0,0.0,0.0,0.7256745888632468,0.9256745888632467,990.0,990.0,160.0,1.4,2,0
211,49,2,50.0,126.76666666666667,0.7456745888632468,0.9256745888632467,990.0,990.0,144.0,1.2,2,0
212,49,0,0.0,0.0,0.7256745888632468,0.9256745888632467,990.0,990.0,160.0,1.0,2,0
213,50,1,50.0,118.76666666666667,0.7256745888632468,0.9256745888632467,990.0,990.0,160.0,1.2,2,0
214,50,1,50.0,118.76666666666667,0.7256745888632468,0.9256745888632467,990.0,990.0,160.0,1.2,2,0
215,49,1,58.0,118.76666666666667,0.7250622742319341,0.9250622742319341,990.0,990.0,160.0,1.2,2,0
216,49,1,74.0,118.76666666666667,0.7250622742319341,0.9250622742319341,990.0,990.0,160.0,1.4,2,0
217,49,1,82.0,118.76666666666667,0.7250622742319341,0.9250622742319341,990.0,990.0,160.0,1.7999999999999998,3,0
218,49,1,90.0,118.76666666666667,0.7250622742319341,0.9250622742319341,990.0,990.0,160.0,1.7999999999999998,3,0
219,48,0,0.0,0.0,0.7450622742319342,0.9250622742319341,990.0,990.0,144.0,1.4,2,0
220,49,0,0.0,0.0,0.7445839034262209,0.9245839034262209,990.0,990.0,144.0,1.4,2,0
221,48,0,0.0,0.0,0.7445839034262209,0.9245839034262209,990.0,990.0,144.0,1.4,2,0
222,47,0,0.0,0.0,0.7445839034262209,0.9245839034262209,990.0,990.0,144.0,1.4,2,0
223,47,1,98.0,102.76666666666667,0.7445839034262209,0.9245839034262209,990.0,990.0,144.0,1.4,2,0
224,45,0,0.0,0.0,0.7245839034262209,0.9245839034262209,990.0,990.0,160.0,1.5999999999999999,3,0
225,45,1,98.0,102.76666666666667,0.7245073640973068,0.9245073640973067,990.0,990.0,160.0,1.5999999999999999,3,0
226,45,0,0.0,0.0,0.7245073640973068,0.9245073640973067,990.0,990.0,160.0,1.4,2,0
227,47,3,98.0,102.76666666666667,0.7245073640973068,0.9245073640973067,990.0,990.0,160.0,1.4,2,0
228,47,2,98.0,102.76666666666667,0.7245073640973068,0.9245073640973067,990.0,990.0,160.0,1.4,2,0
229,46,1,106.0,110.76666666666667,0.7245073640973068,0.9245073640973067,990.0,990.0,160.0,1.7999999999999998,3,0
230,45,1,114.0,118.76666666666667,0.7247178472518205,0.9247178472518205,990.0,990.0,160.0,1.7999999999999998,3,0
231,43,2,114.0,118.76666666666667,0.7247178472518205,0.9247178472518205,990.0,990.0,160.0,1.7999999999999998,3,0
232,42,1,130.0,134.76666666666668,0.7247178472518205,0.9247178472518205,990.0,990.0,160.0,1.7999999999999998,3,0
233,41,0,0.0,0.0,0.7247178472518205,0.9247178472518205,990.0,990.0,160.0,1.7999999999999998,3,0
234,39,0,0.0,0.0,0.7247178472518205,0.9247178472518205,990.0,990.0,160.0,2.1999999999999997,4,0
235,39,1,130.0,166.76666666666668,0.724736982084049,0.924736982084049,990.0,990.0,160.0,1.9999999999999998,3,0
236,38,1,122.0,174.76666666666668,0.724736982084049,0.924736982084049,990.0,990.0,160.0,1.9999999999999998,3,0
237,38,1,122.0,174.76666666666668,0.724736982084049,0.924736982084049,990.0,990.0,160.0,1.7999999999999998,3,0
238,40,2,122.0,182.76666666666668,0.724736982084049,0.924736982084049,990.0,990.0,160.0,1.7999999999999998,3,0
239,41,1,122.0,182.76666666666668,0.724736982084049,0.924736982084049,990.0,990.0,160.0,1.5999999999999999,3,0
240,43,2,122.0,182.76666666666668,0.733059522995968,0.933059522995968,990.0,990.0,160.0,1.5999999999999999,3,0
241,44,0,0.0,0.0,0.733059522995968,0.933059522995968,990.0,990.0,160.0,1.5999999999999999,3,0
242,44,0,0.0,0.0,0.733059522995968,0.933059522995968,990.0,990.0,160.0,1.9999999999999998,3,0
243,44,0,0.0,0.0,0.753059522995968,0.933059522995968,990.0,990.0,144.0,1.5999999999999999,3,0
244,45,0,0.0,0.0,0.753059522995968,0.933059522995968,990.0,990.0,144.0,1.4,2,0
245,45,0,0.0,0.0,0.7543989612519648,0.9343989612519648,990.0,990.0,144.0,1.2,2,0
246,45,0,0.0,0.0,0.7343989612519648,0.9343989612519648,990.0,990.0,160.0,1.0,2,0
247,46,1,98.0,166.76666666666668,0.7768989612519648,0.9343989612519648,990.0,990.0,126.0,0.6000000000000001,1,0
248,48,2,98.0,166.76666666666668,0.7768989612519648,0.9343989612519648,990.0,990.0,126.0,0.6000000000000001,1,0
249,48,0,0.0,0.0,0.7768989612519648,0.9343989612519648,990.0,990.0,126.0,0.8,1,0
250,50,2,98.0,166.76666666666668,0.7782192646757329,0.9357192646757329,990.0,990.0,126.0,1.0,2,0
251,53,3,98.0,166.76666666666668,0.7357192646757329,0.9357192646757329,990.0,990.0,160.0,1.4,2,0
252,53,0,0.0,0.0,0.7357192646757329,0.9357192646757329,990.0,990.0,160.0,1.4,2,0
253,54,1,98.0,166.76666666666668,0.7357192646757329,0.9357192646757329,990.0,990.0,160.0,1.4,2,0
254,56,2,98.0,158.76666666666668,0.7357192646757329,0.9357192646757329,990.0,990.0,160.0,1.2,2,0
255,58,2,98.0,158.76666666666668,0.7363889838037314,0.9363889838037314,990.0,990.0,160.0,1.2,2,0
256,58,0,0.0,0.0,0.7363889838037314,0.9363889838037314,990.0,990.0,160.0,1.5999999999999999,3,0
257,59,1,98.0,158.76666666666668,0.7363889838037314,0.9363889838037314,990.0,990.0,160.0,1.7999999999999998,3,0
258,60,1,98.0,158.76666666666668,0.7363889838037314,0.9363889838037314,990.0,990.0,160.0,1.7999999999999998,3,0
259,61,1,98.0,158.76666666666668,0.7363889838037314,0.9363889838037314,990.0,990.0,160.0,1.7999999999999998,3,0
260,60,0,0.0,0.0,0.7371926467573293,0.9371926467573293,990.0,990.0,160.0,1.9999999999999998,3,0
261,60,0,0.0,0.0,0.7371926467573293,0.9371926467573293,990.0,990.0,160.0,1.9999999999999998,3,0
262,62,2,106.0,150.76666666666668,0.7371926467573293,0.9371926467573293,990.0,990.0,160.0,1.9999999999999998,3,0
263,63,2,106.0,150.76666666666668,0.7371926467573293,0.9371926467573293,990.0,990.0,160.0,1.9999999999999998,3,0
264,63,0,0.0,0.0,0.7371926467573293,0.9371926467573293,990.0,990.0,160.0,1.9999999999999998,3,0
265,63,1,114.0,150.76666666666668,0.7377092872274995,0.9377092872274995,990.0,990.0,160.0,1.9999999999999998,3,0
266,65,4,122.0,142.76666666666668,0.7377092872274995,0.9377092872274995,990.0,990.0,160.0,1.7999999999999998,3,0
267,65,0,0.0,0.0,0.7377092872274995,0.9377092872274995,990.0,990.0,160.0,1.9999999999999998,3,0
268,65,0,0.0,0.0,0.7377092872274995,0.9377092872274995,990.0,990.0,160.0,1.9999999999999998,3,0
269,64,0,0.0,0.0,0.7377092872274995,0.9377092872274995,990.0,990.0,160.0,1.9999999999999998,3,0
270,65,1,138.0,142.76666666666668,0.7382259276976697,0.9382259276976697,990.0,990.0,160.0,1.9999999999999998,3,0
271,65,0,0.0,0.0,0.7382259276976697,0.9382259276976697,990.0,990.0,160.0,1.4,2,0
272,65,1,122.0,126.76666666666667,0.7382259276976697,0.9382259276976697,990.0,990.0,160.0,1.7999999999999998,3,0
273,66,2,114.0,118.76666666666667,0.7382259276976697,0.9382259276976697,990.0,990.0,160.0,1.5999999999999999,3,0
274,65,1,114.0,118.76666666666667,0.7382259276976697,0.9382259276976697,990.0,990.0,160.0,1.7999999999999998,3,0
275,65,1,114.0,118.76666666666667,0.7396036356181235,0.9396036356181234,990.0,990.0,160.0,1.7999999999999998,3,0
276,64,1,106.0,110.76666666666667,0.7396036356181235,0.9396036356181234,990.0,990.0,160.0,1.7999999999999998,3,0
277,62,0,0.0,0.0,0.7396036356181235,0.9396036356181234,990.0,990.0,160.0,1.5999999999999999,3,0
278,59,2,122.0,126.76666666666667,0.7396036356181235,0.9396036356181234,990.0,990.0,160.0,1.7999999999999998,3,0
279,59,0,0.0,0.0,0.7396036356181235,0.9396036356181234,990.0,990.0,160.0,1.5999999999999999,3,0
280,58,1,122.0,150.76666666666668,0.7408473997129776,0.9408473997129776,990.0,990.0,160.0,1.4,2,0
281,55,0,0.0,0.0,0.7608473997129777,0.9408473997129776,990.0,990.0,144.0,1.4,2,0
282,56,2,122.0,166.76666666666668,0.7608473997129777,0.9408473997129776,990.0,990.0,144.0,1.4,2,0
283,56,0,0.0,0.0,0.7408473997129776,0.9408473997129776,990.0,990.0,160.0,1.5999999999999999,3,0
284,55,0,0.0,0.0,0.7408473997129776,0.9408473997129776,990.0,990.0,160.0,1.5999999999999999,3,0
285,54,0,0.0,0.0,0.7413449053509191,0.9413449053509191,990.0,990.0,160.0,1.5999999999999999,3,0
286,55,2,122.0,174.76666666666668,0.7413449053509191,0.9413449053509191,990.0,990.0,160.0,1.4,2,0
287,55,0,0.0,0.0,0.7413449053509191,0.9413449053509191,990.0,990.0,160.0,1.4,2,0
288,54,1,122.0,174.76666666666668,0.7413449053509191,0.9413449053509191,990.0,990.0,160.0,1.9999999999999998,3,0
289,53,1,114.0,174.76666666666668,0.7413449053509191,0.9413449053509191,990.0,990.0,160.0,1.7999999999999998,3,0
290,54,1,114.0,174.76666666666668,0.7426843436069159,0.9426843436069159,990.0,990.0,160.0,1.9999999999999998,3,0
291,54,0,0.0,0.0,0.7426843436069159,0.9426843436069159,990.0,990.0,160.0,1.7999999999999998,3,0
292,54,1,106.0,166.76666666666668,0.7426843436069159,0.9426843436069159,990.0,990.0,160.0,1.5999999999999999,3,0
293,53,0,0.0,0.0,0.7426843436069159,0.9426843436069159,990.0,990.0,160.0,1.7999999999999998,3,0
294,52,1,106.0,166.76666666666668,0.7426843436069159,0.9426843436069159,990.0,990.0,160.0,1.7999999999999998,3,0
295,50,0,0.0,0.0,0.7432966582382288,0.9432966582382287,990.0,990.0,160.0,1.5999999999999999,3,0
296,49,0,0.0,0.0,0.7432966582382288,0.9432966582382287,990.0,990.0,160.0,1.5999999999999999,3,0
297,49,0,0.0,0.0,0.7432966582382288,0.9432966582382287,990.0,990.0,160.0,1.5999999999999999,3,0
298,51,1,114.0,158.76666666666668,0.7432966582382288,0.9432966582382287,990.0,990.0,160.0,1.5999999999999999,3,0
299,51,1,114.0,158.76666666666668,0.7432966582382288,0.9432966582382287,990.0,990.0,160.0,1.7999999999999998,3,0
300,51,0,0.0,0.0,0.7547617054958378,0.9547617054958377,990.0,990.0,160.0,2.1999999999999997,4,0
301,49,1,114.0,150.76666666666668,0.7547617054958378,0.9547617054958377,990.0,990.0,160.0,1.9999999999999998,3,0
302,49,1,146.0,150.76666666666668,0.7547617054958378,0.9547617054958377,990.0,990.0,160.0,2.4,4,0
303,51,2,138.0,150.76666666666668,0.7547617054958378,0.9547617054958377,990.0,990.0,160.0,2.1999999999999997,4,0
304,51,0,0.0,0.0,0.7547617054958378,0.9547617054958377,990.0,990.0,160.0,2.1999999999999997,4,0
305,52,1,138.0,150.76666666666668,0.7586843461026853,0.9586843461026853,990.0,990.0,160.0,2.4,4,0
306,52,0,0.0,0.0,0.7586843461026853,0.9586843461026853,990.0,990.0,160.0,2.4,4,0
307,54,2,134.0,142.76666666666668,0.7586843461026853,0.9586843461026853,990.0,990.0,160.0,2.1999999999999997,4,0
308,54,3,135.33333333333334,142.76666666666668,0.7586843461026853,0.9586843461026853,990.0,990.0,160.0,2.1999999999999997,4,0
309,55,3,138.0,150.76666666666668,0.7586843461026853,0.9586843461026853,990.0,990.0,160.0,2.1999999999999997,4,0
310,56,1,146.0,150.76666666666668,0.7628366046962751,0.9628366046962751,990.0,990.0,160.0,1.7999999999999998,3,0
311,58,1,146.0,150.76666666666668,0.7628366046962751,0.9628366046962751,990.0,990.0,160.0,1.5999999999999999,3,0
312,55,0,0.0,0.0,0.7628366046962751,0.9628366046962751,990.0,990.0,160.0,1.5999999999999999,3,0
313,55,0,0.0,0.0,0.7628366046962751,0.9628366046962751,990.0,990.0,160.0,1.4,2,0
314,55,0,0.0,0.0,0.7628366046962751,0.9628366046962751,990.0,990.0,160.0,1.5999999999999999,3,0
315,56,1,154.0,166.76666666666668,0.7656111553694112,0.9656111553694111,990.0,990.0,160.0,1.7999999999999998,3,0
316,53,0,0.0,0.0,0.7656111553694112,0.9656111553694111,990.0,990.0,160.0,1.5999999999999999,3,0
317,53,0,0.0,0.0,0.7656111553694112,0.9656111553694111,990.0,990.0,160.0,1.4,2,0
318,51,0,0.0,0.0,0.7656111553694112,0.9656111553694111,990.0,990.0,160.0,1.9999999999999998,3,0
319,52,1,162.0,166.76666666666668,0.7656111553694112,0.9656111553694111,990.0,990.0,160.0,1.9999999999999998,3,0
320,52,1,162.0,166.76666666666668,0.767141941947693,0.967141941947693,990.0,990.0,160.0,1.9999999999999998,3,0
321,53,2,162.0,166.76666666666668,0.767141941947693,0.967141941947693,990.0,990.0,160.0,2.1999999999999997,4,0
322,52,0,0.0,0.0,0.767141941947693,0.967141941947693,990.0,990.0,160.0,2.1999999999999997,4,0
323,49,1,162.0,166.76666666666668,0.767141941947693,0.967141941947693,990.0,990.0,160.0,2.4,4,0
324,49,0,0.0,0.0,0.767141941947693,0.967141941947693,990.0,990.0,160.0,2.1999999999999997,4,0
325,49,1,162.0,166.76666666666668,0.7686344588615179,0.9686344588615179,990.0,990.0,160.0,2.1999999999999997,4,0
326,50,3,170.0,174.76666666666668,0.7686344588615179,0.9686344588615179,990.0,990.0,160.0,2.1999999999999997,4,0
327,51,2,178.0,182.76666666666668,0.7686344588615179,0.9686344588615179,990.0,990.0,160.0,2.1999999999999997,4,0
328,50,0,0.0,0.0,0.7686344588615179,0.9686344588615179,990.0,990.0,160.0,1.9999999999999998,3,0
329,50,1,186.0,190.76666666666668,0.7686344588615179,0.9686344588615179,990.0,990.0,160.0,1.9999999999999998,3,0
330,49,0,0.0,0.0,0.7703374589298568,0.9703374589298568,990.0,990.0,160.0,2.1999999999999997,4,0
331,49,3,194.0,198.76666666666668,0.7703374589298568,0.9703374589298568,990.0,990.0,160.0,1.7999999999999998,3,0
332,48,0,0.0,0.0,0.7703374589298568,0.9703374589298568,990.0,990.0,160.0,1.7999999999999998,3,0
333,49,2,218.0,222.76666666666668,0.7703374589298568,0.9703374589298568,990.0,990.0,160.0,2.1999999999999997,4,0
334,49,0,0.0,0.0,0.7703374589298568,0.9703374589298568,990.0,990.0,160.0,1.7999999999999998,3,0
335,48,1,210.0,222.76666666666668,0.772537964636137,0.972537964636137,990.0,990.0,160.0,1.7999999999999998,3,0
336,50,2,210.0,246.76666666666668,0.772537964636137,0.972537964636137,990.0,990.0,160.0,1.9999999999999998,3,0
337,49,0,0.0,0.0,0.772537964636137,0.972537964636137,990.0,990.0,160.0,1.9999999999999998,3,0
338,48,0,0.0,0.0,0.772537964636137,0.972537964636137,990.0,990.0,160.0,1.9999999999999998,3,0
339,47,0,0.0,0.0,0.772537964636137,0.972537964636137,990.0,990.0,160.0,2.1999999999999997,4,0
340,48,1,210.0,270.76666666666665,0.7751403018192164,0.9751403018192164,990.0,990.0,160.0,2.1999999999999997,4,0
341,51,3,210.0,270.76666666666665,0.7751403018192164,0.9751403018192164,990.0,990.0,160.0,2.1999999999999997,4,0
342,51,0,0.0,0.0,0.7751403018192164,0.9751403018192164,990.0,990.0,160.0,2.1999999999999997,4,0
343,52,1,202.0,262.76666666666665,0.7751403018192164,0.9751403018192164,990.0,990.0,160.0,2.1999999999999997,4,0
344,54,2,194.0,262.76666666666665,0.7751403018192164,0.9751403018192164,990.0,990.0,160.0,2.1999999999999997,4,0
345,54,0,0.0,0.0,0.7769581108809263,0.9769581108809262,990.0,990.0,160.0,2.1999999999999997,4,0
346,54,0,0.0,0.0,0.7769581108809263,0.9769581108809262,990.0,990.0,160.0,2.1999999999999997,4,0
347,55,0,0.0,0.0,0.7769581108809263,0.9769581108809262,990.0,990.0,160.0,2.1999999999999997,4,0
348,57,2,194.0,262.76666666666665,0.7769581108809263,0.9769581108809262,990.0,990.0,160.0,2.1999999999999997,4,0
349,59,1,194.0,262.76666666666665,0.7769581108809263,0.9769581108809262,990.0,990.0,160.0,2.1999999999999997,4,0
350,59,1,194.0,262.76666666666665,0.7786993806137219,0.9786993806137219,990.0,990.0,160.0,2.1999999999999997,4,0
351,61,2,194.0,254.76666666666668,0.7786993806137219,0.9786993806137219,990.0,990.0,160.0,2.1999999999999997,4,0
352,61,0,0.0,0.0,0.7786993806137219,0.9786993806137219,990.0,990.0,160.0,2.1999999999999997,4,0
353,62,2,186.0,254.76666666666668,0.7786993806137219,0.9786993806137219,990.0,990.0,160.0,1.9999999999999998,3,0
354,61,1,194.0,254.76666666666668,0.7786993806137219,0.9786993806137219,990.0,990.0,160.0,1.9999999999999998,3,0
355,61,0,0.0,0.0,0.7804597851787463,0.9804597851787462,990.0,990.0,160.0,2.1999999999999997,4,0
356,63,1,194.0,254.76666666666668,0.7804597851787463,0.9804597851787462,990.0,990.0,160.0,1.7999999999999998,3,0
357,62,1,194.0,254.76666666666668,0.7804597851787463,0.9804597851787462,990.0,990.0,160.0,1.7999999999999998,3,0
358,62,0,0.0,0.0,0.7804597851787463,0.9804597851787462,990.0,990.0,160.0,1.9999999999999998,3,0
359,62,1,202.0,246.76666666666668,0.7804597851787463,0.9804597851787462,990.0,990.0,160.0,1.7999999999999998,3,0
360,61,1,210.0,246.76666666666668,0.812305063896672,0.992305063896672,990.0,990.0,144.0,1.5999999999999999,3,0
361,62,1,226.0,246.76666666666668,0.812305063896672,0.992305063896672,990.0,990.0,144.0,1.5999999999999999,3,0
362,62,1,226.0,246.76666666666668,0.812305063896672,0.992305063896672,990.0,990.0,144.0,1.5999999999999999,3,0
363,63,2,234.0,246.76666666666668,0.815306313896672,0.992305063896672,990.0,990.0,141.599,1.4,2,0
364,64,1,242.0,246.76666666666668,0.815306313896672,0.992305063896672,990.0,990.0,141.599,1.4,2,0
365,63,0,0.0,0.0,0.8172889742363152,0.9979689742363151,990.0,990.0,144.544,1.4,2,0
366,63,1,234.0,238.76666666666668,0.7979689742363152,0.9979689742363151,990.0,990.0,160.0,1.2,2,0
367,64,1,226.0,230.76666666666668,0.8172889742363152,0.9979689742363151,990.0,990.0,144.544,1.0,2,0
368,64,0,0.0,0.0,0.7979689742363152,0.9979689742363151,990.0,990.0,160.0,1.0,2,0
369,64,1,226.0,230.76666666666668,0.7979689742363152,0.9979689742363151,990.0,990.0,160.0,1.0,2,0
370,62,0,0.0,0.0,0.8008966035672795,1.0,990.0,990.0,160.0,1.0,2,0
371,58,0,0.0,0.0,0.8008966035672795,1.0,990.0,990.0,160.0,1.2,2,0
372,57,0,0.0,0.0,0.8008966035672795,1.0,990.0,990.0,160.0,1.4,2,0
373,57,0,0.0,0.0,0.8008966035672795,1.0,990.0,990.0,160.0,1.4,2,0
374,55,0,0.0,0.0,0.8008966035672795,1.0,990.0,990.0,160.0,1.4,2,0
375,55,0,0.0,0.0,0.8028674912868174,1.0,990.0,990.0,160.0,1.4,2,0
376,53,0,0.0,0.0,0.8028674912868174,1.0,990.0,990.0,160.0,1.7999999999999998,3,0
377,52,1,234.0,254.76666666666668,0.8028674912868174,1.0,990.0,990.0,160.0,1.7999999999999998,3,0
378,53,0,0.0,0.0,0.8028674912868174,1.0,990.0,990.0,160.0,1.5999999999999999,3,0
379,54,1,234.0,254.76666666666668,0.8028674912868174,1.0,990.0,990.0,160.0,1.4,2,0
380,55,1,234.0,254.76666666666668,0.8046470306840703,1.0,990.0,990.0,160.0,1.4,2,0
381,56,1,234.0,254.76666666666668,0.8046470306840703,1.0,990.0,990.0,160.0,1.4,2,0
382,58,2,242.0,254.76666666666668,0.8046470306840703,1.0,990.0,990.0,160.0,1.9999999999999998,3,0
383,57,0,0.0,0.0,0.8046470306840703,1.0,990.0,990.0,160.0,2.1999999999999997,4,0
384,58,1,234.0,246.76666666666668,0.8046470306840703,1.0,990.0,990.0,160.0,1.9999999999999998,3,0
385,59,0,0.0,0.0,0.806350030752409,1.0,990.0,990.0,160.0,1.9999999999999998,3,0
386,60,1,234.0,238.76666666666668,0.806350030752409,1.0,990.0,990.0,160.0,1.9999999999999998,3,0
387,59,0,0.0,0.0,0.806350030752409,1.0,990.0,990.0,160.0,1.7999999999999998,3,0
388,59,0,0.0,0.0,0.806350030752409,1.0,990.0,990.0,160.0,1.9999999999999998,3,0
389,60,1,226.0,246.76666666666668,0.806350030752409,1.0,990.0,990.0,160.0,1.9999999999999998,3,0
390,61,1,226.0,246.76666666666668,0.8065605139069227,1.0,990.0,990.0,160.0,1.9999999999999998,3,0
391,63,3,226.0,246.76666666666668,0.8065605139069227,1.0,990.0,990.0,160.0,1.9999999999999998,3,0
392,64,1,226.0,254.76666666666668,0.8065605139069227,1.0,990.0,990.0,160.0,1.9999999999999998,3,0
393,64,0,0.0,0.0,0.8065605139069227,1.0,990.0,990.0,160.0,1.7999999999999998,3,0
394,64,0,0.0,0.0,0.8065605139069227,1.0,990.0,990.0,160.0,1.5999999999999999,3,0
395,66,2,210.0,246.76666666666668,0.8088375589421173,1.0,990.0,990.0,160.0,1.5999999999999999,3,0
396,68,1,202.0,238.76666666666668,0.8088375589421173,1.0,990.0,990.0,160.0,1.5999999999999999,3,0
397,72,3,202.0,238.76666666666668,0.8088375589421173,1.0,990.0,990.0,160.0,1.5999999999999999,3,0
398,72,0,0.0,0.0,0.8088375589421173,1.0,990.0,990.0,160.0,1.5999999999999999,3,0
399,73,1,202.0,230.76666666666668,0.8088375589421173,1.0,990.0,990.0,160.0,1.2,2,0
400,73,1,202.0,230.76666666666668,0.8112294129706827,1.0,990.0,990.0,160.0,1.0,2,0
401,74,1,210.0,230.76666666666668,0.8112294129706827,1.0,990.0,990.0,160.0,1.2,2,0
402,76,1,210.0,230.76666666666668,0.8112294129706827,1.0,990.0,990.0,160.0,1.2,2,0
403,77,0,0.0,0.0,0.8112294129706827,1.0,990.0,990.0,160.0,1.2,2,0
404,78,1,210.0,222.76666666666668,0.8112294129706827,1.0,990.0,990.0,160.0,1.5999999999999999,3,0
405,78,0,0.0,0.0,0.8121287500854235,1.0,990.0,990.0,160.0,1.5999999999999999,3,0
406,78,1,202.0,222.76666666666668,0.8121287500854235,1.0,990.0,990.0,160.0,1.5999999999999999,3,0
407,80,3,210.0,214.76666666666668,0.8121287500854235,1.0,990.0,990.0,160.0,1.4,2,0
408,81,1,210.0,214.76666666666668,0.8121287500854235,1.0,990.0,990.0,160.0,1.4,2,0
409,82,1,210.0,214.76666666666668,0.8301287500854235,1.0,990.0,990.0,145.6,1.2,2,0
410,82,0,0.0,0.0,0.8310089523679356,1.0,990.0,990.0,145.6,1.4,2,0
411,83,1,210.0,214.76666666666668,0.8130089523679356,1.0,990.0,990.0,160.0,1.4,2,0
412,82,0,0.0,0.0,0.8130089523679356,1.0,990.0,990.0,160.0,1.0,2,0
413,80,1,202.0,222.76666666666668,0.8310089523679356,1.0,990.0,990.0,145.6,0.8,1,0
414,82,3,218.0,238.76666666666668,0.8310089523679356,1.0,990.0,990.0,145.6,0.8,1,0
415,82,1,210.0,246.76666666666668,0.8311620310257637,1.0,990.0,990.0,145.6,0.8,1,0
416,78,0,0.0,0.0,0.8311620310257637,1.0,990.0,990.0,145.6,1.2,2,0
417,76,0,0.0,0.0,0.8131620310257637,1.0,990.0,990.0,160.0,1.4,2,0
418,77,1,250.0,254.76666666666668,0.8131620310257637,1.0,990.0,990.0,160.0,1.4,2,0
419,77,0,0.0,0.0,0.8131620310257637,1.0,990.0,990.0,160.0,1.4,2,0
420,76,0,0.0,0.0,1.0,1.0,990.0,990.0,160.0,1.5999999999999999,3,0
421,77,1,258.0,262.76666666666665,1.0,1.0,990.0,990.0,160.0,1.5999999999999999,3,0
422,76,0,0.0,0.0,1.0,1.0,990.0,990.0,160.0,1.4,2,0
423,76,1,258.0,262.76666666666665,1.0,1.0,990.0,990.0,160.0,1.2,2,0
424,75,2,258.0,262.76666666666665,1.0,1.0,990.0,990.0,160.0,1.2,2,0
425,76,0,0.0,0.0,1.0,1.0,990.0,990.0,145.6,0.8,1,0
426,78,2,258.0,270.76666666666665,1.0,1.0,990.0,990.0,145.6,1.2,2,0
427,76,0,0.0,0.0,1.0,1.0,990.0,990.0,145.6,1.4,2,0
428,75,1,258.0,278.76666666666665,1.0,1.0,990.0,990.0,145.6,1.2,2,0
429,74,1,258.0,286.76666666666665,1.0,1.0,990.0,990.0,160.0,1.2,2,0
430,75,1,258.0,302.76666666666665,1.0,1.0,990.0,990.0,160.0,1.2,2,0
431,75,0,0.0,0.0,1.0,1.0,990.0,990.0,160.0,1.0,2,0
432,77,2,258.0,302.76666666666665,1.0,1.0,990.0,990.0,160.0,1.0,2,0
433,76,0,0.0,0.0,1.0,1.0,990.0,990.0,160.0,1.0,2,0
434,76,1,258.0,302.76666666666665,1.0,1.0,990.0,990.0,160.0,1.4,2,0
435,76,0,0.0,0.0,1.0,1.0,990.0,990.0,160.0,1.4,2,0
436,75,0,0.0,0.0,1.0,1.0,990.0,990.0,160.0,1.5999999999999999,3,0
437,77,1,258.0,302.76666666666665,1.0,1.0,990.0,990.0,160.0,1.7999999999999998,3,0
438,77,0,0.0,0.0,1.0,1.0,990.0,990.0,160.0,1.7999999999999998,3,0
439,77,0,0.0,0.0,1.0,1.0,990.0,990.0,160.0,1.9999999999999998,3,0
440,76,0,0.0,0.0,1.0,1.0,990.0,990.0,160.0,1.9999999999999998,3,0
441,77,1,250.0,302.76666666666665,1.0,1.0,990.0,990.0,160.0,2.1999999999999997,4,0
442,77,1,250.0,302.76666666666665,1.0,1.0,990.0,990.0,160.0,2.1999999999999997,4,0
443,77,1,250.0,302.76666666666665,1.0,1.0,990.0,990.0,160.0,2.1999999999999997,4,0
444,75,0,0.0,0.0,1.0,1.0,990.0,990.0,160.0,2.4,4,0
445,77,2,266.0,302.76666666666665,1.0,1.0,990.0,990.0,160.0,2.4,4,0
446,78,2,266.0,302.76666666666665,1.0,1.0,990.0,990.0,160.0,2.4,4,0
447,77,0,0.0,0.0,1.0,1.0,990.0,990.0,160.0,1.9999999999999998,3,0
448,75,1,274.0,286.76666666666665,1.0,1.0,990.0,990.0,160.0,2.1999999999999997,4,0
449,75,0,0.0,0.0,1.0,1.0,990.0,990.0,160.0,2.1999999999999997,4,0
450,74,1,282.0,286.76666666666665,1.0,1.0,990.0,990.0,160.0,2.4,4,0
451,74,0,0.0,0.0,1.0,1.0,990.0,990.0,160.0,2.1999999999999997,4,0
452,74,0,0.0,0.0,1.0,1.0,990.0,990.0,160.0,2.4,4,0
453,74,0,0.0,0.0,1.0,1.0,990.0,990.0,160.0,2.4,4,0
454,72,0,0.0,0.0,1.0,1.0,990.0,990.0,160.0,2.1999999999999997,4,0
455,74,2,282.0,286.76666666666665,1.0,1.0,990.0,990.0,160.0,1.9999999999999998,3,0
456,75,1,274.0,278.76666666666665,1.0,1.0,990.0,990.0,160.0,1.7999999999999998,3,0
457,75,1,274.0,278.76666666666665,1.0,1.0,990.0,990.0,160.0,1.7999999999999998,3,0
458,73,0,0.0,0.0,1.0,1.0,990.0,990.0,160.0,1.5999999999999999,3,0
459,74,1,274.0,278.76666666666665,1.0,1.0,990.0,990.0,160.0,1.5999999999999999,3,0
460,72,0,0.0,0.0,1.0,1.0,990.0,990.0,160.0,1.5999999999999999,3,0
461,73,1,282.0,286.76666666666665,1.0,1.0,990.0,990.0,160.0,1.4,2,0
462,71,0,0.0,0.0,1.0,1.0,990.0,990.0,160.0,1.7999999999999998,3,0
463,70,1,298.0,302.76666666666665,1.0,1.0,990.0,990.0,160.0,1.9999999999999998,3,0
464,70,0,0.0,0.0,1.0,1.0,990.0,990.0,160.0,2.4,4,0
465,70,1,298.0,302.76666666666665,1.0,1.0,990.0,990.0,160.0,2.4,4,0
466,71,1,306.0,310.76666666666665,1.0,1.0,990.0,990.0,160.0,2.6,5,0
467,70,0,0.0,0.0,1.0,1.0,990.0,990.0,160.0,2.4,4,0
468,72,2,322.0,326.76666666666665,1.0,1.0,990.0,990.0,160.0,2.1999999999999997,4,0
469,72,0,0.0,0.0,1.0,1.0,990.0,990.0,160.0,1.5999999999999999,3,0
470,72,0,0.0,0.0,1.0,1.0,990.0,990.0,160.0,1.5999999999999999,3,0
471,72,2,314.0,318.76666666666665,1.0,1.0,990.0,990.0,160.0,1.4,2,0
472,73,1,322.0,334.76666666666665,1.0,1.0,990.0,990.0,160.0,1.5999999999999999,3,0
473,72,0,0.0,0.0,1.0,1.0,990.0,990.0,160.0,1.5999999999999999,3,0
474,71,0,0.0,0.0,1.0,1.0,990.0,990.0,160.0,1.5999999999999999,3,0
475,71,1,322.0,350.76666666666665,1.0,1.0,990.0,990.0,160.0,1.5999999999999999,3,0
476,73,2,322.0,358.76666666666665,1.0,1.0,990.0,990.0,160.0,1.5999999999999999,3,0
477,73,1,314.0,358.76666666666665,1.0,1.0,990.0,990.0,160.0,1.4,2,0
478,73,0,0.0,0.0,1.0,1.0,990.0,990.0,160.0,1.5999999999999999,3,0
479,73,0,0.0,0.0,1.0,1.0,990.0,990.0,160.0,1.5999999999999999,3,0
480,73,0,0.0,0.0,1.0,1.0,990.0,990.0,160.0,1.9999999999999998,3,0
481,74,0,0.0,0.0,1.0,1.0,990.0,990.0,145.6,1.5999999999999999,3,0
482,75,1,306.0,358.76666666666665,1.0,1.0,990.0,990.0,145.6,1.5999999999999999,3,0
483,77,1,298.0,358.76666666666665,1.0,1.0,990.0,990.0,145.6,1.4,2,0
484,77,0,0.0,0.0,1.0,1.0,990.0,990.0,145.6,1.2,2,0
485,79,2,298.0,350.76666666666665,1.0,1.0,990.0,990.0,145.6,1.2,2,0
486,79,1,298.0,350.76666666666665,1.0,1.0,990.0,990.0,160.0,1.4,2,0
487,82,2,306.0,350.76666666666665,1.0,1.0,990.0,990.0,160.0,1.4,2,0
488,82,0,0.0,0.0,1.0,1.0,990.0,990.0,145.6,1.2,2,0
489,81,0,0.0,0.0,1.0,1.0,990.0,990.0,145.6,1.2,2,0
490,81,1,314.0,342.76666666666665,1.0,1.0,990.0,990.0,160.0,1.2,2,0
491,83,1,322.0,334.76666666666665,1.0,1.0,990.0,990.0,160.0,1.2,2,0
492,82,0,0.0,0.0,1.0,1.0,990.0,990.0,160.0,1.2,2,0
493,82,0,0.0,0.0,1.0,1.0,990.0,990.0,160.0,1.2,2,0
494,81,0,0.0,0.0,1.0,1.0,990.0,990.0,160.0,1.4,2,0
495,82,1,322.0,326.76666666666665,1.0,1.0,990.0,990.0,160.0,1.2,2,0
496,82,1,322.0,326.76666666666665,1.0,1.0,990.0,990.0,160.0,1.4,2,0
497,83,1,322.0,326.76666666666665,1.0,1.0,990.0,990.0,160.0,1.7999999999999998,3,0
498,83,0,0.0,0.0,1.0,1.0,990.0,990.0,160.0,1.7999999999999998,3,0
499,84,2,322.0,326.76666666666665,1.0,1.0,990.0,990.0,160.0,1.7999999999999998,3,0
500,82,0,0.0,0.0,1.0,1.0,990.0,990.0,160.0,1.7999999999999998,3,0
501,81,1,314.0,334.76666666666665,1.0,1.0,990.0,990.0,160.0,1.5999999999999999,3,0
502,82,1,314.0,334.76666666666665,1.0,1.0,990.0,990.0,160.0,1.4,2,0
503,80,1,314.0,334.76666666666665,1.0,1.0,990.0,990.0,160.0,1.5999999999999999,3,0
504,77,0,0.0,0.0,1.0,1.0,990.0,990.0,160.0,1.5999999999999999,3,0
505,76,0,0.0,0.0,0.9994806259823688,1.0,990.0,990.0,160.0,1.5999999999999999,3,0
506,76,1,314.0,350.76666666666665,0.9994806259823688,1.0,990.0,990.0,160.0,1.4,2,0
507,76,0,0.0,0.0,0.9994806259823688,1.0,990.0,990.0,160.0,1.5999999999999999,3,0
508,78,2,306.0,350.76666666666665,0.9994806259823688,1.0,990.0,990.0,160.0,1.7999999999999998,3,0
509,79,1,306.0,350.76666666666665,0.9994806259823688,1.0,990.0,990.0,160.0,1.7999999999999998,3,0
510,80,0,0.0,0.0,0.9961894348390625,1.0,990.0,990.0,160.0,1.7999999999999998,3,0
511,80,0,0.0,0.0,0.9961894348390625,1.0,990.0,990.0,160.0,1.9999999999999998,3,0
512,81,1,298.0,342.76666666666665,0.9961894348390625,1.0,990.0,990.0,160.0,1.9999999999999998,3,0
513,82,1,298.0,342.76666666666665,0.9961894348390625,1.0,990.0,990.0,160.0,1.9999999999999998,3,0
514,82,0,0.0,0.0,0.9961894348390625,1.0,990.0,990.0,160.0,1.9999999999999998,3,0
515,82,0,0.0,0.0,0.9956919292011208,1.0,990.0,990.0,160.0,1.9999999999999998,3,0
516,82,0,0.0,0.0,0.9956919292011208,1.0,990.0,990.0,160.0,1.9999999999999998,3,0
517,82,0,0.0,0.0,0.9956919292011208,1.0,990.0,990.0,160.0,1.9999999999999998,3,0
518,82,0,0.0,0.0,0.9956919292011208,1.0,990.0,990.0,160.0,1.9999999999999998,3,0
519,82,0,0.0,0.0,0.9956919292011208,1.0,990.0,990.0,160.0,1.7999999999999998,3,0
520,83,1,290.0,334.76666666666665,0.9938167156427256,1.0,990.0,990.0,160.0,1.9999999999999998,3,0
521,84,0,0.0,0.0,0.9938167156427256,1.0,990.0,990.0,160.0,1.7999999999999998,3,0
522,84,0,0.0,0.0,0.9938167156427256,1.0,990.0,990.0,160.0,1.5999999999999999,3,0
523,85,1,282.0,326.76666666666665,0.9938167156427256,1.0,990.0,990.0,160.0,1.7999999999999998,3,0
524,86,1,282.0,326.76666666666665,0.9938167156427256,1.0,990.0,990.0,160.0,1.7999999999999998,3,0
525,87,1,282.0,326.76666666666665,0.9918266930909589,1.0,990.0,990.0,160.0,1.5999999999999999,3,0
526,87,0,0.0,0.0,0.9918266930909589,1.0,990.0,990.0,160.0,1.5999999999999999,3,0
527,88,1,282.0,326.76666666666665,1.0,1.0,990.0,990.0,145.6,1.4,2,0
528,89,1,282.0,326.76666666666665,0.9918266930909589,1.0,990.0,990.0,160.0,1.5999999999999999,3,0
529,89,0,0.0,0.0,0.9918266930909589,1.0,990.0,990.0,160.0,1.5999999999999999,3,0
530,89,1,274.0,326.76666666666665,0.9886120412765667,1.0,990.0,990.0,160.0,1.4,2,0
531,90,1,282.0,326.76666666666665,0.9886120412765667,1.0,990.0,990.0,160.0,1.4,2,0
532,88,1,282.0,326.76666666666665,0.9886120412765667,1.0,990.0,990.0,160.0,1.4,2,0
533,86,0,0.0,0.0,0.9886120412765667,1.0,990.0,990.0,160.0,1.5999999999999999,3,0
534,88,2,322.0,326.76666666666665,0.9886120412765667,1.0,990.0,990.0,160.0,1.5999999999999999,3,0
535,88,0,0.0,0.0,0.9855887377844599,1.0,990.0,990.0,160.0,1.5999999999999999,3,0
536,89,1,322.0,326.76666666666665,0.9855887377844599,1.0,990.0,990.0,160.0,1.5999999999999999,3,0
537,89,0,0.0,0.0,0.9855887377844599,1.0,990.0,990.0,160.0,1.9999999999999998,3,0
538,90,3,314.0,318.76666666666665,0.9855887377844599,1.0,990.0,990.0,160.0,2.1999999999999997,4,0
539,90,1,314.0,318.76666666666665,0.9855887377844599,1.0,990.0,990.0,160.0,2.1999999999999997,4,0
540,89,1,314.0,318.76666666666665,0.8111749976876999,1.0,990.0,990.0,160.0,1.9999999999999998,3,0
541,88,0,0.0,0.0,0.8111749976876999,1.0,990.0,990.0,160.0,2.1999999999999997,4,0
542,87,0,0.0,0.0,0.8111749976876999,1.0,990.0,990.0,160.0,1.7999999999999998,3,0
543,87,1,322.0,326.76666666666665,0.8111749976876999,1.0,990.0,990.0,160.0,1.7999999999999998,3,0
544,86,1,330.0,334.76666666666665,0.8111749976876999,1.0,990.0,990.0,160.0,1.7999999999999998,3,0
545,86,1,330.0,350.76666666666665,0.8073097615775378,1.0,990.0,990.0,160.0,2.1999999999999997,4,0
546,87,0,0.0,0.0,0.8073097615775378,1.0,990.0,990.0,160.0,2.4,4,0
547,87,0,0.0,0.0,0.8073097615775378,1.0,990.0,990.0,160.0,1.9999999999999998,3,0
548,90,3,314.0,342.76666666666665,0.8073097615775378,1.0,990.0,990.0,160.0,1.7999999999999998,3,0
549,88,0,0.0,0.0,0.8073097615775378,1.0,990.0,990.0,160.0,1.7999999999999998,3,0
550,88,0,0.0,0.0,0.8047074243944585,1.0,990.0,990.0,160.0,1.7999999999999998,3,0
551,89,1,306.0,350.76666666666665,0.8047074243944585,1.0,990.0,990.0,160.0,1.2,2,0
552,90,1,306.0,350.76666666666665,0.8047074243944585,1.0,990.0,990.0,160.0,1.5999999999999999,3,0
553,88,0,0.0,0.0,0.8047074243944585,1.0,990.0,990.0,160.0,1.7999999999999998,3,0
554,88,1,298.0,350.76666666666665,0.8047074243944585,1.0,990.0,990.0,160.0,1.9999999999999998,3,0
555,87,1,290.0,350.76666666666665,0.8029470198294342,1.0,990.0,990.0,160.0,1.7999999999999998,3,0
556,87,1,290.0,350.76666666666665,0.8029470198294342,1.0,990.0,990.0,160.0,1.9999999999999998,3,0
557,87,0,0.0,0.0,0.8029470198294342,1.0,990.0,990.0,160.0,1.5999999999999999,3,0
558,87,0,0.0,0.0,0.8029470198294342,1.0,990.0,990.0,160.0,1.7999999999999998,3,0
559,89,2,282.0,342.76666666666665,0.8029470198294342,1.0,990.0,990.0,160.0,2.1999999999999997,4,0
560,91,2,282.0,334.76666666666665,0.7991965927126434,0.9991965927126434,990.0,990.0,160.0,1.7999999999999998,3,0
561,95,3,282.0,334.76666666666665,0.7991965927126434,0.9991965927126434,990.0,990.0,160.0,1.7999999999999998,3,0
562,95,0,0.0,0.0,0.7991965927126434,0.9991965927126434,990.0,990.0,160.0,1.7999999999999998,3,0
563,93,0,0.0,0.0,0.7991965927126434,0.9991965927126434,990.0,990.0,160.0,1.7999999999999998,3,0
564,90,0,0.0,0.0,0.8177190927126434,0.9991965927126434,990.0,990.0,145.182,1.2,2,0
565,92,2,290.0,334.76666666666665,0.7960010757304798,0.9960010757304798,990.0,990.0,160.0,1.4,2,0
566,93,1,290.0,334.76666666666665,0.7960010757304798,0.9960010757304798,990.0,990.0,160.0,1.5999999999999999,3,0
567,92,0,0.0,0.0,0.7960010757304798,0.9960010757304798,990.0,990.0,160.0,1.5999999999999999,3,0
568,94,1,306.0,334.76666666666665,0.7960010757304798,0.9960010757304798,990.0,990.0,160.0,1.5999999999999999,3,0
569,94,0,0.0,0.0,0.7960010757304798,0.9960010757304798,990.0,990.0,160.0,1.5999999999999999,3,0
570,95,1,314.0,334.76666666666665,0.7925950755938025,0.9925950755938024,990.0,990.0,160.0,1.7999999999999998,3,0
571,96,2,326.0,334.76666666666665,0.7925950755938025,0.9925950755938024,990.0,990.0,160.0,1.9999999999999998,3,0
572,97,0,0.0,0.0,0.7925950755938025,0.9925950755938024,990.0,990.0,160.0,1.9999999999999998,3,0
573,96,1,322.0,334.76666666666665,0.7925950755938025,0.9925950755938024,990.0,990.0,160.0,1.9999999999999998,3,0
574,97,1,330.0,334.76666666666665,0.7925950755938025,0.9925950755938024,990.0,990.0,160.0,2.4,4,0
575,95,0,0.0,0.0,0.7895717721016955,0.9895717721016954,990.0,990.0,160.0,2.4,4,0
576,96,0,0.0,0.0,0.7895717721016955,0.9895717721016954,990.0,990.0,160.0,2.1999999999999997,4,0
577,96,2,338.0,342.76666666666665,0.7895717721016955,0.9895717721016954,990.0,990.0,160.0,1.9999999999999998,3,0
578,96,0,0.0,0.0,0.7895717721016955,0.9895717721016954,990.0,990.0,160.0,1.9999999999999998,3,0
579,100,5,338.0,342.76666666666665,0.7895717721016955,0.9895717721016954,990.0,990.0,160.0,2.1999999999999997,4,0
580,100,0,0.0,0.0,0.7874478057243293,0.9874478057243292,990.0,990.0,160.0,1.7999999999999998,3,0
581,101,1,330.0,334.76666666666665,0.7874478057243293,0.9874478057243292,990.0,990.0,160.0,1.7999999999999998,3,0
582,98,0,0.0,0.0,0.7874478057243293,0.9874478057243292,990.0,990.0,160.0,1.5999999999999999,3,0
583,98,1,322.0,326.76666666666665,0.7874478057243293,0.9874478057243292,990.0,990.0,160.0,1.7999999999999998,3,0
584,93,0,0.0,0.0,0.7874478057243293,0.9874478057243292,990.0,990.0,160.0,1.9999999999999998,3,0
585,91,2,358.0,366.76666666666665,0.7818987043780572,0.9818987043780572,990.0,990.0,160.0,1.9999999999999998,3,0
586,91,1,370.0,374.76666666666665,0.7818987043780572,0.9818987043780572,990.0,990.0,160.0,1.9999999999999998,3,0
587,91,0,0.0,0.0,0.7818987043780572,0.9818987043780572,990.0,990.0,160.0,1.9999999999999998,3,0
588,91,0,0.0,0.0,0.7818987043780572,0.9818987043780572,990.0,990.0,160.0,1.9999999999999998,3,0
589,91,0,0.0,0.0,0.7818987043780572,0.9818987043780572,990.0,990.0,160.0,2.4,4,0
590,90,0,0.0,0.0,0.7804061874642323,0.9804061874642322,990.0,990.0,160.0,2.1999999999999997,4,0
591,90,1,354.0,398.76666666666665,0.7804061874642323,0.9804061874642322,990.0,990.0,160.0,2.1999999999999997,4,0
592,90,0,0.0,0.0,0.7804061874642323,0.9804061874642322,990.0,990.0,160.0,2.1999999999999997,4,0
593,91,1,354.0,406.76666666666665,0.7804061874642323,0.9804061874642322,990.0,990.0,160.0,2.1999999999999997,4,0
594,93,1,354.0,406.76666666666665,0.7804061874642323,0.9804061874642322,990.0,990.0,160.0,2.1999999999999997,4,0
595,94,1,346.0,406.76666666666665,0.7782822210868661,0.978282221086866,990.0,990.0,160.0,1.7999999999999998,3,0
596,96,2,346.0,398.76666666666665,0.7782822210868661,0.978282221086866,990.0,990.0,160.0,1.9999999999999998,3,0
597,96,0,0.0,0.0,0.7782822210868661,0.978282221086866,990.0,990.0,160.0,2.1999999999999997,4,0
598,96,0,0.0,0.0,0.7782822210868661,0.978282221086866,990.0,990.0,160.0,1.7999999999999998,3,0
599,96,0,0.0,0.0,0.7782822210868661,0.978282221086866,990.0,990.0,160.0,1.7999999999999998,3,0
600,98,1,346.0,390.76666666666665,0.780965078202905,0.9809650782029049,990.0,990.0,160.0,1.5999999999999999,3,0
601,99,1,346.0,390.76666666666665,0.780965078202905,0.9809650782029049,990.0,990.0,160.0,1.7999999999999998,3,0
602,100,1,346.0,390.76666666666665,0.780965078202905,0.9809650782029049,990.0,990.0,160.0,1.7999999999999998,3,0
603,100,0,0.0,0.0,0.780965078202905,0.9809650782029049,990.0,990.0,160.0,1.7999999999999998,3,0
604,100,0,0.0,0.0,0.780965078202905,0.9809650782029049,990.0,990.0,160.0,1.4,2,0
605,100,0,0.0,0.0,0.7805249770616489,0.9805249770616489,990.0,990.0,160.0,1.4,2,0
606,101,0,0.0,0.0,0.7805249770616489,0.9805249770616489,990.0,990.0,160.0,1.4,2,0
607,104,3,338.0,374.76666666666665,0.7805249770616489,0.9805249770616489,990.0,990.0,160.0,1.4,2,0
608,105,1,330.0,374.76666666666665,0.7805249770616489,0.9805249770616489,990.0,990.0,160.0,1.5999999999999999,3,0
609,107,2,330.0,374.76666666666665,0.7805249770616489,0.9805249770616489,990.0,990.0,160.0,1.7999999999999998,3,0
610,108,1,330.0,374.76666666666665,0.7782096623619974,0.9782096623619974,990.0,990.0,160.0,1.7999999999999998,3,0
611,109,1,314.0,366.76666666666665,0.7982096623619974,0.9782096623619974,990.0,990.0,144.0,1.0,2,0
612,111,2,314.0,366.76666666666665,0.7782096623619974,0.9782096623619974,990.0,990.0,160.0,1.0,2,0
613,110,0,0.0,0.0,0.7782096623619974,0.9782096623619974,990.0,990.0,160.0,1.4,2,0
614,111,1,322.0,366.76666666666665,0.7782096623619974,0.9782096623619974,990.0,990.0,160.0,1.5999999999999999,3,0
615,111,0,0.0,0.0,0.793961729607265,0.9739617296072649,990.0,990.0,144.0,1.4,2,0
616,111,0,0.0,0.0,0.793961729607265,0.9739617296072649,990.0,990.0,144.0,1.4,2,0
617,111,0,0.0,0.0,0.793961729607265,0.9739617296072649,990.0,990.0,144.0,1.5999999999999999,3,0
618,111,0,0.0,0.0,0.793961729607265,0.9739617296072649,990.0,990.0,144.0,1.5999999999999999,3,0
619,112,2,322.0,358.76666666666665,0.793961729607265,0.9739617296072649,990.0,990.0,144.0,1.4,2,0
620,111,0,0.0,0.0,0.7910149654440721,0.9710149654440721,990.0,990.0,144.0,1.4,2,0
621,112,1,338.0,358.76666666666665,0.7710149654440721,0.9710149654440721,990.0,990.0,160.0,1.4,2,0
622,112,0,0.0,0.0,0.7710149654440721,0.9710149654440721,990.0,990.0,160.0,1.2,2,0
623,113,2,338.0,350.76666666666665,0.7710149654440721,0.9710149654440721,990.0,990.0,160.0,1.2,2,0
624,114,1,346.0,350.76666666666665,0.7710149654440721,0.9710149654440721,990.0,990.0,160.0,1.4,2,0
625,113,0,0.0,0.0,0.7682021451064791,0.9682021451064791,990.0,990.0,160.0,1.2,2,0
626,112,0,0.0,0.0,0.7682021451064791,0.9682021451064791,990.0,990.0,160.0,1.5999999999999999,3,0
627,111,0,0.0,0.0,0.7682021451064791,0.9682021451064791,990.0,990.0,160.0,1.5999999999999999,3,0
628,111,0,0.0,0.0,0.7682021451064791,0.9682021451064791,990.0,990.0,160.0,1.4,2,0
629,115,3,346.0,350.76666666666665,0.7682021451064791,0.9682021451064791,990.0,990.0,160.0,1.9999999999999998,3,0
630,112,0,0.0,0.0,0.7650066281243155,0.9650066281243155,990.0,990.0,160.0,1.9999999999999998,3,0
631,113,0,0.0,0.0,0.7650066281243155,0.9650066281243155,990.0,990.0,160.0,2.1999999999999997,4,0
632,114,1,346.0,358.76666666666665,0.7650066281243155,0.9650066281243155,990.0,990.0,160.0,2.4,4,0
633,114,2,338.0,358.76666666666665,0.7650066281243155,0.9650066281243155,990.0,990.0,160.0,2.1999999999999997,4,0
634,114,2,338.0,366.76666666666665,0.7650066281243155,0.9650066281243155,990.0,990.0,160.0,2.1999999999999997,4,0
635,113,1,338.0,374.76666666666665,0.7632079538948342,0.9632079538948342,990.0,990.0,160.0,2.1999999999999997,4,0
636,113,1,338.0,374.76666666666665,0.7632079538948342,0.9632079538948342,990.0,990.0,160.0,1.9999999999999998,3,0
637,112,0,0.0,0.0,0.7632079538948342,0.9632079538948342,990.0,990.0,160.0,1.9999999999999998,3,0
638,112,0,0.0,0.0,0.7632079538948342,0.9632079538948342,990.0,990.0,160.0,1.9999999999999998,3,0
639,110,0,0.0,0.0,0.7632079538948342,0.9632079538948342,990.0,990.0,160.0,2.4,4,0
640,110,1,338.0,374.76666666666665,0.7606630212084404,0.9606630212084404,990.0,990.0,160.0,2.4,4,0
641,110,0,0.0,0.0,0.7606630212084404,0.9606630212084404,990.0,990.0,160.0,2.1999999999999997,4,0
642,111,1,322.0,374.76666666666665,0.7606630212084404,0.9606630212084404,990.0,990.0,160.0,1.9999999999999998,3,0
643,111,1,322.0,374.76666666666665,0.7606630212084404,0.9606630212084404,990.0,990.0,160.0,2.1999999999999997,4,0
644,112,1,322.0,374.76666666666665,0.7606630212084404,0.9606630212084404,990.0,990.0,160.0,1.7999999999999998,3,0
645,111,0,0.0,0.0,0.7579841446964468,0.9579841446964468,990.0,990.0,160.0,1.7999999999999998,3,0
646,113,2,322.0,374.76666666666665,0.7579841446964468,0.9579841446964468,990.0,990.0,160.0,1.9999999999999998,3,0
647,113,1,314.0,374.76666666666665,0.7579841446964468,0.9579841446964468,990.0,990.0,160.0,1.7999999999999998,3,0
648,112,0,0.0,0.0,0.7579841446964468,0.9579841446964468,990.0,990.0,160.0,1.5999999999999999,3,0
649,110,0,0.0,0.0,0.7579841446964468,0.9579841446964468,990.0,990.0,160.0,1.4,2,0
650,109,1,322.0,358.76666666666665,0.7556114255001098,0.9556114255001098,990.0,990.0,160.0,1.5999999999999999,3,0
651,107,0,0.0,0.0,0.7556114255001098,0.9556114255001098,990.0,990.0,160.0,1.4,2,0
652,105,0,0.0,0.0,0.7556114255001098,0.9556114255001098,990.0,990.0,160.0,1.5999999999999999,3,0
653,105,0,0.0,0.0,0.7556114255001098,0.9556114255001098,990.0,990.0,160.0,1.7999999999999998,3,0
654,105,0,0.0,0.0,0.7556114255001098,0.9556114255001098,990.0,990.0,160.0,1.5999999999999999,3,0
655,106,1,346.0,350.76666666666665,0.7531813018070872,0.9531813018070872,990.0,990.0,160.0,1.4,2,0
656,103,0,0.0,0.0,0.7531813018070872,0.9531813018070872,990.0,990.0,160.0,1.7999999999999998,3,0
657,102,0,0.0,0.0,0.7531813018070872,0.9531813018070872,990.0,990.0,160.0,1.7999999999999998,3,0
658,102,0,0.0,0.0,0.7531813018070872,0.9531813018070872,990.0,990.0,160.0,1.5999999999999999,3,0
659,104,3,346.0,350.76666666666665,0.7531813018070872,0.9531813018070872,990.0,990.0,160.0,1.7999999999999998,3,0
660,103,0,0.0,0.0,0.7541922848796228,0.9541922848796227,990.0,990.0,160.0,1.5999999999999999,3,0
661,102,0,0.0,0.0,0.7541922848796228,0.9541922848796227,990.0,990.0,160.0,1.4,2,0
662,102,1,338.0,342.76666666666665,0.7541922848796228,0.9541922848796227,990.0,990.0,160.0,1.5999999999999999,3,0
663,102,2,338.0,342.76666666666665,0.7541922848796228,0.9541922848796227,990.0,990.0,160.0,1.9999999999999998,3,0
664,101,1,346.0,350.76666666666665,0.7541922848796228,0.9541922848796227,990.0,990.0,160.0,1.9999999999999998,3,0
665,100,0,0.0,0.0,0.7562971164247603,0.9562971164247602,990.0,990.0,160.0,1.9999999999999998,3,0
666,100,0,0.0,0.0,0.7562971164247603,0.9562971164247602,990.0,990.0,160.0,1.9999999999999998,3,0
667,99,0,0.0,0.0,0.7562971164247603,0.9562971164247602,990.0,990.0,160.0,1.9999999999999998,3,0
668,100,1,362.0,366.76666666666665,0.7562971164247603,0.9562971164247602,990.0,990.0,160.0,1.7999999999999998,3,0
669,97,0,0.0,0.0,0.7562971164247603,0.9562971164247602,990.0,990.0,160.0,1.5999999999999999,3,0
670,98,1,386.0,390.76666666666665,0.7531781387715109,0.9531781387715108,990.0,990.0,160.0,1.5999999999999999,3,0
671,99,1,386.0,390.76666666666665,0.7531781387715109,0.9531781387715108,990.0,990.0,160.0,1.5999999999999999,3,0
672,101,2,386.0,390.76666666666665,0.7531781387715109,0.9531781387715108,990.0,990.0,160.0,1.5999999999999999,3,0
673,101,1,386.0,390.76666666666665,0.7531781387715109,0.9531781387715108,990.0,990.0,160.0,1.5999999999999999,3,0
674,101,0,0.0,0.0,0.7531781387715109,0.9531781387715108,990.0,990.0,160.0,1.5999999999999999,3,0
675,102,1,386.0,390.76666666666665,0.7515325431998578,0.9515325431998578,990.0,990.0,160.0,1.7999999999999998,3,0
676,101,0,0.0,0.0,0.7515325431998578,0.9515325431998578,990.0,990.0,160.0,1.7999999999999998,3,0
677,101,2,386.0,398.76666666666665,0.7515325431998578,0.9515325431998578,990.0,990.0,160.0,1.7999999999999998,3,0
678,101,1,386.0,414.76666666666665,0.7515325431998578,0.9515325431998578,990.0,990.0,160.0,1.9999999999999998,3,0
679,101,2,378.0,422.76666666666665,0.7515325431998578,0.9515325431998578,990.0,990.0,160.0,1.7999999999999998,3,0
680,102,0,0.0,0.0,0.7498104082992905,0.9498104082992904,990.0,990.0,160.0,1.5999999999999999,3,0
681,103,0,0.0,0.0,0.7498104082992905,0.9498104082992904,990.0,990.0,160.0,1.5999999999999999,3,0
682,103,0,0.0,0.0,0.7498104082992905,0.9498104082992904,990.0,990.0,160.0,1.7999999999999998,3,0
683,103,0,0.0,0.0,0.7498104082992905,0.9498104082992904,990.0,990.0,160.0,1.7999999999999998,3,0
684,106,1,370.0,422.76666666666665,0.7498104082992905,0.9498104082992904,990.0,990.0,160.0,1.7999999999999998,3,0
685,107,1,370.0,422.76666666666665,0.7477438464186099,0.9477438464186099,990.0,990.0,160.0,1.9999999999999998,3,0
686,107,0,0.0,0.0,0.7477438464186099,0.9477438464186099,990.0,990.0,160.0,2.1999999999999997,4,0
687,110,3,370.0,422.76666666666665,0.7477438464186099,0.9477438464186099,990.0,990.0,160.0,2.1999999999999997,4,0
688,110,0,0.0,0.0,0.7477438464186099,0.9477438464186099,990.0,990.0,160.0,1.9999999999999998,3,0
689,111,1,362.0,422.76666666666665,0.7477438464186099,0.9477438464186099,990.0,990.0,160.0,1.9999999999999998,3,0
690,112,1,362.0,422.76666666666665,0.7456198800412437,0.9456198800412436,990.0,990.0,160.0,2.1999999999999997,4,0
691,111,0,0.0,0.0,0.7456198800412437,0.9456198800412436,990.0,990.0,160.0,2.1999999999999997,4,0
692,113,1,370.0,422.76666666666665,0.7456198800412437,0.9456198800412436,990.0,990.0,160.0,2.1999999999999997,4,0
693,112,1,370.0,422.76666666666665,0.7456198800412437,0.9456198800412436,990.0,990.0,160.0,2.1999999999999997,4,0
694,112,1,386.0,414.76666666666665,0.7456198800412437,0.9456198800412436,990.0,990.0,160.0,2.4,4,0
695,111,0,0.0,0.0,0.7436107226572486,0.9436107226572485,990.0,990.0,160.0,2.4,4,0
696,112,1,402.0,414.76666666666665,0.7436107226572486,0.9436107226572485,990.0,990.0,160.0,2.6,5,0
697,113,0,0.0,0.0,0.7436107226572486,0.9436107226572485,990.0,990.0,160.0,1.9999999999999998,3,0
698,113,0,0.0,0.0,0.7436107226572486,0.9436107226572485,990.0,990.0,160.0,1.9999999999999998,3,0
699,113,0,0.0,0.0,0.7436107226572486,0.9436107226572485,990.0,990.0,160.0,1.9999999999999998,3,0
700,111,0,0.0,0.0,0.7430940821870784,0.9430940821870784,990.0,990.0,160.0,1.7999999999999998,3,0
701,110,0,0.0,0.0,0.7430940821870784,0.9430940821870784,990.0,990.0,160.0,1.5999999999999999,3,0
702,110,0,0.0,0.0,0.7430940821870784,0.9430940821870784,990.0,990.0,160.0,1.4,2,0
703,111,2,402.0,406.76666666666665,0.7430940821870784,0.9430940821870784,990.0,990.0,160.0,1.5999999999999999,3,0
704,113,1,402.0,406.76666666666665,0.7430940821870784,0.9430940821870784,990.0,990.0,160.0,1.5999999999999999,3,0
705,114,1,394.0,398.76666666666665,0.7419651270855954,0.9419651270855953,990.0,990.0,160.0,1.2,2,0
706,114,1,394.0,398.76666666666665,0.7419651270855954,0.9419651270855953,990.0,990.0,160.0,1.2,2,0
707,111,1,386.0,390.76666666666665,0.7419651270855954,0.9419651270855953,990.0,990.0,160.0,1.2,2,0
708,109,0,0.0,0.0,0.7419651270855954,0.9419651270855953,990.0,990.0,160.0,1.4,2,0
709,110,0,0.0,0.0,0.7419651270855954,0.9419651270855953,990.0,990.0,160.0,1.7999999999999998,3,0
710,109,1,402.0,406.76666666666665,0.740013374198286,0.9400133741982859,990.0,990.0,160.0,1.5999999999999999,3,0
711,108,0,0.0,0.0,0.740013374198286,0.9400133741982859,990.0,990.0,160.0,1.5999999999999999,3,0
712,107,0,0.0,0.0,0.740013374198286,0.9400133741982859,990.0,990.0,160.0,1.5999999999999999,3,0
713,108,1,402.0,438.76666666666665,0.740013374198286,0.9400133741982859,990.0,990.0,160.0,1.5999999999999999,3,0
714,108,1,402.0,438.76666666666665,0.740013374198286,0.9400133741982859,990.0,990.0,160.0,1.5999999999999999,3,0
715,107,0,0.0,0.0,0.7384825876200041,0.938482587620004,990.0,990.0,160.0,1.9999999999999998,3,0
716,108,1,402.0,446.76666666666665,0.7384825876200041,0.938482587620004,990.0,990.0,160.0,2.1999999999999997,4,0
717,108,0,0.0,0.0,0.7384825876200041,0.938482587620004,990.0,990.0,160.0,2.4,4,0
718,109,1,402.0,446.76666666666665,0.7384825876200041,0.938482587620004,990.0,990.0,160.0,2.666666666666667,5,0
719,109,0,0.0,0.0,0.7384825876200041,0.938482587620004,990.0,990.0,160.0,2.6,5,0
720,110,1,402.0,446.76666666666665,0.7399220938973554,0.9399220938973554,990.0,990.0,160.0,2.6,5,0
721,110,0,0.0,0.0,0.7399220938973554,0.9399220938973554,990.0,990.0,160.0,1.9999999999999998,3,0
722,111,1,394.0,430.76666666666665,0.7399220938973554,0.9399220938973554,990.0,990.0,160.0,1.9999999999999998,3,0
723,111,0,0.0,0.0,0.7399220938973554,0.9399220938973554,990.0,990.0,160.0,1.9999999999999998,3,0
724,111,0,0.0,0.0,0.7399220938973554,0.9399220938973554,990.0,990.0,160.0,1.9999999999999998,3,0
725,112,1,386.0,422.76666666666665,0.7390992961115288,0.9390992961115288,990.0,990.0,160.0,1.9999999999999998,3,0
726,116,4,386.0,422.76666666666665,0.7390992961115288,0.9390992961115288,990.0,990.0,160.0,1.9999999999999998,3,0
727,117,1,386.0,422.76666666666665,0.7390992961115288,0.9390992961115288,990.0,990.0,160.0,1.9999999999999998,3,0
728,119,1,386.0,414.76666666666665,0.7390992961115288,0.9390992961115288,990.0,990.0,160.0,1.5999999999999999,3,0
729,121,2,386.0,414.76666666666665,0.7390992961115288,0.9390992961115288,990.0,990.0,160.0,1.4,2,0
730,122,1,402.0,406.76666666666665,0.739577666917242,0.939577666917242,990.0,990.0,160.0,1.4,2,0
731,123,0,0.0,0.0,0.739577666917242,0.939577666917242,990.0,990.0,160.0,1.4,2,0
732,124,1,386.0,406.76666666666665,0.739577666917242,0.939577666917242,990.0,990.0,160.0,1.4,2,0
733,124,0,0.0,0.0,0.739577666917242,0.939577666917242,990.0,990.0,160.0,2.1999999999999997,4,0
734,125,1,378.0,406.76666666666665,0.739577666917242,0.939577666917242,990.0,990.0,160.0,1.7999999999999998,3,0
735,126,0,0.0,0.0,0.737759857855532,0.937759857855532,990.0,990.0,160.0,1.9999999999999998,3,0
736,125,0,0.0,0.0,0.737759857855532,0.937759857855532,990.0,990.0,160.0,1.7999999999999998,3,0
737,127,2,370.0,406.76666666666665,0.737759857855532,0.937759857855532,990.0,990.0,160.0,1.4,2,0
738,128,1,370.0,406.76666666666665,0.737759857855532,0.937759857855532,990.0,990.0,160.0,1.4,2,0
739,128,0,0.0,0.0,0.737759857855532,0.937759857855532,990.0,990.0,160.0,1.7999999999999998,3,0
740,129,1,370.0,406.76666666666665,0.7374537005398758,0.9374537005398758,990.0,990.0,160.0,1.7999999999999998,3,0
741,130,1,354.0,406.76666666666665,0.7799537005398758,0.9374537005398758,990.0,990.0,126.0,1.4,2,0
742,129,0,0.0,0.0,0.7799537005398758,0.9374537005398758,990.0,990.0,126.0,1.4,2,0
743,129,0,0.0,0.0,0.7799537005398758,0.9374537005398758,990.0,990.0,126.0,1.4,2,0
744,130,1,362.0,406.76666666666665,0.7574537005398758,0.9374537005398758,990.0,990.0,144.0,1.4,2,0
745,130,0,0.0,0.0,0.7960145628886763,0.9371858128886763,990.0,990.0,112.937,1.0,2,0
746,132,3,354.0,398.76666666666665,0.7960145628886763,0.9371858128886763,990.0,990.0,112.937,1.0,2,0
747,133,0,0.0,0.0,0.7371858128886764,0.9371858128886763,990.0,990.0,160.0,0.8,1,0
748,133,1,362.0,398.76666666666665,0.7371858128886764,0.9371858128886763,990.0,990.0,160.0,0.8,1,0
749,132,1,370.0,398.76666666666665,0.7371858128886764,0.9371858128886763,990.0,990.0,160.0,1.0,2,0
750,132,0,0.0,0.0,0.7367457117474203,0.9367457117474203,990.0,990.0,160.0,1.0,2,0
751,131,1,394.0,398.76666666666665,0.7367457117474203,0.9367457117474203,990.0,990.0,160.0,1.0,2,0
752,133,3,394.0,398.76666666666665,0.7367457117474203,0.9367457117474203,990.0,990.0,160.0,1.5999999999999999,3,0
753,132,0,0.0,0.0,0.7367457117474203,0.9367457117474203,990.0,990.0,160.0,1.5999999999999999,3,0
754,132,1,378.0,398.76666666666665,0.7367457117474203,0.9367457117474203,990.0,990.0,160.0,1.4,2,0
755,133,1,378.0,398.76666666666665,0.7360377229549648,0.9360377229549648,990.0,990.0,160.0,1.4,2,0
756,133,1,378.0,398.76666666666665,0.7360377229549648,0.9360377229549648,990.0,990.0,160.0,1.7999999999999998,3,0
757,129,1,378.0,398.76666666666665,0.7360377229549648,0.9360377229549648,990.0,990.0,160.0,1.7999999999999998,3,0
758,130,1,378.0,430.76666666666665,0.7360377229549648,0.9360377229549648,990.0,990.0,160.0,1.9999999999999998,3,0
759,131,2,378.0,422.76666666666665,0.7360377229549648,0.9360377229549648,990.0,990.0,160.0,1.5999999999999999,3,0
760,132,1,378.0,414.76666666666665,0.7364778240962209,0.9364778240962208,990.0,990.0,160.0,1.4,2,0
761,130,1,378.0,414.76666666666665,0.7364778240962209,0.9364778240962208,990.0,990.0,160.0,1.4,2,0
762,131,0,0.0,0.0,0.7364778240962209,0.9364778240962208,990.0,990.0,160.0,1.7999999999999998,3,0
763,132,1,378.0,414.76666666666665,0.7364778240962209,0.9364778240962208,990.0,990.0,160.0,1.9999999999999998,3,0
764,130,0,0.0,0.0,0.7364778240962209,0.9364778240962208,990.0,990.0,160.0,2.1999999999999997,4,0
765,133,3,378.0,414.76666666666665,0.7355784869814803,0.9355784869814803,990.0,990.0,160.0,2.1999999999999997,4,0
766,133,0,0.0,0.0,0.7355784869814803,0.9355784869814803,990.0,990.0,160.0,2.1999999999999997,4,0
767,133,0,0.0,0.0,0.7355784869814803,0.9355784869814803,990.0,990.0,160.0,2.4,4,0
768,133,1,370.0,414.76666666666665,0.7355784869814803,0.9355784869814803,990.0,990.0,160.0,2.1999999999999997,4,0
769,132,0,0.0,0.0,0.7355784869814803,0.9355784869814803,990.0,990.0,160.0,2.1999999999999997,4,0
770,134,3,370.0,414.76666666666665,0.7360185881227364,0.9360185881227363,990.0,990.0,160.0,2.1999999999999997,4,0
771,134,2,378.0,414.76666666666665,0.7360185881227364,0.9360185881227363,990.0,990.0,160.0,2.1999999999999997,4,0
772,134,1,386.0,414.76666666666665,0.7360185881227364,0.9360185881227363,990.0,990.0,160.0,2.1999999999999997,4,0
773,129,0,0.0,0.0,0.7360185881227364,0.9360185881227363,990.0,990.0,160.0,1.9999999999999998,3,0
774,129,0,0.0,0.0,0.7360185881227364,0.9360185881227363,990.0,990.0,160.0,1.9999999999999998,3,0
775,130,1,402.0,406.76666666666665,0.7353297341625096,0.9353297341625095,990.0,990.0,160.0,1.9999999999999998,3,0
776,130,1,402.0,406.76666666666665,0.7353297341625096,0.9353297341625095,990.0,990.0,160.0,1.9999999999999998,3,0
777,131,1,402.0,406.76666666666665,0.7353297341625096,0.9353297341625095,990.0,990.0,160.0,1.9999999999999998,3,0
778,130,1,402.0,406.76666666666665,0.7353297341625096,0.9353297341625095,990.0,990.0,160.0,2.1999999999999997,4,0
779,129,0,0.0,0.0,0.7353297341625096,0.9353297341625095,990.0,990.0,160.0,2.1999999999999997,4,0
780,127,0,0.0,0.0,0.7336223402339588,0.9336223402339587,990.0,990.0,160.0,2.4,4,0
781,125,0,0.0,0.0,0.7336223402339588,0.9336223402339587,990.0,990.0,160.0,2.4,4,0
782,124,0,0.0,0.0,0.7336223402339588,0.9336223402339587,990.0,990.0,160.0,2.4,4,0
783,124,1,418.0,422.76666666666665,0.7336223402339588,0.9336223402339587,990.0,990.0,160.0,2.6,5,0
784,124,0,0.0,0.0,0.7336223402339588,0.9336223402339587,990.0,990.0,160.0,2.1999999999999997,4,0
785,121,1,426.0,430.76666666666665,0.7342537896975001,0.9342537896975001,990.0,990.0,160.0,1.9999999999999998,3,0
786,121,2,426.0,430.76666666666665,0.7342537896975001,0.9342537896975001,990.0,990.0,160.0,1.9999999999999998,3,0
787,121,2,426.0,430.76666666666665,0.7342537896975001,0.9342537896975001,990.0,990.0,160.0,1.9999999999999998,3,0
788,122,2,426.0,430.76666666666665,0.7342537896975001,0.9342537896975001,990.0,990.0,160.0,1.9999999999999998,3,0
789,122,0,0.0,0.0,0.7342537896975001,0.9342537896975001,990.0,990.0,160.0,1.7999999999999998,3,0
790,123,2,426.0,430.76666666666665,0.7323403064746477,0.9323403064746476,990.0,990.0,160.0,1.7999999999999998,3,0
791,124,1,434.0,438.76666666666665,0.7323403064746477,0.9323403064746476,990.0,990.0,160.0,1.5999999999999999,3,0
792,124,2,434.0,438.76666666666665,0.7323403064746477,0.9323403064746476,990.0,990.0,160.0,1.4,2,0
793,125,3,450.0,454.76666666666665,0.7323403064746477,0.9323403064746476,990.0,990.0,160.0,1.2,2,0
794,124,0,0.0,0.0,0.7523403064746477,0.9323403064746476,990.0,990.0,144.0,1.2,2,0
795,122,0,0.0,0.0,0.7527612727836752,0.9327612727836752,990.0,990.0,144.0,1.2,2,0
796,120,1,482.0,486.76666666666665,0.7944662727836751,0.9327612727836752,990.0,990.0,110.636,0.8,1,0
797,121,1,490.0,510.76666666666665,0.7944662727836751,0.9327612727836752,990.0,990.0,110.636,1.0,2,0
798,119,0,0.0,0.0,0.7752612727836752,0.9327612727836752,990.0,990.0,126.0,1.2,2,0
799,119,0,0.0,0.0,0.7752612727836752,0.9327612727836752,990.0,990.0,126.0,1.2,2,0
800,121,2,490.0,534.7666666666667,0.7528760817770463,0.9328760817770463,990.0,990.0,144.0,1.2,2,0
801,121,0,0.0,0.0,0.7528760817770463,0.9328760817770463,990.0,990.0,144.0,1.2,2,0
802,121,1,490.0,534.7666666666667,0.7528760817770463,0.9328760817770463,990.0,990.0,144.0,1.2,2,0
803,122,1,490.0,542.7666666666667,0.7528760817770463,0.9328760817770463,990.0,990.0,144.0,1.2,2,0
804,123,1,490.0,542.7666666666667,0.7328760817770463,0.9328760817770463,990.0,990.0,160.0,1.4,2,0
805,123,0,0.0,0.0,0.7349043739932699,0.9349043739932699,990.0,990.0,160.0,1.2,2,0
806,124,0,0.0,0.0,0.7349043739932699,0.9349043739932699,990.0,990.0,160.0,1.0,2,0
807,124,0,0.0,0.0,0.7349043739932699,0.9349043739932699,990.0,990.0,160.0,1.0,2,0
808,125,1,482.0,534.7666666666667,0.7349043739932699,0.9349043739932699,990.0,990.0,160.0,1.2,2,0
809,126,1,466.0,534.7666666666667,0.7349043739932699,0.9349043739932699,990.0,990.0,160.0,1.0,2,0
810,127,1,466.0,534.7666666666667,0.7354975537923543,0.9354975537923542,990.0,990.0,160.0,1.2,2,0
811,130,3,466.0,534.7666666666667,0.7354975537923543,0.9354975537923542,990.0,990.0,160.0,1.4,2,0
812,130,0,0.0,0.0,0.7354975537923543,0.9354975537923542,990.0,990.0,160.0,1.5999999999999999,3,0
813,129,0,0.0,0.0,0.7354975537923543,0.9354975537923542,990.0,990.0,160.0,1.9999999999999998,3,0
814,130,1,466.0,534.7666666666667,0.7354975537923543,0.9354975537923542,990.0,990.0,160.0,2.1999999999999997,4,0
815,130,1,466.0,534.7666666666667,0.7381955651365761,0.9381955651365761,990.0,990.0,160.0,2.1999999999999997,4,0
816,131,1,482.0,534.7666666666667,0.7381955651365761,0.9381955651365761,990.0,990.0,160.0,2.1999999999999997,4,0
817,131,0,0.0,0.0,0.7381955651365761,0.9381955651365761,990.0,990.0,160.0,2.4,4,0
818,132,1,482.0,534.7666666666667,0.7381955651365761,0.9381955651365761,990.0,990.0,160.0,2.6,5,0
819,131,0,0.0,0.0,0.7381955651365761,0.9381955651365761,990.0,990.0,160.0,2.4,4,0
820,134,2,494.0,526.7666666666667,0.7382338348010331,0.9382338348010331,990.0,990.0,160.0,2.4,4,0
821,135,2,490.0,526.7666666666667,0.7382338348010331,0.9382338348010331,990.0,990.0,160.0,2.4,4,0
822,138,2,490.0,526.7666666666667,0.7382338348010331,0.9382338348010331,990.0,990.0,160.0,2.1999999999999997,4,0
823,138,1,490.0,518.7666666666667,0.7382338348010331,0.9382338348010331,990.0,990.0,160.0,1.9999999999999998,3,0
824,138,0,0.0,0.0,0.7382338348010331,0.9382338348010331,990.0,990.0,160.0,1.7999999999999998,3,0
825,136,1,490.0,510.76666666666665,0.739688082050401,0.939688082050401,990.0,990.0,160.0,1.7999999999999998,3,0
826,137,1,490.0,510.76666666666665,0.739688082050401,0.939688082050401,990.0,990.0,160.0,1.7999999999999998,3,0
827,137,0,0.0,0.0,0.739688082050401,0.939688082050401,990.0,990.0,160.0,1.7999999999999998,3,0
828,137,0,0.0,0.0,0.739688082050401,0.939688082050401,990.0,990.0,160.0,1.7999999999999998,3,0
829,138,1,498.0,502.76666666666665,0.739688082050401,0.939688082050401,990.0,990.0,160.0,1.5999999999999999,3,0
830,137,1,482.0,502.76666666666665,0.7409318461452552,0.9409318461452552,990.0,990.0,160.0,1.5999999999999999,3,0
831,136,0,0.0,0.0,0.7409318461452552,0.9409318461452552,990.0,990.0,160.0,1.2,2,0
832,136,1,498.0,502.76666666666665,0.7409318461452552,0.9409318461452552,990.0,990.0,160.0,1.2,2,0
833,136,2,490.0,502.76666666666665,0.7409318461452552,0.9409318461452552,990.0,990.0,160.0,1.4,2,0
834,138,2,474.0,510.76666666666665,0.7609318461452552,0.9409318461452552,990.0,990.0,144.0,1.2,2,0
835,138,1,474.0,510.76666666666665,0.7412380034609116,0.9412380034609116,990.0,990.0,160.0,1.5999999999999999,3,0
836,138,0,0.0,0.0,0.7412380034609116,0.9412380034609116,990.0,990.0,160.0,1.5999999999999999,3,0
837,137,0,0.0,0.0,0.7412380034609116,0.9412380034609116,990.0,990.0,160.0,1.5999999999999999,3,0
838,137,0,0.0,0.0,0.7412380034609116,0.9412380034609116,990.0,990.0,160.0,1.4,2,0
839,139,1,466.0,518.7666666666667,0.7412380034609116,0.9412380034609116,990.0,990.0,160.0,1.2,2,0
840,139,1,466.0,518.7666666666667,0.7371463123995836,0.9371463123995836,990.0,990.0,160.0,1.4,2,0
841,139,0,0.0,0.0,0.7371463123995836,0.9371463123995836,990.0,990.0,160.0,1.4,2,0
842,140,0,0.0,0.0,0.7371463123995836,0.9371463123995836,990.0,990.0,160.0,1.5999999999999999,3,0
843,140,0,0.0,0.0,0.7371463123995836,0.9371463123995836,990.0,990.0,160.0,1.7999999999999998,3,0
844,143,3,466.0,518.7666666666667,0.7371463123995836,0.9371463123995836,990.0,990.0,160.0,1.5999999999999999,3,0
845,143,0,0.0,0.0,0.7369932337417555,0.9369932337417555,990.0,990.0,160.0,1.4,2,0
846,142,0,0.0,0.0,0.7369932337417555,0.9369932337417555,990.0,990.0,160.0,1.4,2,0
847,140,0,0.0,0.0,0.7369932337417555,0.9369932337417555,990.0,990.0,160.0,1.5999999999999999,3,0
848,142,2,482.0,510.76666666666665,0.7369932337417555,0.9369932337417555,990.0,990.0,160.0,1.4,2,0
849,141,0,0.0,0.0,0.7369932337417555,0.9369932337417555,990.0,990.0,160.0,1.4,2,0
850,143,2,490.0,510.76666666666665,0.7387919079712368,0.9387919079712368,990.0,990.0,160.0,1.4,2,0
851,141,0,0.0,0.0,0.7387919079712368,0.9387919079712368,990.0,990.0,160.0,1.5999999999999999,3,0
852,143,2,506.0,510.76666666666665,0.7387919079712368,0.9387919079712368,990.0,990.0,160.0,1.5999999999999999,3,0
853,143,1,506.0,510.76666666666665,0.7387919079712368,0.9387919079712368,990.0,990.0,160.0,1.7999999999999998,3,0
854,143,0,0.0,0.0,0.7387919079712368,0.9387919079712368,990.0,990.0,160.0,1.7999999999999998,3,0
855,144,0,0.0,0.0,0.7403226945495187,0.9403226945495187,990.0,990.0,160.0,1.5999999999999999,3,0
856,145,1,506.0,510.76666666666665,0.7403226945495187,0.9403226945495187,990.0,990.0,160.0,1.5999999999999999,3,0
857,142,0,0.0,0.0,0.7403226945495187,0.9403226945495187,990.0,990.0,160.0,1.5999999999999999,3,0
858,141,0,0.0,0.0,0.7403226945495187,0.9403226945495187,990.0,990.0,160.0,1.5999999999999999,3,0
859,142,1,514.0,518.7666666666667,0.7403226945495187,0.9403226945495187,990.0,990.0,160.0,1.4,2,0
860,141,0,0.0,0.0,0.7411454923353453,0.9411454923353453,990.0,990.0,160.0,1.5999999999999999,3,0
861,144,3,506.0,526.7666666666667,0.7411454923353453,0.9411454923353453,990.0,990.0,160.0,1.5999999999999999,3,0
862,144,0,0.0,0.0,0.7411454923353453,0.9411454923353453,990.0,990.0,160.0,1.5999999999999999,3,0
863,145,0,0.0,0.0,0.7411454923353453,0.9411454923353453,990.0,990.0,160.0,1.5999999999999999,3,0
864,143,0,0.0,0.0,0.7411454923353453,0.9411454923353453,990.0,990.0,160.0,1.7999999999999998,3,0
865,141,0,0.0,0.0,0.7421022339467716,0.9421022339467715,990.0,990.0,160.0,1.7999999999999998,3,0
866,142,2,522.0,526.7666666666667,0.7421022339467716,0.9421022339467715,990.0,990.0,160.0,1.7999999999999998,3,0
867,144,2,514.0,518.7666666666667,0.7421022339467716,0.9421022339467715,990.0,990.0,160.0,1.5999999999999999,3,0
868,143,0,0.0,0.0,0.7421022339467716,0.9421022339467715,990.0,990.0,160.0,1.7999999999999998,3,0
869,145,3,514.0,518.7666666666667,0.7421022339467716,0.9421022339467715,990.0,990.0,160.0,1.7999999999999998,3,0
870,146,1,514.0,518.7666666666667,0.7435182115316823,0.9435182115316822,990.0,990.0,160.0,1.7999999999999998,3,0
871,144,0,0.0,0.0,0.7435182115316823,0.9435182115316822,990.0,990.0,160.0,2.1999999999999997,4,0
872,141,0,0.0,0.0,0.7435182115316823,0.9435182115316822,990.0,990.0,160.0,2.1999999999999997,4,0
873,141,1,530.0,550.7666666666667,0.7435182115316823,0.9435182115316822,990.0,990.0,160.0,2.1999999999999997,4,0
874,142,2,530.0,558.7666666666667,0.7435182115316823,0.9435182115316822,990.0,990.0,160.0,2.1999999999999997,4,0
875,141,0,0.0,0.0,0.7457952565668768,0.9457952565668768,990.0,990.0,160.0,2.4,4,0
876,144,4,522.0,574.7666666666667,0.7457952565668768,0.9457952565668768,990.0,990.0,160.0,2.4,4,0
877,142,0,0.0,0.0,0.7457952565668768,0.9457952565668768,990.0,990.0,160.0,2.1999999999999997,4,0
878,142,0,0.0,0.0,0.7457952565668768,0.9457952565668768,990.0,990.0,160.0,2.4,4,0
879,143,0,0.0,0.0,0.7457952565668768,0.9457952565668768,990.0,990.0,160.0,2.4,4,0
880,144,1,514.0,582.7666666666667,0.7476322004608151,0.9476322004608151,990.0,990.0,160.0,2.4,4,0
881,144,0,0.0,0.0,0.7476322004608151,0.9476322004608151,990.0,990.0,160.0,2.1999999999999997,4,0
882,143,0,0.0,0.0,0.7476322004608151,0.9476322004608151,990.0,990.0,160.0,2.1999999999999997,4,0
883,144,1,514.0,574.7666666666667,0.7476322004608151,0.9476322004608151,990.0,990.0,160.0,2.1999999999999997,4,0
884,144,0,0.0,0.0,0.7476322004608151,0.9476322004608151,990.0,990.0,160.0,2.1999999999999997,4,0
885,143,0,0.0,0.0,0.747995762273157,0.947995762273157,990.0,990.0,160.0,1.9999999999999998,3,0
886,142,0,0.0,0.0,0.747995762273157,0.947995762273157,990.0,990.0,160.0,1.9999999999999998,3,0
887,142,0,0.0,0.0,0.747995762273157,0.947995762273157,990.0,990.0,160.0,1.7999999999999998,3,0
888,142,0,0.0,0.0,0.747995762273157,0.947995762273157,990.0,990.0,160.0,1.7999999999999998,3,0
889,140,0,0.0,0.0,0.747995762273157,0.947995762273157,990.0,990.0,160.0,1.9999999999999998,3,0
890,140,0,0.0,0.0,0.7491055825424116,0.9491055825424115,990.0,990.0,160.0,1.7999999999999998,3,0
891,138,1,506.0,550.7666666666667,0.7491055825424116,0.9491055825424115,990.0,990.0,160.0,1.5999999999999999,3,0
892,136,0,0.0,0.0,0.7491055825424116,0.9491055825424115,990.0,990.0,160.0,1.7999999999999998,3,0
893,136,1,546.0,550.7666666666667,0.7491055825424116,0.9491055825424115,990.0,990.0,160.0,1.7999999999999998,3,0
894,137,2,546.0,550.7666666666667,0.7491055825424116,0.9491055825424115,990.0,990.0,160.0,1.7999999999999998,3,0
895,140,3,546.0,550.7666666666667,0.7506746387851506,0.9506746387851506,990.0,990.0,160.0,1.4,2,0
896,141,1,546.0,550.7666666666667,0.7506746387851506,0.9506746387851506,990.0,990.0,160.0,1.4,2,0
897,142,0,0.0,0.0,0.7506746387851506,0.9506746387851506,990.0,990.0,160.0,1.5999999999999999,3,0
898,142,1,546.0,550.7666666666667,0.7506746387851506,0.9506746387851506,990.0,990.0,160.0,1.5999999999999999,3,0
899,140,0,0.0,0.0,0.7506746387851506,0.9506746387851506,990.0,990.0,160.0,1.7999999999999998,3,0
900,137,0,0.0,0.0,0.7468628265676287,0.9468628265676287,990.0,990.0,160.0,1.9999999999999998,3,0
901,137,1,530.0,598.7666666666667,0.7468628265676287,0.9468628265676287,990.0,990.0,160.0,1.7999999999999998,3,0
902,137,0,0.0,0.0,0.7468628265676287,0.9468628265676287,990.0,990.0,160.0,1.7999999999999998,3,0
903,137,1,530.0,606.7666666666667,0.7468628265676287,0.9468628265676287,990.0,990.0,160.0,1.7999999999999998,3,0
904,137,0,0.0,0.0,0.7468628265676287,0.9468628265676287,990.0,990.0,160.0,1.7999999999999998,3,0
905,138,1,530.0,614.7666666666667,0.747781298514598,0.9477812985145979,990.0,990.0,160.0,1.5999999999999999,3,0
906,138,0,0.0,0.0,0.747781298514598,0.9477812985145979,990.0,990.0,160.0,1.5999999999999999,3,0
907,138,0,0.0,0.0,0.747781298514598,0.9477812985145979,990.0,990.0,160.0,1.5999999999999999,3,0
908,138,0,0.0,0.0,0.747781298514598,0.9477812985145979,990.0,990.0,160.0,1.7999999999999998,3,0
909,140,2,522.0,606.7666666666667,0.747781298514598,0.9477812985145979,990.0,990.0,160.0,1.5999999999999999,3,0
910,141,1,522.0,606.7666666666667,0.7441456803911781,0.9441456803911781,990.0,990.0,160.0,1.5999999999999999,3,0
911,142,1,522.0,606.7666666666667,0.7641456803911781,0.9441456803911781,990.0,990.0,144.0,1.2,2,0
912,142,0,0.0,0.0,0.7441456803911781,0.9441456803911781,990.0,990.0,160.0,1.2,2,0
913,144,1,522.0,606.7666666666667,0.7441456803911781,0.9441456803911781,990.0,990.0,160.0,1.2,2,0
914,144,0,0.0,0.0,0.7441456803911781,0.9441456803911781,990.0,990.0,160.0,1.0,2,0
915,146,2,522.0,590.7666666666667,0.7464801299230581,0.9464801299230581,990.0,990.0,160.0,1.4,2,0
916,148,1,522.0,590.7666666666667,0.7464801299230581,0.9464801299230581,990.0,990.0,160.0,1.4,2,0
917,151,2,514.0,590.7666666666667,0.7464801299230581,0.9464801299230581,990.0,990.0,160.0,1.5999999999999999,3,0
918,151,0,0.0,0.0,0.7464801299230581,0.9464801299230581,990.0,990.0,160.0,1.5999999999999999,3,0
919,151,0,0.0,0.0,0.7464801299230581,0.9464801299230581,990.0,990.0,160.0,1.5999999999999999,3,0
920,151,1,506.0,590.7666666666667,0.7520866357660159,0.9520866357660158,990.0,990.0,160.0,1.5999999999999999,3,0
921,152,2,514.0,590.7666666666667,0.7520866357660159,0.9520866357660158,990.0,990.0,160.0,1.5999999999999999,3,0
922,152,0,0.0,0.0,0.7520866357660159,0.9520866357660158,990.0,990.0,160.0,1.4,2,0
923,152,0,0.0,0.0,0.7520866357660159,0.9520866357660158,990.0,990.0,160.0,1.4,2,0
924,151,0,0.0,0.0,0.7520866357660159,0.9520866357660158,990.0,990.0,160.0,1.4,2,0
925,154,3,522.0,582.7666666666667,0.7544210852978959,0.9544210852978958,990.0,990.0,160.0,1.2,2,0
926,154,0,0.0,0.0,0.7544210852978959,0.9544210852978958,990.0,990.0,160.0,1.2,2,0
927,153,0,0.0,0.0,0.7544210852978959,0.9544210852978958,990.0,990.0,160.0,1.2,2,0
928,153,2,530.0,574.7666666666667,0.7544210852978959,0.9544210852978958,990.0,990.0,160.0,1.0,2,0
929,151,0,0.0,0.0,0.7544210852978959,0.9544210852978958,990.0,990.0,160.0,1.2,2,0
930,152,1,570.0,574.7666666666667,0.7563345685207483,0.9563345685207483,990.0,990.0,160.0,1.4,2,0
931,153,1,546.0,574.7666666666667,0.7563345685207483,0.9563345685207483,990.0,990.0,160.0,1.4,2,0
932,153,1,546.0,566.7666666666667,0.7563345685207483,0.9563345685207483,990.0,990.0,160.0,1.4,2,0
933,153,0,0.0,0.0,0.7563345685207483,0.9563345685207483,990.0,990.0,160.0,1.4,2,0
934,155,2,554.0,566.7666666666667,0.7563345685207483,0.9563345685207483,990.0,990.0,160.0,1.5999999999999999,3,0
935,151,0,0.0,0.0,0.7592621978517127,0.9592621978517126,990.0,990.0,160.0,1.9999999999999998,3,0
936,150,0,0.0,0.0,0.7592621978517127,0.9592621978517126,990.0,990.0,160.0,1.9999999999999998,3,0
937,150,0,0.0,0.0,0.7592621978517127,0.9592621978517126,990.0,990.0,160.0,1.9999999999999998,3,0
938,150,0,0.0,0.0,0.7592621978517127,0.9592621978517126,990.0,990.0,160.0,2.1999999999999997,4,0
939,152,2,546.0,566.7666666666667,0.7592621978517127,0.9592621978517126,990.0,990.0,160.0,2.4,4,0
940,151,1,546.0,566.7666666666667,0.7611374114101082,0.9611374114101081,990.0,990.0,160.0,1.9999999999999998,3,0
941,151,1,546.0,574.7666666666667,0.7611374114101082,0.9611374114101081,990.0,990.0,160.0,1.9999999999999998,3,0
942,152,1,546.0,574.7666666666667,0.7611374114101082,0.9611374114101081,990.0,990.0,160.0,1.9999999999999998,3,0
943,153,2,538.0,574.7666666666667,0.7611374114101082,0.9611374114101081,990.0,990.0,160.0,1.7999999999999998,3,0
944,153,1,538.0,574.7666666666667,0.7611374114101082,0.9611374114101081,990.0,990.0,160.0,1.9999999999999998,3,0
945,152,0,0.0,0.0,0.7639310969154727,0.9639310969154726,990.0,990.0,160.0,1.7999999999999998,3,0
946,153,1,538.0,566.7666666666667,0.7639310969154727,0.9639310969154726,990.0,990.0,160.0,2.1999999999999997,4,0
947,153,0,0.0,0.0,0.7639310969154727,0.9639310969154726,990.0,990.0,160.0,2.4,4,0
948,153,0,0.0,0.0,0.7639310969154727,0.9639310969154726,990.0,990.0,160.0,2.4,4,0
949,153,0,0.0,0.0,0.7639310969154727,0.9639310969154726,990.0,990.0,160.0,2.1999999999999997,4,0
950,154,1,538.0,566.7666666666667,0.7662846812795812,0.9662846812795811,990.0,990.0,160.0,2.1999999999999997,4,0
951,155,1,530.0,566.7666666666667,0.7662846812795812,0.9662846812795811,990.0,990.0,160.0,2.1999999999999997,4,0
952,155,0,0.0,0.0,0.7662846812795812,0.9662846812795811,990.0,990.0,160.0,2.1999999999999997,4,0
953,156,1,530.0,550.7666666666667,0.7662846812795812,0.9662846812795811,990.0,990.0,160.0,1.5999999999999999,3,0
954,159,2,530.0,550.7666666666667,0.7662846812795812,0.9662846812795811,990.0,990.0,160.0,1.4,2,0
955,159,0,0.0,0.0,0.7886191308114612,0.9686191308114611,990.0,990.0,144.0,1.2,2,0
956,160,1,530.0,542.7666666666667,0.7886191308114612,0.9686191308114611,990.0,990.0,144.0,1.4,2,0
957,161,0,0.0,0.0,0.7686191308114612,0.9686191308114611,990.0,990.0,160.0,1.4,2,0
958,161,0,0.0,0.0,0.7886191308114612,0.9686191308114611,990.0,990.0,144.0,1.4,2,0
959,161,1,538.0,542.7666666666667,0.7686191308114612,0.9686191308114611,990.0,990.0,160.0,1.4,2,0
960,161,1,538.0,542.7666666666667,0.7629180619148501,0.9629180619148501,990.0,990.0,160.0,1.4,2,0
961,162,1,538.0,542.7666666666667,0.7629180619148501,0.9629180619148501,990.0,990.0,160.0,1.4,2,0
962,163,1,538.0,542.7666666666667,0.7629180619148501,0.9629180619148501,990.0,990.0,160.0,1.2,2,0
963,163,0,0.0,0.0,0.7629180619148501,0.9629180619148501,990.0,990.0,160.0,1.2,2,0
964,161,0,0.0,0.0,0.7629180619148501,0.9629180619148501,990.0,990.0,160.0,1.4,2,0
965,162,1,546.0,550.7666666666667,0.7629180619148501,0.9629180619148501,990.0,990.0,160.0,1.7999999999999998,3,0
966,162,1,546.0,550.7666666666667,0.7629180619148501,0.9629180619148501,990.0,990.0,160.0,1.9999999999999998,3,0
967,163,2,538.0,542.7666666666667,0.7629180619148501,0.9629180619148501,990.0,990.0,160.0,1.9999999999999998,3,0
968,162,0,0.0,0.0,0.7629180619148501,0.9629180619148501,990.0,990.0,160.0,1.9999999999999998,3,0
969,163,0,0.0,0.0,0.7629180619148501,0.9629180619148501,990.0,990.0,160.0,1.9999999999999998,3,0
970,160,0,0.0,0.0,0.7645062529898177,0.9645062529898176,990.0,990.0,160.0,1.9999999999999998,3,0
971,160,1,562.0,566.7666666666667,0.7645062529898177,0.9645062529898176,990.0,990.0,160.0,1.7999999999999998,3,0
972,158,0,0.0,0.0,0.7645062529898177,0.9645062529898176,990.0,990.0,160.0,1.7999999999999998,3,0
973,158,1,570.0,574.7666666666667,0.7645062529898177,0.9645062529898176,990.0,990.0,160.0,1.7999999999999998,3,0
974,157,0,0.0,0.0,0.7645062529898177,0.9645062529898176,990.0,990.0,160.0,1.9999999999999998,3,0
975,156,0,0.0,0.0,0.7679696576231805,0.9679696576231804,990.0,990.0,160.0,1.9999999999999998,3,0
976,155,0,0.0,0.0,0.7679696576231805,0.9679696576231804,990.0,990.0,160.0,1.9999999999999998,3,0
977,152,0,0.0,0.0,0.7679696576231805,0.9679696576231804,990.0,990.0,160.0,2.1999999999999997,4,0
978,153,1,586.0,598.7666666666667,0.7679696576231805,0.9679696576231804,990.0,990.0,160.0,2.4,4,0
979,154,0,0.0,0.0,0.7679696576231805,0.9679696576231804,990.0,990.0,160.0,2.1999999999999997,4,0
980,158,4,586.0,590.7666666666667,0.7699022756782616,0.9699022756782616,990.0,990.0,160.0,2.1999999999999997,4,0
981,160,3,586.0,590.7666666666667,0.7699022756782616,0.9699022756782616,990.0,990.0,160.0,2.1999999999999997,4,0
982,163,1,586.0,590.7666666666667,0.7699022756782616,0.9699022756782616,990.0,990.0,160.0,2.4,4,0
983,163,0,0.0,0.0,0.7699022756782616,0.9699022756782616,990.0,990.0,160.0,2.1999999999999997,4,0
984,160,0,0.0,0.0,0.7699022756782616,0.9699022756782616,990.0,990.0,160.0,1.9999999999999998,3,0
985,159,2,554.0,606.7666666666667,0.7750112758832777,0.9750112758832776,990.0,990.0,160.0,1.4,2,0
986,158,1,554.0,622.7666666666667,0.7750112758832777,0.9750112758832776,990.0,990.0,160.0,1.4,2,0
987,158,1,554.0,630.7666666666667,0.7750112758832777,0.9750112758832776,990.0,990.0,160.0,1.5999999999999999,3,0
988,158,0,0.0,0.0,0.7750112758832777,0.9750112758832776,990.0,990.0,160.0,1.7999999999999998,3,0
989,159,1,554.0,646.7666666666667,0.7750112758832777,0.9750112758832776,990.0,990.0,160.0,1.7999999999999998,3,0
990,159,0,0.0,0.0,0.7785703546777831,0.9785703546777831,990.0,990.0,160.0,1.5999999999999999,3,0
991,161,2,546.0,646.7666666666667,0.7785703546777831,0.9785703546777831,990.0,990.0,160.0,1.5999999999999999,3,0
992,161,0,0.0,0.0,0.7785703546777831,0.9785703546777831,990.0,990.0,160.0,1.5999999999999999,3,0
993,161,0,0.0,0.0,0.7785703546777831,0.9785703546777831,990.0,990.0,160.0,1.5999999999999999,3,0
994,163,2,554.0,646.7666666666667,0.7785703546777831,0.9785703546777831,990.0,990.0,160.0,1.9999999999999998,3,0
995,165,2,554.0,646.7666666666667,0.7829522312581152,0.9829522312581151,990.0,990.0,160.0,2.1999999999999997,4,0
996,165,0,0.0,0.0,0.7829522312581152,0.9829522312581151,990.0,990.0,160.0,1.9999999999999998,3,0
997,166,0,0.0,0.0,0.7829522312581152,0.9829522312581151,990.0,990.0,160.0,1.9999999999999998,3,0
998,166,0,0.0,0.0,0.7829522312581152,0.9829522312581151,990.0,990.0,160.0,1.7999999999999998,3,0
999,166,0,0.0,0.0,0.7829522312581152,0.9829522312581151,990.0,990.0,160.0,1.7999999999999998,3,0
1000,168,3,546.0,622.7666666666667,0.785420624615595,0.985420624615595,990.0,990.0,160.0,1.5999999999999999,3,0
1001,168,1,554.0,614.7666666666667,0.785420624615595,0.985420624615595,990.0,990.0,160.0,1.4,2,0
1002,167,0,0.0,0.0,0.785420624615595,0.985420624615595,990.0,990.0,160.0,1.5999999999999999,3,0
1003,167,0,0.0,0.0,0.785420624615595,0.985420624615595,990.0,990.0,160.0,1.7999999999999998,3,0
1004,166,0,0.0,0.0,0.785420624615595,0.985420624615595,990.0,990.0,160.0,1.9999999999999998,3,0
1005,167,2,586.0,614.7666666666667,0.7897068270347845,0.9897068270347844,990.0,990.0,160.0,1.9999999999999998,3,0
1006,167,0,0.0,0.0,0.7897068270347845,0.9897068270347844,990.0,990.0,160.0,1.9999999999999998,3,0
1007,168,1,594.0,614.7666666666667,0.7897068270347845,0.9897068270347844,990.0,990.0,160.0,2.1999999999999997,4,0
1008,169,1,594.0,614.7666666666667,0.7897068270347845,0.9897068270347844,990.0,990.0,160.0,1.9999999999999998,3,0
1009,169,1,594.0,614.7666666666667,0.7897068270347845,0.9897068270347844,990.0,990.0,160.0,1.7999999999999998,3,0
1010,168,1,594.0,614.7666666666667,0.793189366500376,0.9931893665003759,990.0,990.0,160.0,1.5999999999999999,3,0
1011,168,0,0.0,0.0,0.793189366500376,0.9931893665003759,990.0,990.0,160.0,1.4,2,0
1012,168,0,0.0,0.0,0.793189366500376,0.9931893665003759,990.0,990.0,160.0,1.2,2,0
1013,166,2,594.0,606.7666666666667,0.793189366500376,0.9931893665003759,990.0,990.0,160.0,1.2,2,0
1014,166,0,0.0,0.0,0.793189366500376,0.9931893665003759,990.0,990.0,160.0,1.2,2,0
1015,165,0,0.0,0.0,0.7956960295223126,0.9956960295223125,990.0,990.0,160.0,1.4,2,0
1016,166,1,594.0,598.7666666666667,0.7956960295223126,0.9956960295223125,990.0,990.0,160.0,1.2,2,0
1017,167,1,594.0,598.7666666666667,0.7956960295223126,0.9956960295223125,990.0,990.0,160.0,1.4,2,0
1018,169,2,594.0,598.7666666666667,0.7956960295223126,0.9956960295223125,990.0,990.0,160.0,1.4,2,0
1019,169,3,594.0,598.7666666666667,0.7956960295223126,0.9956960295223125,990.0,990.0,160.0,1.5999999999999999,3,0
1020,171,2,594.0,598.7666666666667,0.9689955554896064,1.0,990.0,990.0,160.0,1.7999999999999998,3,0
1021,172,1,594.0,598.7666666666667,0.9689955554896064,1.0,990.0,990.0,160.0,1.9999999999999998,3,0
1022,172,1,586.0,590.7666666666667,0.9689955554896064,1.0,990.0,990.0,160.0,1.9999999999999998,3,0
1023,172,2,594.0,598.7666666666667,0.9689955554896064,1.0,990.0,990.0,160.0,2.4,4,0
1024,169,0,0.0,0.0,0.9689955554896064,1.0,990.0,990.0,160.0,1.9999999999999998,3,0
1025,166,1,594.0,630.7666666666667,0.9718466454916566,1.0,990.0,990.0,160.0,1.9999999999999998,3,0
1026,166,1,594.0,662.7666666666667,0.9718466454916566,1.0,990.0,990.0,160.0,1.9999999999999998,3,0
1027,166,3,594.0,662.7666666666667,0.9718466454916566,1.0,990.0,990.0,160.0,1.9999999999999998,3,0
1028,165,0,0.0,0.0,0.9718466454916566,1.0,990.0,990.0,160.0,1.9999999999999998,3,0
1029,164,0,0.0,0.0,0.9718466454916566,1.0,990.0,990.0,160.0,1.7999999999999998,3,0
1030,164,0,0.0,0.0,0.9765920838843305,1.0,990.0,990.0,160.0,1.7999999999999998,3,0
1031,164,0,0.0,0.0,0.9765920838843305,1.0,990.0,990.0,160.0,1.7999999999999998,3,0
1032,164,1,578.0,694.7666666666667,0.9765920838843305,1.0,990.0,990.0,160.0,1.7999999999999998,3,0
1033,165,0,0.0,0.0,0.9765920838843305,1.0,990.0,990.0,160.0,1.5999999999999999,3,0
1034,166,1,578.0,686.7666666666667,0.9765920838843305,1.0,990.0,990.0,160.0,2.1999999999999997,4,0
1035,168,1,578.0,686.7666666666667,0.9807826121423775,1.0,990.0,990.0,160.0,1.9999999999999998,3,0
1036,168,0,0.0,0.0,0.9807826121423775,1.0,990.0,990.0,160.0,2.4,4,0
1037,168,0,0.0,0.0,0.9807826121423775,1.0,990.0,990.0,160.0,2.4,4,0
1038,169,1,578.0,686.7666666666667,0.9807826121423775,1.0,990.0,990.0,160.0,2.4,4,0
1039,170,1,578.0,686.7666666666667,0.9807826121423775,1.0,990.0,990.0,160.0,2.4,4,0
1040,171,1,578.0,686.7666666666667,0.9842268819435118,1.0,990.0,990.0,160.0,2.1999999999999997,4,0
1041,173,2,570.0,686.7666666666667,0.9842268819435118,1.0,990.0,990.0,160.0,1.9999999999999998,3,0
1042,175,2,570.0,670.7666666666667,0.9842268819435118,1.0,990.0,990.0,160.0,1.5999999999999999,3,0
1043,175,0,0.0,0.0,0.9842268819435118,1.0,990.0,990.0,160.0,1.5999999999999999,3,0
1044,177,2,562.0,670.7666666666667,0.9842268819435118,1.0,990.0,990.0,160.0,1.5999999999999999,3,0
1045,179,2,562.0,662.7666666666667,1.0,1.0,990.0,990.0,145.6,1.5999999999999999,3,0
1046,180,1,562.0,662.7666666666667,1.0,1.0,990.0,990.0,145.6,1.5999999999999999,3,0
1047,180,0,0.0,0.0,0.9893932866452135,1.0,990.0,990.0,160.0,1.5999999999999999,3,0
1048,183,1,562.0,662.7666666666667,0.9893932866452135,1.0,990.0,990.0,160.0,1.5999999999999999,3,0
1049,184,1,554.0,662.7666666666667,1.0,1.0,990.0,990.0,145.6,1.2,2,0
1050,185,1,554.0,662.7666666666667,0.9934116014132037,1.0,990.0,990.0,160.0,1.2,2,0
1051,187,1,554.0,654.7666666666667,0.9934116014132037,1.0,990.0,990.0,160.0,0.8,1,0
1052,188,0,0.0,0.0,0.9934116014132037,1.0,990.0,990.0,160.0,1.0,2,0
1053,188,1,554.0,654.7666666666667,0.9934116014132037,1.0,990.0,990.0,160.0,1.2,2,0
1054,190,1,562.0,654.7666666666667,0.9934116014132037,1.0,990.0,990.0,160.0,1.2,2,0
1055,191,1,562.0,654.7666666666667,0.9977743431613073,1.0,990.0,990.0,160.0,1.4,2,0
1056,190,1,562.0,654.7666666666667,0.9977743431613073,1.0,990.0,990.0,160.0,1.5999999999999999,3,0
1057,191,2,578.0,654.7666666666667,0.9977743431613073,1.0,990.0,990.0,160.0,1.5999999999999999,3,0
1058,192,2,586.0,654.7666666666667,0.9977743431613073,1.0,990.0,990.0,160.0,1.5999999999999999,3,0
1059,193,1,594.0,654.7666666666667,0.9977743431613073,1.0,990.0,990.0,160.0,1.7999999999999998,3,0
1060,194,0,0.0,0.0,1.0,1.0,990.0,990.0,160.0,1.7999999999999998,3,0
1061,195,2,602.0,654.7666666666667,1.0,1.0,990.0,990.0,160.0,1.9999999999999998,3,0
1062,195,0,0.0,0.0,1.0,1.0,990.0,990.0,160.0,1.9999999999999998,3,0
1063,195,0,0.0,0.0,1.0,1.0,990.0,990.0,160.0,1.9999999999999998,3,0
1064,194,0,0.0,0.0,1.0,1.0,990.0,990.0,160.0,1.7999999999999998,3,0
1065,194,0,0.0,0.0,1.0,1.0,990.0,990.0,160.0,1.5999999999999999,3,0
1066,193,0,0.0,0.0,1.0,1.0,990.0,990.0,160.0,1.4,2,0
1067,193,0,0.0,0.0,1.0,1.0,990.0,990.0,160.0,1.5999999999999999,3,0
1068,191,1,578.0,638.7666666666667,1.0,1.0,990.0,990.0,160.0,1.4,2,0
1069,190,0,0.0,0.0,1.0,1.0,990.0,990.0,160.0,1.4,2,0
1070,188,0,0.0,0.0,1.0,1.0,990.0,990.0,160.0,1.4,2,0
1071,187,1,578.0,638.7666666666667,1.0,1.0,990.0,990.0,160.0,1.5999999999999999,3,0
1072,186,0,0.0,0.0,1.0,1.0,990.0,990.0,160.0,1.7999999999999998,3,0
1073,185,0,0.0,0.0,1.0,1.0,990.0,990.0,160.0,1.7999999999999998,3,0
1074,184,0,0.0,0.0,1.0,1.0,990.0,990.0,160.0,1.9999999999999998,3,0
1075,183,1,578.0,638.7666666666667,1.0,1.0,990.0,990.0,160.0,2.1999999999999997,4,0
1076,185,2,570.0,638.7666666666667,1.0,1.0,990.0,990.0,160.0,1.7999999999999998,3,0
1077,187,2,570.0,638.7666666666667,1.0,1.0,990.0,990.0,160.0,1.7999999999999998,3,0
1078,187,1,570.0,630.7666666666667,1.0,1.0,990.0,990.0,160.0,1.5999999999999999,3,0
1079,186,1,570.0,630.7666666666667,1.0,1.0,990.0,990.0,160.0,1.5999999999999999,3,0
1080,186,0,0.0,0.0,1.0,1.0,990.0,990.0,160.0,1.5999999999999999,3,0
1081,186,1,578.0,630.7666666666667,1.0,1.0,990.0,990.0,160.0,1.5999999999999999,3,0
1082,185,1,578.0,630.7666666666667,1.0,1.0,990.0,990.0,160.0,1.5999999999999999,3,0
1083,183,0,0.0,0.0,1.0,1.0,990.0,990.0,160.0,1.5999999999999999,3,0
1084,185,2,578.0,630.7666666666667,1.0,1.0,990.0,990.0,160.0,1.7999999999999998,3,0
1085,181,0,0.0,0.0,1.0,1.0,990.0,990.0,160.0,1.7999999999999998,3,0
1086,180,0,0.0,0.0,1.0,1.0,990.0,990.0,160.0,1.7999999999999998,3,0
1087,181,2,594.0,630.7666666666667,1.0,1.0,990.0,990.0,160.0,1.7999999999999998,3,0
1088,182,1,594.0,630.7666666666667,1.0,1.0,990.0,990.0,160.0,1.5999999999999999,3,0
1089,182,1,578.0,630.7666666666667,1.0,1.0,990.0,990.0,160.0,1.5999999999999999,3,0
1090,184,2,586.0,630.7666666666667,1.0,1.0,990.0,990.0,160.0,1.5999999999999999,3,0
1091,185,1,586.0,630.7666666666667,1.0,1.0,990.0,990.0,160.0,1.5999999999999999,3,0
1092,184,1,586.0,622.7666666666667,1.0,1.0,990.0,990.0,160.0,1.4,2,0
1093,183,0,0.0,0.0,1.0,1.0,990.0,990.0,160.0,1.4,2,0
1094,183,0,0.0,0.0,1.0,1.0,990.0,990.0,160.0,1.2,2,0
1095,182,1,602.0,614.7666666666667,1.0,1.0,990.0,990.0,160.0,1.2,2,0
1096,182,0,0.0,0.0,1.0,1.0,990.0,990.0,160.0,1.0,2,0
1097,181,0,0.0,0.0,1.0,1.0,990.0,990.0,145.6,1.0,2,0
1098,179,0,0.0,0.0,1.0,1.0,990.0,990.0,145.6,1.0,2,0
1099,178,1,594.0,598.7666666666667,1.0,1.0,990.0,990.0,160.0,1.0,2,0
1100,179,1,594.0,598.7666666666667,1.0,1.0,990.0,990.0,160.0,1.4,2,0
1101,178,0,0.0,0.0,1.0,1.0,990.0,990.0,160.0,1.4,2,0
1102,179,1,594.0,598.7666666666667,1.0,1.0,990.0,990.0,160.0,1.4,2,0
1103,179,0,0.0,0.0,1.0,1.0,990.0,990.0,160.0,1.4,2,0
1104,178,0,0.0,0.0,1.0,1.0,990.0,990.0,160.0,1.7999999999999998,3,0
1105,175,0,0.0,0.0,1.0,1.0,990.0,990.0,160.0,1.9999999999999998,3,0
1106,174,0,0.0,0.0,1.0,1.0,990.0,990.0,160.0,1.9999999999999998,3,0
1107,175,2,610.0,614.7666666666667,1.0,1.0,990.0,990.0,160.0,1.9999999999999998,3,0
1108,174,1,610.0,614.7666666666667,1.0,1.0,990.0,990.0,160.0,1.9999999999999998,3,0
1109,173,1,618.0,622.7666666666667,1.0,1.0,990.0,990.0,160.0,2.1999999999999997,4,0
1110,175,2,618.0,622.7666666666667,1.0,1.0,990.0,990.0,160.0,2.6,5,0
1111,176,1,618.0,622.7666666666667,1.0,1.0,990.0,990.0,160.0,2.6,5,0
1112,177,1,610.0,614.7666666666667,1.0,1.0,990.0,990.0,160.0,2.4,4,0
1113,174,0,0.0,0.0,1.0,1.0,990.0,990.0,160.0,2.4,4,0
1114,173,0,0.0,0.0,1.0,1.0,990.0,990.0,160.0,2.6,5,0
1115,173,0,0.0,0.0,1.0,1.0,990.0,990.0,160.0,2.6,5,0
1116,170,0,0.0,0.0,1.0,1.0,990.0,990.0,160.0,2.6,5,0
1117,171,0,0.0,0.0,1.0,1.0,990.0,990.0,160.0,2.6,5,0
1118,170,0,0.0,0.0,1.0,1.0,990.0,990.0,160.0,2.1999999999999997,4,0
1119,172,2,666.0,670.7666666666667,1.0,1.0,990.0,990.0,160.0,2.4,4,0
1120,173,1,658.0,662.7666666666667,1.0,1.0,990.0,990.0,160.0,1.9999999999999998,3,0
1121,174,1,658.0,662.7666666666667,1.0,1.0,990.0,990.0,160.0,1.9999999999999998,3,0
1122,174,0,0.0,0.0,1.0,1.0,990.0,990.0,160.0,1.9999999999999998,3,0
1123,175,1,658.0,662.7666666666667,1.0,1.0,990.0,990.0,160.0,1.9999999999999998,3,0
1124,176,2,658.0,662.7666666666667,1.0,1.0,990.0,990.0,160.0,1.7999999999999998,3,0
1125,176,1,658.0,662.7666666666667,1.0,1.0,990.0,990.0,145.6,1.4,2,0
1126,175,0,0.0,0.0,1.0,1.0,990.0,990.0,145.6,1.4,2,0
1127,174,0,0.0,0.0,1.0,1.0,990.0,990.0,145.6,1.4,2,0
1128,179,4,674.0,678.7666666666667,1.0,1.0,990.0,990.0,145.6,1.2,2,0
1129,177,1,682.0,686.7666666666667,1.0,1.0,990.0,990.0,145.6,1.4,2,0
1130,177,0,0.0,0.0,1.0,1.0,990.0,990.0,145.6,1.2,2,0
1131,179,1,682.0,710.7666666666667,1.0,1.0,990.0,990.0,145.6,1.0,2,0
1132,179,0,0.0,0.0,1.0,1.0,990.0,990.0,145.6,1.0,2,0
1133,179,1,682.0,702.7666666666667,1.0,1.0,990.0,990.0,145.6,0.8,1,0
1134,176,0,0.0,0.0,1.0,1.0,990.0,990.0,145.6,0.6000000000000001,1,0
1135,176,1,674.0,726.7666666666667,1.0,1.0,990.0,990.0,160.0,1.0,2,0
1136,176,0,0.0,0.0,1.0,1.0,990.0,990.0,145.6,0.8,1,0
1137,178,2,674.0,726.7666666666667,1.0,1.0,990.0,990.0,160.0,1.0,2,0
1138,179,1,674.0,726.7666666666667,1.0,1.0,990.0,990.0,160.0,1.0,2,0
1139,180,1,674.0,726.7666666666667,1.0,1.0,990.0,990.0,160.0,1.4,2,0
1140,181,1,674.0,726.7666666666667,1.0,1.0,990.0,990.0,160.0,1.5999999999999999,3,0
1141,181,0,0.0,0.0,1.0,1.0,990.0,990.0,160.0,1.5999999999999999,3,0
1142,182,1,666.0,726.7666666666667,1.0,1.0,990.0,990.0,145.6,1.5999999999999999,3,0
1143,183,1,666.0,726.7666666666667,1.0,1.0,990.0,990.0,160.0,1.5999999999999999,3,0
1144,184,1,666.0,726.7666666666667,1.0,1.0,990.0,990.0,160.0,1.5999999999999999,3,0
1145,185,1,666.0,726.7666666666667,1.0,1.0,990.0,990.0,160.0,1.5999999999999999,3,0
1146,185,0,0.0,0.0,1.0,1.0,990.0,990.0,160.0,1.4,2,0
1147,185,0,0.0,0.0,1.0,1.0,990.0,990.0,160.0,1.5999999999999999,3,0
1148,186,1,666.0,726.7666666666667,1.0,1.0,990.0,990.0,160.0,1.5999999999999999,3,0
1149,185,0,0.0,0.0,1.0,1.0,990.0,990.0,145.6,1.5999999999999999,3,0
1150,186,1,674.0,726.7666666666667,1.0,1.0,990.0,990.0,160.0,1.5999999999999999,3,0
1151,186,1,674.0,726.7666666666667,1.0,1.0,990.0,990.0,160.0,1.5999999999999999,3,0
1152,186,1,682.0,726.7666666666667,1.0,1.0,990.0,990.0,160.0,1.5999999999999999,3,0
1153,185,0,0.0,0.0,1.0,1.0,990.0,990.0,160.0,1.5999999999999999,3,0
1154,186,0,0.0,0.0,1.0,1.0,990.0,990.0,160.0,1.4,2,0
1155,187,1,690.0,726.7666666666667,1.0,1.0,990.0,990.0,160.0,1.5999999999999999,3,0
1156,186,0,0.0,0.0,1.0,1.0,990.0,990.0,160.0,1.5999999999999999,3,0
1157,184,0,0.0,0.0,1.0,1.0,990.0,990.0,160.0,1.4,2,0
1158,182,0,0.0,0.0,1.0,1.0,990.0,990.0,160.0,1.5999999999999999,3,0
1159,181,0,0.0,0.0,1.0,1.0,990.0,990.0,160.0,1.7999999999999998,3,0
1160,181,0,0.0,0.0,1.0,1.0,990.0,990.0,160.0,1.9999999999999998,3,0
1161,182,2,698.0,710.7666666666667,1.0,1.0,990.0,990.0,160.0,1.7999999999999998,3,0
1162,184,2,690.0,710.7666666666667,1.0,1.0,990.0,990.0,160.0,1.5999999999999999,3,0
1163,184,1,690.0,710.7666666666667,1.0,1.0,990.0,990.0,160.0,1.9999999999999998,3,0
1164,184,0,0.0,0.0,1.0,1.0,990.0,990.0,160.0,1.5999999999999999,3,0
1165,186,2,690.0,710.7666666666667,1.0,1.0,990.0,990.0,160.0,1.7999999999999998,3,0
1166,188,2,690.0,710.7666666666667,1.0,1.0,990.0,990.0,160.0,1.9999999999999998,3,0
1167,189,1,690.0,702.7666666666667,1.0,1.0,990.0,990.0,160.0,1.7999999999999998,3,0
1168,189,0,0.0,0.0,1.0,1.0,990.0,990.0,160.0,1.7999999999999998,3,0
1169,188,0,0.0,0.0,1.0,1.0,990.0,990.0,160.0,1.7999999999999998,3,0
1170,186,0,0.0,0.0,1.0,1.0,990.0,990.0,160.0,1.7999999999999998,3,0
1171,186,0,0.0,0.0,1.0,1.0,990.0,990.0,160.0,1.5999999999999999,3,0
1172,186,0,0.0,0.0,1.0,1.0,990.0,990.0,160.0,1.5999999999999999,3,0
1173,187,1,682.0,694.7666666666667,1.0,1.0,990.0,990.0,160.0,1.5999999999999999,3,0
1174,188,1,682.0,694.7666666666667,1.0,1.0,990.0,990.0,160.0,1.5999999999999999,3,0
1175,189,1,674.0,678.7666666666667,1.0,1.0,990.0,990.0,160.0,1.4,2,0
1176,189,0,0.0,0.0,1.0,1.0,990.0,990.0,160.0,1.5999999999999999,3,0
1177,190,0,0.0,0.0,1.0,1.0,990.0,990.0,160.0,1.4,2,0
1178,190,0,0.0,0.0,1.0,1.0,990.0,990.0,160.0,1.4,2,0
1179,190,0,0.0,0.0,1.0,1.0,990.0,990.0,160.0,1.5999999999999999,3,0
1180,190,1,674.0,678.7666666666667,1.0,1.0,990.0,990.0,160.0,1.7999999999999998,3,0
1181,190,0,0.0,0.0,1.0,1.0,990.0,990.0,160.0,1.7999999999999998,3,0
1182,190,0,0.0,0.0,1.0,1.0,990.0,990.0,160.0,1.9999999999999998,3,0
1183,190,0,0.0,0.0,1.0,1.0,990.0,990.0,160.0,1.9999999999999998,3,0
1184,190,0,0.0,0.0,1.0,1.0,990.0,990.0,160.0,1.9999999999999998,3,0
1185,190,0,0.0,0.0,1.0,1.0,990.0,990.0,160.0,1.7999999999999998,3,0
1186,189,1,666.0,686.7666666666667,1.0,1.0,990.0,990.0,160.0,1.5999999999999999,3,0
1187,189,0,0.0,0.0,1.0,1.0,990.0,990.0,160.0,1.7999999999999998,3,0
1188,190,2,666.0,694.7666666666667,1.0,1.0,990.0,990.0,160.0,1.7999999999999998,3,0
1189,191,1,690.0,694.7666666666667,1.0,1.0,990.0,990.0,160.0,1.9999999999999998,3,0
1190,191,0,0.0,0.0,1.0,1.0,990.0,990.0,160.0,2.1999999999999997,4,0
1191,190,1,674.0,686.7666666666667,1.0,1.0,990.0,990.0,160.0,1.9999999999999998,3,0
1192,190,0,0.0,0.0,1.0,1.0,990.0,990.0,160.0,1.9999999999999998,3,0
1193,191,2,682.0,686.7666666666667,1.0,1.0,990.0,990.0,160.0,1.9999999999999998,3,0
1194,192,1,674.0,678.7666666666667,1.0,1.0,990.0,990.0,160.0,1.4,2,0
1195,191,0,0.0,0.0,1.0,1.0,990.0,990.0,160.0,1.5999999999999999,3,0
1196,193,2,682.0,686.7666666666667,1.0,1.0,990.0,990.0,160.0,1.5999999999999999,3,0
1197,192,0,0.0,0.0,1.0,1.0,990.0,990.0,160.0,1.7999999999999998,3,0
1198,190,1,690.0,694.7666666666667,1.0,1.0,990.0,990.0,160.0,1.9999999999999998,3,0
1199,185,0,0.0,0.0,1.0,1.0,990.0,990.0,160.0,1.9999999999999998,3,0
1200,185,0,0.0,0.0,0.8563261122121233,1.0,990.0,990.0,160.0,2.1999999999999997,4,0
1201,185,1,706.0,710.7666666666667,0.8563261122121233,1.0,990.0,990.0,160.0,2.4,4,0
1202,184,1,714.0,718.7666666666667,0.8563261122121233,1.0,990.0,990.0,160.0,2.666666666666667,5,0
1203,184,0,0.0,0.0,0.8563261122121233,1.0,990.0,990.0,160.0,2.666666666666667,5,0
1204,185,1,714.0,718.7666666666667,0.8563261122121233,1.0,990.0,990.0,160.0,2.6,5,0
1205,185,0,0.0,0.0,0.8574933369780633,1.0,990.0,990.0,160.0,2.1999999999999997,4,0
1206,188,2,706.0,718.7666666666667,0.8574933369780633,1.0,990.0,990.0,160.0,2.4,4,0
1207,189,3,706.0,710.7666666666668,0.8574933369780633,1.0,990.0,990.0,160.0,2.1999999999999997,4,0
1208,191,1,706.0,718.7666666666667,0.8574933369780633,1.0,990.0,990.0,160.0,1.7999999999999998,3,0
1209,192,1,714.0,718.7666666666667,0.8574933369780633,1.0,990.0,990.0,160.0,1.7999999999999998,3,0
1210,193,2,710.0,718.7666666666667,0.8585840224150894,1.0,990.0,990.0,160.0,1.9999999999999998,3,0
1211,191,0,0.0,0.0,0.8585840224150894,1.0,990.0,990.0,160.0,1.9999999999999998,3,0
1212,189,0,0.0,0.0,0.8585840224150894,1.0,990.0,990.0,160.0,1.5999999999999999,3,0
1213,187,0,0.0,0.0,0.8585840224150894,1.0,990.0,990.0,160.0,1.5999999999999999,3,0
1214,188,1,698.0,750.7666666666667,0.8585840224150894,1.0,990.0,990.0,160.0,1.5999999999999999,3,0
1215,187,0,0.0,0.0,0.8586414269117748,1.0,990.0,990.0,160.0,1.5999999999999999,3,0
1216,188,1,674.0,750.7666666666667,0.8586414269117748,1.0,990.0,990.0,160.0,1.2,2,0
1217,187,0,0.0,0.0,0.8586414269117748,1.0,990.0,990.0,160.0,1.2,2,0
1218,187,0,0.0,0.0,0.8586414269117748,1.0,990.0,990.0,160.0,1.5999999999999999,3,0
1219,189,2,674.0,750.7666666666667,0.8586414269117748,1.0,990.0,990.0,160.0,1.5999999999999999,3,0
1220,189,0,0.0,0.0,0.8600000000000001,1.0,990.0,990.0,160.0,1.5999999999999999,3,0
1221,189,0,0.0,0.0,0.8600000000000001,1.0,990.0,990.0,160.0,1.4,2,0
1222,188,0,0.0,0.0,0.8780000000000001,1.0,990.0,990.0,145.6,1.2,2,0
1223,188,0,0.0,0.0,0.8780000000000001,1.0,990.0,990.0,145.6,1.0,2,0
1224,187,0,0.0,0.0,0.8780000000000001,1.0,990.0,990.0,145.6,1.0,2,0
1225,186,1,682.0,742.7666666666667,0.8777703820132579,1.0,990.0,990.0,145.6,1.2,2,0
1226,188,1,698.0,742.7666666666667,0.8777703820132579,1.0,990.0,990.0,145.6,1.2,2,0
1227,192,4,698.0,742.7666666666667,0.8597703820132578,1.0,990.0,990.0,160.0,1.2,2,0
1228,194,2,698.0,742.7666666666667,0.8597703820132578,1.0,990.0,990.0,160.0,1.4,2,0
1229,194,0,0.0,0.0,0.8777703820132579,1.0,990.0,990.0,145.6,1.2,2,0
1230,194,0,0.0,0.0,0.8757420897970343,1.0,990.0,990.0,145.6,1.0,2,0
1231,193,0,0.0,0.0,0.8757420897970343,1.0,990.0,990.0,145.6,1.2,2,0
1232,194,1,698.0,742.7666666666667,0.8757420897970343,1.0,990.0,990.0,145.6,1.4,2,0
1233,194,1,698.0,742.7666666666667,0.8757420897970343,1.0,990.0,990.0,145.6,1.4,2,0
1234,194,0,0.0,0.0,0.8577420897970343,1.0,990.0,990.0,160.0,1.4,2,0
1235,194,0,0.0,0.0,0.8563643818765805,1.0,990.0,990.0,160.0,1.4,2,0
1236,196,2,706.0,742.7666666666667,0.8563643818765805,1.0,990.0,990.0,160.0,1.4,2,0
1237,195,0,0.0,0.0,0.8563643818765805,1.0,990.0,990.0,160.0,1.4,2,0
1238,195,0,0.0,0.0,0.8563643818765805,1.0,990.0,990.0,160.0,1.5999999999999999,3,0
1239,196,0,0.0,0.0,0.8563643818765805,1.0,990.0,990.0,160.0,1.7999999999999998,3,0
1240,196,1,714.0,742.7666666666667,0.8547187863049273,1.0,990.0,990.0,160.0,1.7999999999999998,3,0
1241,198,2,714.0,742.7666666666667,0.8547187863049273,1.0,990.0,990.0,160.0,1.5999999999999999,3,0
1242,198,0,0.0,0.0,0.8547187863049273,1.0,990.0,990.0,160.0,1.7999999999999998,3,0
1243,199,1,722.0,742.7666666666667,0.8547187863049273,1.0,990.0,990.0,160.0,1.7999999999999998,3,0
1244,196,0,0.0,0.0,0.8547187863049273,1.0,990.0,990.0,160.0,1.7999999999999998,3,0
1245,196,2,730.0,742.7666666666667,0.8535132918745303,1.0,990.0,990.0,160.0,2.1999999999999997,4,0
1246,196,0,0.0,0.0,0.8535132918745303,1.0,990.0,990.0,160.0,2.4,4,0
1247,197,1,722.0,734.7666666666667,0.8535132918745303,1.0,990.0,990.0,160.0,2.1999999999999997,4,0
1248,196,0,0.0,0.0,0.8535132918745303,1.0,990.0,990.0,160.0,2.4,4,0
1249,196,1,714.0,726.7666666666667,0.8535132918745303,1.0,990.0,990.0,160.0,2.1999999999999997,4,0
1250,196,2,718.0,726.7666666666667,0.8530157862365886,1.0,990.0,990.0,160.0,2.1999999999999997,4,0
1251,196,0,0.0,0.0,0.8530157862365886,1.0,990.0,990.0,160.0,1.9999999999999998,3,0
1252,198,1,714.0,718.7666666666667,0.8530157862365886,1.0,990.0,990.0,160.0,1.9999999999999998,3,0
1253,198,0,0.0,0.0,0.8530157862365886,1.0,990.0,990.0,160.0,2.1999999999999997,4,0
1254,198,1,714.0,718.7666666666667,0.8530157862365886,1.0,990.0,990.0,160.0,2.1999999999999997,4,0
1255,198,2,714.0,718.7666666666667,0.8510448985170505,1.0,990.0,990.0,160.0,1.9999999999999998,3,0
1256,197,0,0.0,0.0,0.8510448985170505,1.0,990.0,990.0,160.0,1.5999999999999999,3,0
1257,197,0,0.0,0.0,0.8510448985170505,1.0,990.0,990.0,160.0,1.5999999999999999,3,0
1258,200,3,714.0,726.7666666666668,0.8510448985170505,1.0,990.0,990.0,160.0,1.4,2,0
1259,199,1,714.0,726.7666666666667,0.8510448985170505,1.0,990.0,990.0,160.0,1.5999999999999999,3,0
1260,198,0,0.0,0.0,0.8413829193491349,1.0,990.0,990.0,160.0,1.5999999999999999,3,0
1261,198,1,714.0,742.7666666666667,0.8413829193491349,1.0,990.0,990.0,160.0,1.7999999999999998,3,0
1262,199,1,714.0,750.7666666666667,0.8413829193491349,1.0,990.0,990.0,160.0,1.7999999999999998,3,0
1263,199,0,0.0,0.0,0.8413829193491349,1.0,990.0,990.0,160.0,2.4,4,0
1264,200,1,706.0,750.7666666666667,0.8413829193491349,1.0,990.0,990.0,160.0,2.6,5,0
1265,200,0,0.0,0.0,0.8414020541813634,1.0,990.0,990.0,160.0,2.6,5,0
1266,202,1,698.0,750.7666666666667,0.8414020541813634,1.0,990.0,990.0,160.0,2.4,4,0
1267,203,1,698.0,750.7666666666667,0.8414020541813634,1.0,990.0,990.0,160.0,2.4,4,0
1268,203,0,0.0,0.0,0.8414020541813634,1.0,990.0,990.0,160.0,2.4,4,0
1269,205,2,698.0,750.7666666666667,0.8414020541813634,1.0,990.0,990.0,160.0,2.1999999999999997,4,0
1270,205,1,698.0,734.7666666666667,0.8427414924373602,1.0,990.0,990.0,160.0,1.7999999999999998,3,0
1271,205,0,0.0,0.0,0.8427414924373602,1.0,990.0,990.0,160.0,1.7999999999999998,3,0
1272,205,0,0.0,0.0,0.8427414924373602,1.0,990.0,990.0,160.0,1.9999999999999998,3,0
1273,205,2,698.0,734.7666666666667,0.8427414924373602,1.0,990.0,990.0,160.0,1.7999999999999998,3,0
1274,205,0,0.0,0.0,0.8427414924373602,1.0,990.0,990.0,160.0,1.5999999999999999,3,0
1275,206,1,706.0,734.7666666666667,0.8416316721681056,1.0,990.0,990.0,160.0,1.5999999999999999,3,0
1276,206,0,0.0,0.0,0.8416316721681056,1.0,990.0,990.0,160.0,1.7999999999999998,3,0
1277,207,1,706.0,734.7666666666667,0.8416316721681056,1.0,990.0,990.0,160.0,1.9999999999999998,3,0
1278,208,1,706.0,726.7666666666667,0.8416316721681056,1.0,990.0,990.0,160.0,1.7999999999999998,3,0
1279,207,0,0.0,0.0,0.8416316721681056,1.0,990.0,990.0,160.0,1.7999999999999998,3,0
1280,208,1,714.0,726.7666666666667,0.8403879080732517,1.0,990.0,990.0,160.0,1.7999999999999998,3,0
1281,209,1,714.0,726.7666666666667,0.8403879080732517,1.0,990.0,990.0,160.0,1.7999999999999998,3,0
1282,209,0,0.0,0.0,0.8403879080732517,1.0,990.0,990.0,160.0,1.7999999999999998,3,0
1283,210,1,714.0,726.7666666666667,0.8403879080732517,1.0,990.0,990.0,160.0,1.7999999999999998,3,0
1284,210,0,0.0,0.0,0.8403879080732517,1.0,990.0,990.0,160.0,2.1999999999999997,4,0
1285,211,1,722.0,726.7666666666667,0.8379003798835434,1.0,990.0,990.0,160.0,2.1999999999999997,4,0
1286,209,0,0.0,0.0,0.8379003798835434,1.0,990.0,990.0,160.0,2.1999999999999997,4,0
1287,212,2,722.0,726.7666666666667,0.8379003798835434,1.0,990.0,990.0,160.0,1.9999999999999998,3,0
1288,213,2,722.0,726.7666666666667,0.8379003798835434,1.0,990.0,990.0,160.0,1.9999999999999998,3,0
1289,212,0,0.0,0.0,0.8379003798835434,1.0,990.0,990.0,160.0,1.7999999999999998,3,0
1290,213,1,722.0,726.7666666666667,0.8350875595459504,1.0,990.0,990.0,160.0,1.5999999999999999,3,0
1291,212,1,722.0,726.7666666666667,0.8350875595459504,1.0,990.0,990.0,160.0,1.4,2,0
1292,210,1,730.0,734.7666666666667,0.8350875595459504,1.0,990.0,990.0,160.0,1.5999999999999999,3,0
1293,210,0,0.0,0.0,0.8350875595459504,1.0,990.0,990.0,160.0,1.7999999999999998,3,0
1294,211,1,746.0,758.7666666666667,0.8350875595459504,1.0,990.0,990.0,160.0,1.9999999999999998,3,0
1295,209,0,0.0,0.0,0.832925323504127,1.0,990.0,990.0,160.0,1.9999999999999998,3,0
1296,207,0,0.0,0.0,0.832925323504127,1.0,990.0,990.0,160.0,2.1999999999999997,4,0
1297,206,1,746.0,766.7666666666667,0.832925323504127,1.0,990.0,990.0,160.0,2.1999999999999997,4,0
1298,206,0,0.0,0.0,0.832925323504127,1.0,990.0,990.0,160.0,1.7999999999999998,3,0
1299,207,1,746.0,766.7666666666667,0.832925323504127,1.0,990.0,990.0,160.0,1.5999999999999999,3,0
1300,204,0,0.0,0.0,0.8308587616234464,1.0,990.0,990.0,160.0,1.5999999999999999,3,0
1301,204,1,746.0,766.7666666666667,0.8308587616234464,1.0,990.0,990.0,160.0,1.5999999999999999,3,0
1302,203,0,0.0,0.0,0.8308587616234464,1.0,990.0,990.0,160.0,1.4,2,0
1303,203,0,0.0,0.0,0.8308587616234464,1.0,990.0,990.0,160.0,1.4,2,0
1304,204,1,730.0,766.7666666666667,0.8308587616234464,1.0,990.0,990.0,160.0,1.5999999999999999,3,0
1305,204,0,0.0,0.0,0.8289835480650509,1.0,990.0,990.0,160.0,2.1999999999999997,4,0
1306,206,1,730.0,758.7666666666667,0.8289835480650509,1.0,990.0,990.0,160.0,1.9999999999999998,3,0
1307,204,0,0.0,0.0,0.8289835480650509,1.0,990.0,990.0,160.0,2.1999999999999997,4,0
1308,206,2,722.0,758.7666666666667,0.8289835480650509,1.0,990.0,990.0,160.0,1.9999999999999998,3,0
1309,204,0,0.0,0.0,0.8289835480650509,1.0,990.0,990.0,160.0,2.1999999999999997,4,0
1310,204,1,722.0,758.7666666666667,0.8269743906810558,1.0,990.0,990.0,160.0,2.1999999999999997,4,0
1311,206,2,730.0,758.7666666666667,0.8269743906810558,1.0,990.0,990.0,160.0,2.1999999999999997,4,0
1312,206,0,0.0,0.0,0.8269743906810558,1.0,990.0,990.0,160.0,2.1999999999999997,4,0
1313,206,1,730.0,750.7666666666667,0.8269743906810558,1.0,990.0,990.0,160.0,1.9999999999999998,3,0
1314,205,0,0.0,0.0,0.8269743906810558,1.0,990.0,990.0,160.0,2.1999999999999997,4,0
1315,203,0,0.0,0.0,0.8246399411491758,1.0,990.0,990.0,160.0,2.1999999999999997,4,0
1316,203,0,0.0,0.0,0.8246399411491758,1.0,990.0,990.0,160.0,2.1999999999999997,4,0
1317,203,0,0.0,0.0,0.8246399411491758,1.0,990.0,990.0,160.0,2.1999999999999997,4,0
1318,203,0,0.0,0.0,0.8246399411491758,1.0,990.0,990.0,160.0,2.1999999999999997,4,0
1319,202,0,0.0,0.0,0.8246399411491758,1.0,990.0,990.0,160.0,2.1999999999999997,4,0
1320,202,0,0.0,0.0,0.8158722073844662,1.0,990.0,990.0,160.0,1.9999999999999998,3,0
1321,200,0,0.0,0.0,0.8158722073844662,1.0,990.0,990.0,160.0,1.7999999999999998,3,0
1322,201,1,738.0,742.7666666666667,0.8158722073844662,1.0,990.0,990.0,160.0,1.7999999999999998,3,0
1323,201,0,0.0,0.0,0.8158722073844662,1.0,990.0,990.0,160.0,1.9999999999999998,3,0
1324,201,0,0.0,0.0,0.8158722073844662,1.0,990.0,990.0,160.0,1.7999999999999998,3,0
1325,200,0,0.0,0.0,0.8124662072477888,1.0,990.0,990.0,160.0,1.5999999999999999,3,0
1326,199,0,0.0,0.0,0.8124662072477888,1.0,990.0,990.0,160.0,1.7999999999999998,3,0
1327,200,2,738.0,742.7666666666667,0.8124662072477888,1.0,990.0,990.0,160.0,1.7999999999999998,3,0
1328,199,1,738.0,742.7666666666667,0.8124662072477888,1.0,990.0,990.0,160.0,1.7999999999999998,3,0
1329,200,1,730.0,734.7666666666667,0.8124662072477888,1.0,990.0,990.0,160.0,1.5999999999999999,3,0
1330,200,1,730.0,734.7666666666667,0.809557712749053,1.0,990.0,990.0,160.0,1.5999999999999999,3,0
1331,203,2,722.0,726.7666666666667,0.809557712749053,1.0,990.0,990.0,160.0,1.7999999999999998,3,0
1332,205,3,722.0,726.7666666666668,0.809557712749053,1.0,990.0,990.0,160.0,1.5999999999999999,3,0
1333,203,0,0.0,0.0,0.809557712749053,1.0,990.0,990.0,160.0,1.5999999999999999,3,0
1334,203,1,746.0,750.7666666666667,0.809557712749053,1.0,990.0,990.0,160.0,1.5999999999999999,3,0
1335,203,1,746.0,750.7666666666667,0.8069553755659737,1.0,990.0,990.0,160.0,1.5999999999999999,3,0
1336,203,1,754.0,758.7666666666667,0.8069553755659737,1.0,990.0,990.0,160.0,1.4,2,0
1337,202,1,762.0,766.7666666666667,0.8069553755659737,1.0,990.0,990.0,160.0,1.5999999999999999,3,0
1338,203,2,778.0,782.7666666666667,0.8069553755659737,1.0,990.0,990.0,160.0,1.9999999999999998,3,0
1339,205,2,786.0,790.7666666666667,0.8069553755659737,1.0,990.0,990.0,160.0,1.7999999999999998,3,0
1340,204,2,786.0,790.7666666666667,0.8033580271070111,1.0,990.0,990.0,160.0,1.9999999999999998,3,0
1341,204,1,786.0,814.7666666666667,0.8033580271070111,1.0,990.0,990.0,160.0,1.9999999999999998,3,0
1342,206,2,786.0,822.7666666666667,0.8033580271070111,1.0,990.0,990.0,160.0,2.4,4,0
1343,204,0,0.0,0.0,0.8033580271070111,1.0,990.0,990.0,160.0,2.4,4,0
1344,204,1,778.0,830.7666666666667,0.8033580271070111,1.0,990.0,990.0,160.0,1.9999999999999998,3,0
1345,205,2,778.0,838.7666666666667,0.8003155887826756,1.0,990.0,990.0,160.0,1.9999999999999998,3,0
1346,203,0,0.0,0.0,0.8003155887826756,1.0,990.0,990.0,160.0,1.9999999999999998,3,0
1347,204,1,770.0,862.7666666666667,0.8003155887826756,1.0,990.0,990.0,160.0,1.9999999999999998,3,0
1348,205,1,770.0,862.7666666666667,0.8003155887826756,1.0,990.0,990.0,160.0,1.9999999999999998,3,0
1349,206,1,770.0,854.7666666666667,0.8003155887826756,1.0,990.0,990.0,160.0,1.9999999999999998,3,0
1350,206,0,0.0,0.0,0.797885465089653,0.9978854650896529,990.0,990.0,160.0,2.1999999999999997,4,0
1351,207,0,0.0,0.0,0.797885465089653,0.9978854650896529,990.0,990.0,160.0,2.1999999999999997,4,0
1352,207,0,0.0,0.0,0.797885465089653,0.9978854650896529,990.0,990.0,160.0,2.1999999999999997,4,0
1353,207,0,0.0,0.0,0.797885465089653,0.9978854650896529,990.0,990.0,160.0,1.7999999999999998,3,0
1354,208,1,754.0,846.7666666666667,0.797885465089653,0.9978854650896529,990.0,990.0,160.0,1.5999999999999999,3,0
1355,208,1,754.0,846.7666666666667,0.8144985997852043,0.9944985997852043,990.0,990.0,144.0,1.4,2,0
1356,208,0,0.0,0.0,0.8160748497852043,0.9944985997852043,990.0,990.0,142.739,1.0,2,0
1357,207,0,0.0,0.0,0.8160748497852043,0.9944985997852043,990.0,990.0,142.739,1.0,2,0
1358,207,0,0.0,0.0,0.8160748497852043,0.9944985997852043,990.0,990.0,142.739,1.0,2,0
1359,207,1,754.0,846.7666666666667,0.7944985997852043,0.9944985997852043,990.0,990.0,160.0,1.0,2,0
1360,206,0,0.0,0.0,0.7919345322665818,0.9919345322665818,990.0,990.0,160.0,1.0,2,0
1361,206,0,0.0,0.0,0.8119345322665819,0.9919345322665818,990.0,990.0,144.0,0.8,1,0
1362,205,1,762.0,838.7666666666667,0.7919345322665818,0.9919345322665818,990.0,990.0,160.0,0.6000000000000001,1,0
1363,206,1,770.0,838.7666666666667,0.7919345322665818,0.9919345322665818,990.0,990.0,160.0,1.0,2,0
1364,204,0,0.0,0.0,0.7919345322665818,0.9919345322665818,990.0,990.0,160.0,1.2,2,0
1365,207,2,770.0,838.7666666666667,0.7886050714588186,0.9886050714588186,990.0,990.0,160.0,1.4,2,0
1366,206,0,0.0,0.0,0.7886050714588186,0.9886050714588186,990.0,990.0,160.0,1.4,2,0
1367,207,1,770.0,838.7666666666667,0.7886050714588186,0.9886050714588186,990.0,990.0,160.0,1.7999999999999998,3,0
1368,205,0,0.0,0.0,0.7886050714588186,0.9886050714588186,990.0,990.0,160.0,1.7999999999999998,3,0
1369,205,0,0.0,0.0,0.7886050714588186,0.9886050714588186,990.0,990.0,160.0,1.7999999999999998,3,0
1370,205,0,0.0,0.0,0.7857731162889969,0.9857731162889969,990.0,990.0,160.0,1.9999999999999998,3,0
1371,205,0,0.0,0.0,0.7857731162889969,0.9857731162889969,990.0,990.0,160.0,2.1999999999999997,4,0
1372,207,2,770.0,838.7666666666667,0.7857731162889969,0.9857731162889969,990.0,990.0,160.0,2.1999999999999997,4,0
1373,207,0,0.0,0.0,0.7857731162889969,0.9857731162889969,990.0,990.0,160.0,2.1999999999999997,4,0
1374,207,1,762.0,838.7666666666667,0.7857731162889969,0.9857731162889969,990.0,990.0,160.0,1.7999999999999998,3,0
1375,209,1,762.0,838.7666666666667,0.7834195319248884,0.9834195319248884,990.0,990.0,160.0,1.7999999999999998,3,0
1376,209,0,0.0,0.0,0.7834195319248884,0.9834195319248884,990.0,990.0,160.0,2.1999999999999997,4,0
1377,209,0,0.0,0.0,0.7834195319248884,0.9834195319248884,990.0,990.0,160.0,2.1999999999999997,4,0
1378,209,0,0.0,0.0,0.7834195319248884,0.9834195319248884,990.0,990.0,160.0,2.1999999999999997,4,0
1379,209,0,0.0,0.0,0.7834195319248884,0.9834195319248884,990.0,990.0,160.0,1.9999999999999998,3,0
1380,211,2,762.0,830.7666666666667,0.7763045373714539,0.9763045373714538,990.0,990.0,160.0,1.9999999999999998,3,0
1381,211,0,0.0,0.0,0.7763045373714539,0.9763045373714538,990.0,990.0,160.0,1.7999999999999998,3,0
1382,212,1,754.0,822.7666666666667,0.7763045373714539,0.9763045373714538,990.0,990.0,160.0,1.7999999999999998,3,0
1383,213,1,754.0,814.7666666666667,0.7763045373714539,0.9763045373714538,990.0,990.0,160.0,1.7999999999999998,3,0
1384,213,0,0.0,0.0,0.7763045373714539,0.9763045373714538,990.0,990.0,160.0,2.1999999999999997,4,0
1385,213,0,0.0,0.0,0.7744484586452869,0.9744484586452868,990.0,990.0,160.0,2.1999999999999997,4,0
1386,215,3,754.0,814.7666666666668,0.7744484586452869,0.9744484586452868,990.0,990.0,160.0,1.9999999999999998,3,0
1387,218,3,762.0,814.7666666666668,0.7744484586452869,0.9744484586452868,990.0,990.0,160.0,1.9999999999999998,3,0
1388,218,0,0.0,0.0,0.7744484586452869,0.9744484586452868,990.0,990.0,160.0,1.7999999999999998,3,0
1389,218,0,0.0,0.0,0.7744484586452869,0.9744484586452868,990.0,990.0,160.0,1.5999999999999999,3,0
1390,219,1,762.0,806.7666666666667,0.7728602675703193,0.9728602675703193,990.0,990.0,160.0,1.5999999999999999,3,0
1391,221,3,762.0,806.7666666666668,0.7728602675703193,0.9728602675703193,990.0,990.0,160.0,1.5999999999999999,3,0
1392,221,0,0.0,0.0,0.7728602675703193,0.9728602675703193,990.0,990.0,160.0,1.5999999999999999,3,0
1393,221,0,0.0,0.0,0.7728602675703193,0.9728602675703193,990.0,990.0,160.0,1.5999999999999999,3,0
1394,221,1,770.0,798.7666666666667,0.7728602675703193,0.9728602675703193,990.0,990.0,160.0,1.5999999999999999,3,0
1395,220,0,0.0,0.0,0.7703727393806112,0.9703727393806112,990.0,990.0,160.0,1.7999999999999998,3,0
1396,222,2,786.0,798.7666666666667,0.7703727393806112,0.9703727393806112,990.0,990.0,160.0,2.1999999999999997,4,0
1397,222,0,0.0,0.0,0.7703727393806112,0.9703727393806112,990.0,990.0,160.0,2.6,5,0
1398,223,1,778.0,798.7666666666667,0.7703727393806112,0.9703727393806112,990.0,990.0,160.0,2.4,4,0
1399,223,0,0.0,0.0,0.7703727393806112,0.9703727393806112,990.0,990.0,160.0,2.6,5,0
1400,223,1,770.0,798.7666666666667,0.7677895370297603,0.9677895370297602,990.0,990.0,160.0,2.6,5,0
1401,223,1,770.0,790.7666666666667,0.7677895370297603,0.9677895370297602,990.0,990.0,160.0,2.1999999999999997,4,0
1402,222,1,770.0,790.7666666666667,0.7677895370297603,0.9677895370297602,990.0,990.0,160.0,2.4,4,0
1403,222,0,0.0,0.0,0.7677895370297603,0.9677895370297602,990.0,990.0,160.0,2.4,4,0
1404,223,1,770.0,782.7666666666667,0.7677895370297603,0.9677895370297602,990.0,990.0,160.0,2.4,4,0
1405,225,3,770.0,774.7666666666668,0.7654933571623375,0.9654933571623374,990.0,990.0,160.0,2.1999999999999997,4,0
1406,225,0,0.0,0.0,0.7654933571623375,0.9654933571623374,990.0,990.0,160.0,2.1999999999999997,4,0
1407,225,0,0.0,0.0,0.7654933571623375,0.9654933571623374,990.0,990.0,160.0,2.1999999999999997,4,0
1408,225,0,0.0,0.0,0.7654933571623375,0.9654933571623374,990.0,990.0,160.0,2.1999999999999997,4,0
1409,224,1,770.0,774.7666666666667,0.7654933571623375,0.9654933571623374,990.0,990.0,160.0,1.9999999999999998,3,0
1410,221,0,0.0,0.0,0.7631589076304575,0.9631589076304574,990.0,990.0,160.0,1.9999999999999998,3,0
1411,220,2,778.0,790.7666666666667,0.7631589076304575,0.9631589076304574,990.0,990.0,160.0,1.9999999999999998,3,0
1412,218,0,0.0,0.0,0.7631589076304575,0.9631589076304574,990.0,990.0,160.0,1.9999999999999998,3,0
1413,218,0,0.0,0.0,0.7631589076304575,0.9631589076304574,990.0,990.0,160.0,2.4,4,0
1414,216,0,0.0,0.0,0.7631589076304575,0.9631589076304574,990.0,990.0,160.0,2.4,4,0
1415,218,2,770.0,806.7666666666667,0.7606139749440637,0.9606139749440636,990.0,990.0,160.0,1.9999999999999998,3,0
1416,216,0,0.0,0.0,0.7606139749440637,0.9606139749440636,990.0,990.0,160.0,1.9999999999999998,3,0
1417,215,0,0.0,0.0,0.7606139749440637,0.9606139749440636,990.0,990.0,160.0,1.9999999999999998,3,0
1418,215,0,0.0,0.0,0.7606139749440637,0.9606139749440636,990.0,990.0,160.0,1.9999999999999998,3,0
1419,213,0,0.0,0.0,0.7606139749440637,0.9606139749440636,990.0,990.0,160.0,1.5999999999999999,3,0
1420,214,1,786.0,790.7666666666667,0.7579733680965273,0.9579733680965272,990.0,990.0,160.0,1.5999999999999999,3,0
1421,215,1,786.0,790.7666666666667,0.7579733680965273,0.9579733680965272,990.0,990.0,160.0,1.7999999999999998,3,0
1422,218,3,778.0,782.7666666666668,0.7579733680965273,0.9579733680965272,990.0,990.0,160.0,1.5999999999999999,3,0
1423,217,0,0.0,0.0,0.7579733680965273,0.9579733680965272,990.0,990.0,160.0,1.5999999999999999,3,0
1424,217,2,778.0,782.7666666666667,0.7579733680965273,0.9579733680965272,990.0,990.0,160.0,1.5999999999999999,3,0
1425,218,0,0.0,0.0,0.755849401719161,0.955849401719161,990.0,990.0,160.0,1.5999999999999999,3,0
1426,217,1,778.0,782.7666666666667,0.798349401719161,0.955849401719161,990.0,990.0,126.0,1.2,2,0
1427,215,2,778.0,798.7666666666667,0.755849401719161,0.955849401719161,990.0,990.0,160.0,1.0,2,0
1428,214,1,786.0,814.7666666666667,0.755849401719161,0.955849401719161,990.0,990.0,160.0,1.0,2,0
1429,214,0,0.0,0.0,0.755849401719161,0.955849401719161,990.0,990.0,160.0,1.2,2,0
1430,212,0,0.0,0.0,0.7735149521872811,0.953514952187281,990.0,990.0,144.0,0.8,1,0
1431,212,1,786.0,830.7666666666667,0.7735149521872811,0.953514952187281,990.0,990.0,144.0,0.8,1,0
1432,213,0,0.0,0.0,0.7735149521872811,0.953514952187281,990.0,990.0,144.0,1.5999999999999999,3,0
1433,213,1,786.0,838.7666666666667,0.7735149521872811,0.953514952187281,990.0,990.0,144.0,1.5999999999999999,3,0
1434,214,1,794.0,838.7666666666667,0.753514952187281,0.953514952187281,990.0,990.0,160.0,1.5999999999999999,3,0
1435,215,1,794.0,830.7666666666667,0.7709317498364303,0.9509317498364303,990.0,990.0,144.0,1.4,2,0
1436,215,0,0.0,0.0,0.7709317498364303,0.9509317498364303,990.0,990.0,144.0,1.4,2,0
1437,216,0,0.0,0.0,0.7709317498364303,0.9509317498364303,990.0,990.0,144.0,1.4,2,0
1438,216,0,0.0,0.0,0.7709317498364303,0.9509317498364303,990.0,990.0,144.0,1.4,2,0
1439,218,2,778.0,830.7666666666667,0.7709317498364303,0.9509317498364303,990.0,990.0,144.0,1.2,2,0
