minute,active_evs,routed_now,lava_wait_min,baseline_wait_min,grid_stress,baseline_grid_stress,actual_kw,forecast_kw,v2g_kw,v2g_supplied_kwh,v2g_credits_awarded,credit_ledger_transactions
0,1,1,0.0,0.0,0.6447850748308618,0.6447850748308618,0.0,0.0,0.0,0.0,0,0
1,1,0,0.0,0.0,0.6447850748308618,0.6447850748308618,0.0,0.0,0.0,0.0,0,0
2,1,0,0.0,0.0,0.6447850748308618,0.6447850748308618,0.0,0.0,0.0,0.0,0,0
3,1,0,0.0,0.0,0.6447850748308618,0.6447850748308618,0.0,0.0,0.0,0.0,0,0
4,0,0,0.0,0.0,0.6447850748308618,0.6447850748308618,0.0,0.0,0.0,0.0,0,0
5,0,0,0.0,0.0,0.6783564118772638,0.6845439118772637,55.0,19.25,0.0,0.0,0,0
6,0,0,0.0,0.0,0.6783564118772638,0.6845439118772637,55.0,55.0,0.0,0.0,0,0
7,0,0,0.0,0.0,0.6783564118772638,0.6845439118772637,55.0,55.0,0.0,0.0,0,0
8,1,1,0.0,0.0,0.6783564118772638,0.6845439118772637,55.0,55.0,0.0,0.0,0,0
9,2,0,0.0,0.0,0.6783564118772638,0.6845439118772637,55.0,55.0,0.0,0.0,0,0
10,3,1,0.0,0.0,0.6849005244994192,0.6910880244994191,55.0,55.0,0.0,0.0,0,0
11,4,1,0.0,0.0,0.6849005244994192,0.6910880244994191,55.0,55.0,0.0,0.0,0,0
12,4,0,0.0,0.0,0.6849005244994192,0.6910880244994191,55.0,55.0,0.0,0.0,0,0
13,4,0,0.0,0.0,0.6849005244994192,0.6910880244994191,55.0,55.0,0.0,0.0,0,0
14,4,0,0.0,0.0,0.6849005244994192,0.6910880244994191,55.0,55.0,0.0,0.0,0,0
15,4,0,0.0,0.0,0.6789878613408051,0.685175361340805,55.0,55.0,0.0,0.0,0,0
16,4,0,0.0,0.0,0.6789878613408051,0.685175361340805,55.0,55.0,0.0,0.0,0,0
17,5,1,0.0,0.0,0.6789878613408051,0.685175361340805,55.0,55.0,0.0,0.0,0,0
18,6,1,0.0,0.0,0.6789878613408051,0.685175361340805,55.0,55.0,0.0,0.0,0,0
19,6,0,0.0,0.0,0.6789878613408051,0.685175361340805,55.0,55.0,0.0,0.0,0,0
20,7,1,0.0,0.0,0.6829679064443382,0.6891554064443381,55.0,55.0,0.0,0.0,0,0
21,7,0,0.0,0.0,0.6829679064443382,0.6891554064443381,55.0,55.0,0.0,0.0,0,0
22,8,2,0.0,0.0,0.6829679064443382,0.6891554064443381,55.0,55.0,0.0,0.0,0,0
23,8,0,0.0,0.0,0.7173429064443382,0.7297179064443382,110.0,74.25,0.0,0.0,0,0
24,8,0,0.0,0.0,0.7173429064443382,0.7297179064443382,110.0,110.0,0.0,0.0,0,0
25,9,1,0.0,0.0,0.7134968051664047,0.7258718051664047,110.0,110.0,0.0,0.0,0,0
26,8,0,0.0,0.0,0.7134968051664047,0.7258718051664047,110.0,110.0,0.0,0.0,0,0
27,8,0,0.0,0.0,0.7478718051664047,0.7664343051664047,165.0,129.25,0.0,0.0,0,0
28,8,0,0.0,0.0,0.7478718051664047,0.7664343051664047,165.0,165.0,0.0,0.0,0,0
29,8,1,0.0,0.0,0.7478718051664047,0.7664343051664047,165.0,165.0,0.0,0.0,0,0
30,8,0,0.0,0.0,0.7820363220118909,0.8067863220118909,220.0,184.25,0.0,0.0,0,0
31,9,1,0.0,0.0,0.747661322011891,0.7662238220118909,165.0,200.75,0.0,0.0,0,0
32,8,0,0.0,0.0,0.747661322011891,0.7662238220118909,165.0,165.0,0.0,0.0,0,0
33,7,0,0.0,0.0,0.7820363220118909,0.8067863220118909,220.0,184.25,0.0,0.0,0,0
34,9,2,0.0,0.0,0.7537438220118909,0.847348822011891,275.0,239.25,50.134,0.4,0,0
35,12,2,0.0,0.0,0.7528804286544113,0.8448804286544114,275.0,275.0,48.85,0.4,0,0
36,12,1,0.0,0.0,0.7464429286544113,0.8448804286544114,275.0,275.0,54.0,0.4,0,0
37,11,0,0.0,0.0,0.7649116786544113,0.8854429286544113,330.0,294.25,66.725,0.4,0,0
38,10,0,0.0,0.0,0.7769429286544113,0.9260054286544113,385.0,349.25,84.6,0.4,0,0
39,8,0,0.0,0.0,0.8113179286544113,0.9620679286544114,440.0,404.25,84.6,0.4,0,0
40,5,1,0.0,0.0,0.8405647936171667,0.9569397936171666,495.0,459.25,84.6,0.4,0,0
41,5,1,0.0,1.4055555555555554,0.8511897936171666,0.9569397936171666,660.0,552.75,84.6,0.6000000000000001,1,0
42,5,0,0.0,0.0,0.8511897936171666,0.9569397936171666,715.0,679.25,84.6,0.6000000000000001,1,0
43,5,0,0.0,0.0,0.8029285436171666,0.9569397936171666,715.0,715.0,123.209,0.6000000000000001,1,0
44,6,2,0.0,14.766666666666666,0.8029285436171666,0.9569397936171666,715.0,715.0,123.209,0.6000000000000001,1,0
45,6,1,0.0,22.766666666666666,0.8020421308002461,0.9595421308002461,715.0,715.0,126.0,0.6000000000000001,1,0
46,7,1,0.0,22.766666666666666,0.8038396308002461,0.9595421308002461,715.0,715.0,124.562,0.4,0,0
47,10,2,0.0,22.766666666666666,0.8020421308002461,0.9595421308002461,715.0,715.0,126.0,0.4,0,0
48,11,1,0.0,22.766666666666666,0.8020421308002461,0.9595421308002461,715.0,715.0,126.0,0.4,0,0
49,12,1,0.0,22.766666666666666,0.8020421308002461,0.9595421308002461,715.0,715.0,126.0,0.6000000000000001,1,0
50,12,0,0.0,0.0,0.7973349620720291,0.9548349620720291,715.0,715.0,126.0,1.0,2,0
51,12,0,0.0,0.0,0.7548349620720292,0.9548349620720291,715.0,715.0,160.0,1.2,2,0
52,13,1,0.0,22.766666666666666,0.7548349620720292,0.9548349620720291,715.0,715.0,160.0,1.2,2,0
53,14,1,0.0,22.766666666666666,0.7548349620720292,0.9548349620720291,715.0,715.0,160.0,1.4,2,0
54,14,0,0.0,0.0,0.7548349620720292,0.9548349620720291,715.0,715.0,160.0,1.4,2,0
55,15,1,0.0,22.766666666666666,0.7553324677099706,0.9553324677099706,715.0,715.0,160.0,1.4,2,0
56,15,0,0.0,0.0,0.7553324677099706,0.9553324677099706,715.0,715.0,160.0,1.4,2,0
57,18,1,0.0,22.766666666666666,0.7553324677099706,0.9553324677099706,715.0,715.0,160.0,1.7999999999999998,3,0
58,19,1,0.0,22.766666666666666,0.7553324677099706,0.9553324677099706,715.0,715.0,160.0,1.7999999999999998,3,0
59,19,0,0.0,0.0,0.7553324677099706,0.9553324677099706,715.0,715.0,160.0,1.7999999999999998,3,0
60,19,0,0.0,0.0,0.7566188953294939,0.9566188953294938,715.0,715.0,160.0,1.7999999999999998,3,0
61,19,0,0.0,0.0,0.7566188953294939,0.9566188953294938,660.0,695.75,160.0,1.5999999999999999,3,0
62,19,0,0.0,0.0,0.7566188953294939,0.9566188953294938,660.0,660.0,160.0,1.7999999999999998,3,0
63,20,1,0.0,22.766666666666666,0.7566188953294939,0.9566188953294938,660.0,660.0,160.0,1.7999999999999998,3,0
64,19,0,0.0,0.0,0.7566188953294939,0.9566188953294938,605.0,640.75,160.0,1.7999999999999998,3,0
65,21,1,0.0,22.766666666666666,0.7521796142524761,0.9521796142524761,660.0,624.25,160.0,1.7999999999999998,3,0
66,21,0,0.0,0.0,0.7521796142524761,0.9521796142524761,660.0,660.0,160.0,1.9999999999999998,3,0
67,23,2,0.0,22.766666666666666,0.7771796142524761,0.9521796142524761,550.0,621.5,140.0,1.5999999999999999,3,0
68,26,3,0.0,14.766666666666666,0.7771796142524761,0.9521796142524761,550.0,550.0,140.0,1.4,2,0
69,26,1,0.0,14.766666666666666,0.7596796142524761,0.9521796142524761,550.0,550.0,154.0,1.4,2,0
70,25,0,0.0,0.0,0.7539208839852718,0.9539208839852718,605.0,569.25,160.0,1.4,2,0
71,26,1,0.0,1.4055555555555554,0.7614208839852717,0.9539208839852718,605.0,605.0,154.0,1.2,2,0
72,26,0,0.0,0.0,0.7789208839852717,0.9539208839852718,550.0,585.75,140.0,1.2,2,0
73,27,1,0.0,0.0,0.7857958839852719,0.9539208839852718,495.0,530.75,126.0,1.2,2,0
74,27,1,0.0,0.0,0.7857958839852719,0.9539208839852718,495.0,495.0,126.0,1.4,2,0
75,27,1,0.0,0.0,0.777504906400361,0.952504906400361,550.0,514.25,140.0,1.4,2,0
76,23,0,0.0,0.0,0.777504906400361,0.952504906400361,605.0,569.25,140.0,1.4,2,0
77,23,0,0.0,0.0,0.777504906400361,0.952504906400361,605.0,605.0,140.0,1.4,2,0
78,23,0,0.0,0.0,0.777504906400361,0.952504906400361,605.0,605.0,140.0,1.4,2,0
79,22,0,0.0,0.0,0.777504906400361,0.952504906400361,605.0,605.0,140.0,1.5999999999999999,3,0
80,21,0,0.0,0.0,0.7563501534447129,0.9488501534447129,605.0,605.0,154.0,1.5999999999999999,3,0
81,23,2,0.0,0.0,0.748850153444713,0.9488501534447129,660.0,624.25,160.0,1.5999999999999999,3,0
82,18,0,0.0,0.0,0.748850153444713,0.9488501534447129,660.0,660.0,160.0,1.5999999999999999,3,0
83,16,0,0.0,0.0,0.768850153444713,0.9488501534447129,825.0,717.75,144.0,1.4,2,0
84,17,1,0.0,0.0,0.768850153444713,0.9488501534447129,770.0,805.75,144.0,1.2,2,0
85,17,0,0.0,0.0,0.7893984005574033,0.9468984005574033,770.0,770.0,126.0,1.2,2,0
86,15,1,0.0,0.0,0.7668984005574033,0.9468984005574033,770.0,770.0,144.0,1.2,2,0
87,15,0,0.0,0.0,0.7468984005574033,0.9468984005574033,825.0,789.25,160.0,1.2,2,0
88,16,1,0.0,0.0,0.7468984005574033,0.9468984005574033,825.0,825.0,160.0,1.4,2,0
89,17,1,0.0,0.0,0.7468984005574033,0.9468984005574033,825.0,825.0,160.0,1.4,2,0
90,18,1,0.0,0.0,0.747434175859802,0.9474341758598019,825.0,825.0,160.0,1.2,2,0
91,17,0,0.0,0.0,0.747434175859802,0.9474341758598019,880.0,844.25,160.0,1.4,2,0
92,17,1,0.0,0.0,0.747434175859802,0.9474341758598019,880.0,880.0,160.0,1.4,2,0
93,14,0,0.0,0.0,0.747434175859802,0.9474341758598019,880.0,880.0,160.0,1.4,2,0
94,13,0,0.0,0.0,0.747434175859802,0.9474341758598019,935.0,899.25,160.0,1.5999999999999999,3,0
95,12,0,0.0,0.0,0.7470706140474601,0.9470706140474601,990.0,954.25,160.0,1.5999999999999999,3,0
96,11,0,0.0,0.0,0.7470706140474601,0.9470706140474601,990.0,990.0,160.0,1.9999999999999998,3,0
97,9,0,0.0,0.0,0.7470706140474601,0.9470706140474601,990.0,990.0,160.0,1.7999999999999998,3,0
98,9,0,0.0,0.0,0.7470706140474601,0.9470706140474601,990.0,990.0,160.0,1.7999999999999998,3,0
99,10,1,18.0,22.766666666666666,0.7470706140474601,0.9470706140474601,990.0,990.0,160.0,1.7999999999999998,3,0
100,10,0,0.0,0.0,0.7461330072682624,0.9461330072682623,990.0,990.0,160.0,1.9999999999999998,3,0
101,13,3,18.0,22.766666666666666,0.7461330072682624,0.9461330072682623,990.0,990.0,160.0,1.9999999999999998,3,0
102,13,0,0.0,0.0,0.7461330072682624,0.9461330072682623,990.0,990.0,160.0,1.7999999999999998,3,0
103,13,0,0.0,0.0,0.7461330072682624,0.9461330072682623,990.0,990.0,160.0,1.9999999999999998,3,0
104,13,0,0.0,0.0,0.7461330072682624,0.9461330072682623,990.0,990.0,160.0,1.9999999999999998,3,0
105,13,1,18.0,22.766666666666666,0.7448892431734082,0.9448892431734082,990.0,990.0,160.0,2.1999999999999997,4,0
106,13,1,26.0,30.766666666666666,0.7448892431734082,0.9448892431734082,990.0,990.0,160.0,1.9999999999999998,3,0
107,11,0,0.0,0.0,0.7448892431734082,0.9448892431734082,990.0,990.0,160.0,2.1999999999999997,4,0
108,12,1,34.0,54.766666666666666,0.7448892431734082,0.9448892431734082,990.0,990.0,160.0,2.1999999999999997,4,0
109,12,0,0.0,0.0,0.7448892431734082,0.9448892431734082,990.0,990.0,160.0,2.1999999999999997,4,0
110,11,0,0.0,0.0,0.7427078722993565,0.9427078722993565,990.0,990.0,160.0,2.1999999999999997,4,0
111,11,0,0.0,0.0,0.7427078722993565,0.9427078722993565,990.0,990.0,160.0,2.1999999999999997,4,0
112,10,0,0.0,0.0,0.7427078722993565,0.9427078722993565,990.0,990.0,160.0,2.1999999999999997,4,0
113,11,1,34.0,70.76666666666667,0.7427078722993565,0.9427078722993565,990.0,990.0,160.0,2.1999999999999997,4,0
114,12,1,34.0,70.76666666666667,0.7427078722993565,0.9427078722993565,990.0,990.0,160.0,2.1999999999999997,4,0
115,13,1,18.0,70.76666666666667,0.741598052030102,0.9415980520301019,990.0,990.0,160.0,1.9999999999999998,3,0
116,15,1,18.0,70.76666666666667,0.741598052030102,0.9415980520301019,990.0,990.0,160.0,1.9999999999999998,3,0
117,17,2,18.0,70.76666666666667,0.741598052030102,0.9415980520301019,990.0,990.0,160.0,1.9999999999999998,3,0
118,17,0,0.0,0.0,0.741598052030102,0.9415980520301019,990.0,990.0,160.0,1.7999999999999998,3,0
119,19,1,10.0,62.766666666666666,0.741598052030102,0.9415980520301019,990.0,990.0,160.0,1.5999999999999999,3,0
120,21,2,10.0,62.766666666666666,0.745000889131203,0.945000889131203,990.0,990.0,160.0,1.5999999999999999,3,0
121,20,0,0.0,0.0,0.745000889131203,0.945000889131203,990.0,990.0,160.0,1.7999999999999998,3,0
122,21,1,18.0,62.766666666666666,0.745000889131203,0.945000889131203,990.0,990.0,160.0,1.7999999999999998,3,0
123,21,0,0.0,0.0,0.745000889131203,0.945000889131203,990.0,990.0,160.0,1.5999999999999999,3,0
124,22,1,18.0,54.766666666666666,0.745000889131203,0.945000889131203,990.0,990.0,160.0,1.5999999999999999,3,0
125,23,1,18.0,54.766666666666666,0.7447330014800038,0.9447330014800037,990.0,990.0,160.0,1.5999999999999999,3,0
126,23,0,0.0,0.0,0.7872330014800037,0.9447330014800037,990.0,990.0,126.0,1.2,2,0
127,23,0,0.0,0.0,0.7872330014800037,0.9447330014800037,990.0,990.0,126.0,1.0,2,0
128,22,0,0.0,0.0,0.7872330014800037,0.9447330014800037,990.0,990.0,126.0,1.2,2,0
129,21,0,0.0,0.0,0.7986567514800037,0.9447330014800037,990.0,990.0,116.861,1.0,2,0
130,21,0,0.0,0.0,0.7987774284601171,0.9450774284601171,990.0,990.0,117.04,1.0,2,0
131,21,0,0.0,0.0,0.7987774284601171,0.9450774284601171,990.0,990.0,117.04,0.8,1,0
132,20,0,0.0,0.0,0.7875774284601171,0.9450774284601171,990.0,990.0,126.0,1.0,2,0
133,20,0,0.0,0.0,0.7875774284601171,0.9450774284601171,990.0,990.0,126.0,1.0,2,0
134,19,1,18.0,38.766666666666666,0.7650774284601172,0.9450774284601171,990.0,990.0,144.0,1.0,2,0
135,17,0,0.0,0.0,0.7637762598685776,0.9437762598685775,990.0,990.0,144.0,0.8,1,0
136,15,0,0.0,0.0,0.7437762598685775,0.9437762598685775,990.0,990.0,160.0,1.0,2,0
137,15,0,0.0,0.0,0.7437762598685775,0.9437762598685775,990.0,990.0,160.0,1.2,2,0
138,15,0,0.0,0.0,0.7437762598685775,0.9437762598685775,990.0,990.0,160.0,1.2,2,0
139,14,0,0.0,0.0,0.7437762598685775,0.9437762598685775,990.0,990.0,160.0,1.4,2,0
140,14,1,34.0,38.766666666666666,0.743106540740579,0.943106540740579,990.0,990.0,160.0,1.5999999999999999,3,0
141,13,0,0.0,0.0,0.743106540740579,0.943106540740579,990.0,990.0,160.0,1.5999999999999999,3,0
142,13,0,0.0,0.0,0.743106540740579,0.943106540740579,990.0,990.0,160.0,1.9999999999999998,3,0
143,13,0,0.0,0.0,0.743106540740579,0.943106540740579,990.0,990.0,160.0,1.9999999999999998,3,0
144,14,1,18.0,30.766666666666666,0.743106540740579,0.943106540740579,990.0,990.0,160.0,1.9999999999999998,3,0
145,14,0,0.0,0.0,0.7423985519481238,0.9423985519481237,990.0,990.0,160.0,1.9999999999999998,3,0
146,13,0,0.0,0.0,0.7423985519481238,0.9423985519481237,990.0,990.0,160.0,2.1999999999999997,4,0
147,15,2,18.0,38.766666666666666,0.7423985519481238,0.9423985519481237,990.0,990.0,160.0,2.1999999999999997,4,0
148,14,0,0.0,0.0,0.7423985519481238,0.9423985519481237,990.0,990.0,160.0,2.1999999999999997,4,0
149,14,0,0.0,0.0,0.7423985519481238,0.9423985519481237,990.0,990.0,160.0,2.4,4,0
150,15,1,10.0,30.766666666666666,0.7412695968466407,0.9412695968466407,990.0,990.0,160.0,2.6,5,0
151,17,2,14.0,22.766666666666666,0.7412695968466407,0.9412695968466407,990.0,990.0,160.0,2.4,4,0
152,17,0,0.0,0.0,0.7412695968466407,0.9412695968466407,990.0,990.0,160.0,2.1999999999999997,4,0
153,17,0,0.0,0.0,0.7412695968466407,0.9412695968466407,990.0,990.0,160.0,2.1999999999999997,4,0
154,17,0,0.0,0.0,0.7412695968466407,0.9412695968466407,990.0,990.0,160.0,2.4,4,0
155,18,0,0.0,0.0,0.7403702597319,0.9403702597318999,935.0,970.75,160.0,1.9999999999999998,3,0
156,17,0,0.0,0.0,0.7403702597319,0.9403702597318999,935.0,935.0,160.0,1.7999999999999998,3,0
157,17,0,0.0,0.0,0.7403702597319,0.9403702597318999,935.0,935.0,160.0,1.5999999999999999,3,0
158,17,0,0.0,0.0,0.7403702597319,0.9403702597318999,935.0,935.0,160.0,1.5999999999999999,3,0
159,19,1,10.0,14.766666666666666,0.7403702597319,0.9403702597318999,935.0,935.0,160.0,1.9999999999999998,3,0
160,20,1,0.0,14.766666666666666,0.7399875630873296,0.9399875630873296,935.0,935.0,160.0,1.5999999999999999,3,0
161,20,0,0.0,0.0,0.7399875630873296,0.9399875630873296,935.0,935.0,160.0,1.4,2,0
162,21,0,0.0,0.0,0.7399875630873296,0.9399875630873296,935.0,935.0,160.0,1.4,2,0
163,22,1,10.0,14.766666666666666,0.7399875630873296,0.9399875630873296,935.0,935.0,160.0,1.4,2,0
164,21,0,0.0,0.0,0.7399875630873296,0.9399875630873296,935.0,935.0,160.0,1.4,2,0
165,21,0,0.0,0.0,0.7396622709394447,0.9396622709394447,935.0,935.0,160.0,1.2,2,0
166,22,1,0.0,14.766666666666666,0.7396622709394447,0.9396622709394447,935.0,935.0,160.0,1.4,2,0
167,23,0,0.0,0.0,0.7596622709394447,0.9396622709394447,880.0,915.75,144.0,1.5999999999999999,3,0
168,22,0,0.0,0.0,0.7596622709394447,0.9396622709394447,825.0,860.75,144.0,1.4,2,0
169,24,0,0.0,0.0,0.7596622709394447,0.9396622709394447,825.0,825.0,144.0,1.4,2,0
170,24,0,0.0,0.0,0.7588777428180751,0.938877742818075,825.0,825.0,144.0,1.4,2,0
171,25,2,0.0,22.766666666666666,0.781377742818075,0.938877742818075,825.0,825.0,126.0,1.0,2,0
172,25,0,0.0,0.0,0.781377742818075,0.938877742818075,880.0,844.25,126.0,1.0,2,0
173,25,0,0.0,0.0,0.781377742818075,0.938877742818075,880.0,880.0,126.0,1.2,2,0
174,25,0,0.0,0.0,0.781377742818075,0.938877742818075,880.0,880.0,126.0,1.2,2,0
175,25,0,0.0,0.0,0.795944644427451,0.936983394427451,825.0,860.75,112.831,1.0,2,0
176,23,0,0.0,0.0,0.7794833944274511,0.936983394427451,770.0,805.75,126.0,0.8,1,0
177,23,0,0.0,0.0,0.7569833944274511,0.936983394427451,880.0,808.5,144.0,1.0,2,0
178,22,0,0.0,0.0,0.7569833944274511,0.936983394427451,825.0,860.75,144.0,0.8,1,0
179,22,0,0.0,0.0,0.7369833944274511,0.936983394427451,880.0,844.25,160.0,0.8,1,0
180,22,1,0.0,0.0,0.7434358134925094,0.9434358134925094,880.0,880.0,160.0,1.0,2,0
181,23,1,0.0,0.0,0.7434358134925094,0.9434358134925094,825.0,860.75,160.0,1.0,2,0
182,23,0,0.0,0.0,0.7434358134925094,0.9434358134925094,825.0,825.0,160.0,1.2,2,0
183,24,1,0.0,0.0,0.7434358134925094,0.9434358134925094,825.0,825.0,160.0,1.4,2,0
184,23,0,0.0,0.0,0.7434358134925094,0.9434358134925094,825.0,825.0,160.0,1.5999999999999999,3,0
185,23,1,0.0,0.0,0.7440863977882792,0.9440863977882792,770.0,805.75,160.0,1.4,2,0
186,26,1,0.0,0.0,0.7440863977882792,0.9440863977882792,770.0,770.0,160.0,1.5999999999999999,3,0
187,25,0,0.0,0.0,0.7440863977882792,0.9440863977882792,770.0,770.0,160.0,1.7999999999999998,3,0
188,25,1,0.0,0.0,0.7440863977882792,0.9440863977882792,770.0,770.0,160.0,1.5999999999999999,3,0
189,25,0,0.0,0.0,0.7440863977882792,0.9440863977882792,825.0,789.25,160.0,1.4,2,0
190,24,0,0.0,0.0,0.745464105708733,0.945464105708733,825.0,825.0,160.0,1.5999999999999999,3,0
191,25,1,0.0,14.766666666666666,0.745464105708733,0.945464105708733,880.0,844.25,160.0,1.7999999999999998,3,0
192,23,0,0.0,0.0,0.745464105708733,0.945464105708733,825.0,860.75,160.0,1.5999999999999999,3,0
193,23,0,0.0,0.0,0.745464105708733,0.945464105708733,825.0,825.0,160.0,1.5999999999999999,3,0
194,24,2,0.0,30.766666666666666,0.745464105708733,0.945464105708733,825.0,825.0,160.0,1.5999999999999999,3,0
195,23,0,0.0,0.0,0.7461146900045028,0.9461146900045028,770.0,805.75,160.0,1.4,2,0
196,23,0,0.0,0.0,0.7461146900045028,0.9461146900045028,715.0,750.75,160.0,1.4,2,0
197,23,0,0.0,0.0,0.7661146900045028,0.9461146900045028,715.0,715.0,144.0,1.4,2,0
198,23,0,0.0,0.0,0.7661146900045028,0.9461146900045028,715.0,715.0,144.0,1.4,2,0
199,23,0,0.0,0.0,0.7661146900045028,0.9461146900045028,715.0,715.0,144.0,1.4,2,0
200,23,0,0.0,0.0,0.7453684315475904,0.9453684315475903,715.0,715.0,160.0,1.2,2,0
201,24,1,0.0,22.766666666666666,0.7453684315475904,0.9453684315475903,715.0,715.0,160.0,1.4,2,0
202,25,1,0.0,22.766666666666666,0.7453684315475904,0.9453684315475903,715.0,715.0,160.0,1.4,2,0
203,26,1,0.0,22.766666666666666,0.7453684315475904,0.9453684315475903,715.0,715.0,160.0,1.4,2,0
204,26,0,0.0,0.0,0.7453684315475904,0.9453684315475903,715.0,715.0,160.0,1.4,2,0
205,27,1,0.0,22.766666666666666,0.7457319933599325,0.9457319933599324,715.0,715.0,160.0,1.5999999999999999,3,0
206,28,1,0.0,22.766666666666666,0.7457319933599325,0.9457319933599324,715.0,715.0,160.0,1.5999999999999999,3,0
207,28,0,0.0,0.0,0.7457319933599325,0.9457319933599324,715.0,715.0,160.0,1.5999999999999999,3,0
208,29,0,0.0,0.0,0.7882319933599324,0.9457319933599324,660.0,695.75,126.0,1.2,2,0
209,27,0,0.0,0.0,0.7882319933599324,0.9457319933599324,660.0,660.0,126.0,1.2,2,0
210,28,1,0.0,22.766666666666666,0.7881745888632468,0.9456745888632467,715.0,679.25,126.0,1.2,2,0
211,29,2,0.0,22.766666666666666,0.7656745888632468,0.9456745888632467,715.0,715.0,144.0,1.2,2,0
212,29,0,0.0,0.0,0.7656745888632468,0.9456745888632467,770.0,734.25,144.0,1.2,2,0
213,29,0,0.0,0.0,0.7656745888632468,0.9456745888632467,770.0,770.0,144.0,1.2,2,0
214,30,1,0.0,22.766666666666666,0.7456745888632468,0.9456745888632467,770.0,770.0,160.0,1.2,2,0
215,31,0,0.0,0.0,0.7450622742319342,0.9450622742319341,770.0,770.0,160.0,1.0,2,0
216,31,0,0.0,0.0,0.7450622742319342,0.9450622742319341,770.0,770.0,160.0,1.4,2,0
217,30,0,0.0,0.0,0.7450622742319342,0.9450622742319341,770.0,770.0,160.0,1.4,2,0
218,30,1,0.0,22.766666666666666,0.7450622742319342,0.9450622742319341,770.0,770.0,160.0,1.4,2,0
219,30,0,0.0,0.0,0.7450622742319342,0.9450622742319341,770.0,770.0,160.0,1.2,2,0
220,30,0,0.0,0.0,0.7445839034262209,0.9445839034262209,825.0,789.25,160.0,1.4,2,0
221,31,1,0.0,14.766666666666666,0.7445839034262209,0.9445839034262209,825.0,825.0,160.0,1.4,2,0
222,30,0,0.0,0.0,0.7445839034262209,0.9445839034262209,825.0,825.0,160.0,1.5999999999999999,3,0
223,29,0,0.0,0.0,0.7445839034262209,0.9445839034262209,825.0,825.0,160.0,1.7999999999999998,3,0
224,30,1,0.0,14.766666666666666,0.7445839034262209,0.9445839034262209,825.0,825.0,160.0,1.7999999999999998,3,0
225,28,0,0.0,0.0,0.7645073640973068,0.9445073640973067,770.0,805.75,144.0,1.5999999999999999,3,0
226,29,1,0.0,1.4055555555555554,0.7645073640973068,0.9445073640973067,770.0,770.0,144.0,1.4,2,0
227,29,0,0.0,0.0,0.7645073640973068,0.9445073640973067,770.0,770.0,144.0,1.4,2,0
228,29,1,0.0,1.4055555555555554,0.7445073640973068,0.9445073640973067,770.0,770.0,160.0,1.4,2,0
229,30,1,0.0,1.4055555555555554,0.7445073640973068,0.9445073640973067,770.0,770.0,160.0,1.4,2,0
230,29,0,0.0,0.0,0.7447178472518206,0.9447178472518205,715.0,750.75,160.0,1.2,2,0
231,31,2,0.0,0.0,0.7447178472518206,0.9447178472518205,715.0,715.0,160.0,1.2,2,0
232,31,1,0.0,0.0,0.7447178472518206,0.9447178472518205,660.0,695.75,160.0,1.4,2,0
233,29,0,0.0,0.0,0.7447178472518206,0.9447178472518205,715.0,679.25,160.0,1.5999999999999999,3,0
234,29,0,0.0,0.0,0.7447178472518206,0.9447178472518205,770.0,734.25,160.0,1.5999999999999999,3,0
235,30,1,0.0,14.766666666666666,0.744736982084049,0.944736982084049,770.0,770.0,160.0,1.5999999999999999,3,0
236,28,0,0.0,0.0,0.744736982084049,0.944736982084049,770.0,770.0,160.0,1.5999999999999999,3,0
237,26,0,0.0,0.0,0.744736982084049,0.944736982084049,770.0,770.0,160.0,1.7999999999999998,3,0
238,26,0,0.0,0.0,0.744736982084049,0.944736982084049,770.0,770.0,160.0,2.1999999999999997,4,0
239,26,0,0.0,0.0,0.744736982084049,0.944736982084049,770.0,770.0,160.0,1.9999999999999998,3,0
240,25,0,0.0,0.0,0.753059522995968,0.953059522995968,770.0,770.0,160.0,1.9999999999999998,3,0
241,25,0,0.0,0.0,0.753059522995968,0.953059522995968,770.0,770.0,160.0,1.7999999999999998,3,0
242,25,0,0.0,0.0,0.753059522995968,0.953059522995968,770.0,770.0,160.0,1.5999999999999999,3,0
243,25,0,0.0,0.0,0.753059522995968,0.953059522995968,770.0,770.0,160.0,1.7999999999999998,3,0
244,26,1,0.0,14.766666666666666,0.795559522995968,0.953059522995968,715.0,750.75,126.0,1.4,2,0
245,28,2,0.0,14.766666666666666,0.7743989612519648,0.9543989612519648,715.0,715.0,144.0,1.4,2,0
246,29,1,0.0,14.766666666666666,0.7968989612519648,0.9543989612519648,715.0,715.0,126.0,1.2,2,0
247,30,1,0.0,14.766666666666666,0.8020402112519648,0.9543989612519648,715.0,715.0,121.887,1.0,2,0
248,30,1,0.0,14.766666666666666,0.8020402112519648,0.9543989612519648,715.0,715.0,121.887,1.0,2,0
249,30,0,0.0,0.0,0.8020402112519648,0.9543989612519648,770.0,734.25,121.887,1.0,2,0
250,31,1,0.0,14.766666666666666,0.8025017646757329,0.9557192646757329,770.0,770.0,122.574,1.2,2,0
251,31,0,0.0,0.0,0.8025017646757329,0.9557192646757329,770.0,770.0,122.574,1.0,2,0
252,32,1,0.0,14.766666666666666,0.8025017646757329,0.9557192646757329,770.0,770.0,122.574,1.0,2,0
253,33,1,0.0,14.766666666666666,0.7982192646757329,0.9557192646757329,770.0,770.0,126.0,0.8,1,0
254,34,1,0.0,14.766666666666666,0.7757192646757329,0.9557192646757329,770.0,770.0,144.0,0.8,1,0
255,34,0,0.0,0.0,0.7763889838037314,0.9563889838037314,715.0,750.75,144.0,0.6000000000000001,1,0
256,34,0,0.0,0.0,0.7763889838037314,0.9563889838037314,715.0,715.0,144.0,0.6000000000000001,1,0
257,34,0,0.0,0.0,0.7763889838037314,0.9563889838037314,715.0,715.0,144.0,0.6000000000000001,1,0
258,35,1,0.0,14.766666666666666,0.7763889838037314,0.9563889838037314,715.0,715.0,144.0,1.2,2,0
259,35,0,0.0,0.0,0.7763889838037314,0.9563889838037314,715.0,715.0,144.0,1.4,2,0
260,34,0,0.0,0.0,0.7771926467573294,0.9571926467573293,715.0,715.0,144.0,1.5999999999999999,3,0
261,34,0,0.0,0.0,0.7771926467573294,0.9571926467573293,770.0,734.25,144.0,1.5999999999999999,3,0
262,34,0,0.0,0.0,0.7771926467573294,0.9571926467573293,715.0,750.75,144.0,1.4,2,0
263,34,0,0.0,0.0,0.7771926467573294,0.9571926467573293,715.0,715.0,144.0,1.4,2,0
264,34,0,0.0,0.0,0.7571926467573293,0.9571926467573293,715.0,715.0,160.0,1.4,2,0
265,35,1,0.0,1.4055555555555554,0.7577092872274995,0.9577092872274995,715.0,715.0,160.0,1.4,2,0
266,35,0,0.0,0.0,0.7577092872274995,0.9577092872274995,660.0,695.75,160.0,1.2,2,0
267,36,0,0.0,0.0,0.7777092872274995,0.9577092872274995,605.0,640.75,144.0,1.2,2,0
268,35,0,0.0,0.0,0.7777092872274995,0.9577092872274995,605.0,605.0,144.0,1.2,2,0
269,35,0,0.0,0.0,0.7777092872274995,0.9577092872274995,660.0,624.25,144.0,1.4,2,0
270,34,0,0.0,0.0,0.7782259276976697,0.9582259276976697,660.0,660.0,144.0,1.5999999999999999,3,0
271,34,0,0.0,0.0,0.7582259276976697,0.9582259276976697,715.0,679.25,160.0,1.5999999999999999,3,0
272,35,1,0.0,0.0,0.7582259276976697,0.9582259276976697,715.0,715.0,160.0,1.5999999999999999,3,0
273,35,0,0.0,0.0,0.7782259276976697,0.9582259276976697,660.0,695.75,144.0,1.4,2,0
274,34,0,0.0,0.0,0.7782259276976697,0.9582259276976697,660.0,660.0,144.0,1.4,2,0
275,34,0,0.0,0.0,0.7796036356181235,0.9596036356181235,715.0,679.25,144.0,1.4,2,0
276,34,0,0.0,0.0,0.7596036356181235,0.9596036356181235,715.0,715.0,160.0,1.5999999999999999,3,0
277,32,0,0.0,0.0,0.7596036356181235,0.9596036356181235,715.0,715.0,160.0,1.9999999999999998,3,0
278,31,0,0.0,0.0,0.7596036356181235,0.9596036356181235,770.0,734.25,160.0,1.7999999999999998,3,0
279,27,0,0.0,0.0,0.7596036356181235,0.9596036356181235,770.0,770.0,160.0,1.7999999999999998,3,0
280,27,0,0.0,0.0,0.7608473997129777,0.9608473997129776,715.0,750.75,160.0,1.7999999999999998,3,0
281,26,0,0.0,0.0,0.7608473997129777,0.9608473997129776,715.0,715.0,160.0,1.9999999999999998,3,0
282,27,1,0.0,0.0,0.7608473997129777,0.9608473997129776,660.0,695.75,160.0,1.9999999999999998,3,0
283,27,0,0.0,0.0,0.7683473997129776,0.9608473997129776,605.0,640.75,154.0,1.7999999999999998,3,0
284,28,1,0.0,0.0,0.7683473997129776,0.9608473997129776,605.0,605.0,154.0,1.7999999999999998,3,0
285,29,0,0.0,0.0,0.7688449053509191,0.9613449053509191,605.0,605.0,154.0,1.7999999999999998,3,0
286,29,0,0.0,0.0,0.8038449053509191,0.9613449053509191,550.0,585.75,126.0,1.4,2,0
287,29,0,0.0,0.0,0.7932199053509192,0.9613449053509191,495.0,530.75,126.0,1.2,2,0
288,27,0,0.0,0.0,0.7813449053509192,0.9613449053509191,440.0,475.75,108.0,1.0,2,0
289,27,0,0.0,0.0,0.8044711553509191,0.9613449053509191,550.0,478.5,125.499,1.0,2,0
290,26,0,0.0,0.0,0.8049393436069159,0.9626843436069159,550.0,550.0,126.196,1.0,2,0
291,26,0,0.0,0.0,0.8049393436069159,0.9626843436069159,550.0,550.0,126.196,1.2,2,0
292,26,0,0.0,0.0,0.8049393436069159,0.9626843436069159,550.0,550.0,126.196,1.2,2,0
293,25,0,0.0,0.0,0.8012205936069158,0.9626843436069159,495.0,530.75,120.671,1.0,2,0
294,25,0,0.0,0.0,0.8012205936069158,0.9626843436069159,495.0,495.0,120.671,1.0,2,0
295,25,0,0.0,0.0,0.8014354082382287,0.9632966582382287,495.0,495.0,120.989,1.0,2,0
296,26,0,0.0,0.0,0.8014354082382287,0.9632966582382287,495.0,495.0,120.989,0.8,1,0
297,28,2,0.0,0.0,0.8014354082382287,0.9632966582382287,495.0,495.0,120.989,0.8,1,0
298,28,0,0.0,0.0,0.7951716582382287,0.9632966582382287,495.0,495.0,126.0,0.8,1,0
299,28,0,0.0,0.0,0.7951716582382287,0.9632966582382287,495.0,495.0,126.0,0.8,1,0
300,28,0,0.0,0.0,0.8054479554958376,0.9747617054958377,495.0,495.0,126.951,0.8,1,0
301,28,0,0.0,0.0,0.8054479554958376,0.9747617054958377,495.0,495.0,126.951,0.8,1,0
302,28,0,0.0,0.0,0.8054479554958376,0.9747617054958377,495.0,495.0,126.951,1.0,2,0
303,28,0,0.0,0.0,0.8066367054958377,0.9747617054958377,495.0,495.0,126.0,1.2,2,0
304,28,0,0.0,0.0,0.8066367054958377,0.9747617054958377,495.0,495.0,126.0,1.2,2,0
305,28,0,0.0,0.0,0.8105593461026852,0.9786843461026853,495.0,495.0,126.0,1.4,2,0
306,28,0,0.0,0.0,0.8105593461026852,0.9786843461026853,495.0,495.0,126.0,1.4,2,0
307,28,0,0.0,0.0,0.8105593461026852,0.9786843461026853,495.0,495.0,126.0,1.4,2,0
308,28,0,0.0,0.0,0.7947893461026853,0.9786843461026853,440.0,475.75,111.116,1.2,2,0
309,29,1,0.0,0.0,0.7947893461026853,0.9786843461026853,440.0,440.0,111.116,1.2,2,0
310,30,0,0.0,0.0,0.797836604696275,0.9828366046962751,440.0,440.0,112.0,1.2,2,0
311,32,2,0.0,0.0,0.797836604696275,0.9828366046962751,440.0,440.0,112.0,1.2,2,0
312,31,0,0.0,0.0,0.784211604696275,0.946774104696275,385.0,420.75,95.4,1.0,2,0
313,32,1,0.0,0.0,0.797836604696275,0.9828366046962751,440.0,404.25,112.0,1.0,2,0
314,32,0,0.0,0.0,0.796242854696275,0.9828366046962751,440.0,440.0,113.275,1.0,2,0
315,31,0,0.0,0.0,0.7972136553694111,0.9856111553694111,440.0,440.0,114.718,1.0,2,0
316,30,0,0.0,0.0,0.817486155369411,0.9856111553694111,495.0,459.25,126.0,0.6000000000000001,1,0
317,30,0,0.0,0.0,0.8281111553694112,0.9856111553694111,550.0,514.25,126.0,0.6000000000000001,1,0
318,31,1,0.0,0.0,0.8281111553694112,0.9856111553694111,550.0,550.0,126.0,0.6000000000000001,1,0
319,32,1,0.0,0.0,0.834986155369411,0.9856111553694111,495.0,530.75,112.0,0.8,1,0
320,32,0,0.0,0.0,0.8365169419476931,0.987141941947693,495.0,495.0,112.0,1.0,2,0
321,32,0,0.0,0.0,0.8365169419476931,0.987141941947693,495.0,495.0,112.0,1.0,2,0
322,32,0,0.0,0.0,0.819641941947693,0.987141941947693,440.0,475.75,98.0,0.8,1,0
323,33,1,0.0,0.0,0.819641941947693,0.987141941947693,440.0,440.0,98.0,1.0,2,0
324,33,0,0.0,0.0,0.819641941947693,0.987141941947693,440.0,440.0,98.0,1.0,2,0
325,34,1,0.0,0.0,0.8211344588615179,0.9886344588615179,440.0,440.0,98.0,1.0,2,0
326,32,0,0.0,0.0,0.7982719588615179,0.9886344588615179,440.0,440.0,116.29,1.0,2,0
327,31,0,0.0,0.0,0.8140219588615178,0.9886344588615179,550.0,478.5,139.69,1.0,2,0
328,30,0,0.0,0.0,0.8140219588615178,0.9886344588615179,605.0,569.25,139.69,1.0,2,0
329,33,2,0.0,0.0,0.8140219588615178,0.9886344588615179,660.0,624.25,139.69,1.0,2,0
330,32,0,0.0,0.0,0.8146187089298569,0.9903374589298568,660.0,660.0,140.575,1.0,2,0
331,32,0,0.0,0.0,0.8103374589298569,0.9903374589298568,715.0,679.25,144.0,1.0,2,0
332,32,0,0.0,0.0,0.8146187089298569,0.9903374589298568,715.0,715.0,140.575,1.0,2,0
333,31,0,0.0,0.0,0.8103374589298569,0.9903374589298568,715.0,715.0,144.0,1.0,2,0
334,30,0,0.0,0.0,0.8103374589298569,0.9903374589298568,715.0,715.0,144.0,0.8,1,0
335,29,0,0.0,0.0,0.8153879646361369,0.992537964636137,770.0,734.25,141.72,0.6000000000000001,1,0
336,29,0,0.0,0.0,0.8153879646361369,0.992537964636137,880.0,808.5,141.72,1.0,2,0
337,30,0,0.0,0.0,0.8153879646361369,0.992537964636137,880.0,880.0,141.72,1.0,2,0
338,31,1,0.0,1.4055555555555554,0.8153879646361369,0.992537964636137,880.0,880.0,141.72,1.2,2,0
339,31,0,0.0,0.0,0.812537964636137,0.992537964636137,880.0,880.0,144.0,1.4,2,0
340,31,0,0.0,0.0,0.7951403018192165,0.9951403018192164,880.0,880.0,160.0,1.4,2,0
341,32,0,0.0,0.0,0.7951403018192165,0.9951403018192164,880.0,880.0,160.0,1.4,2,0
342,32,0,0.0,0.0,0.7951403018192165,0.9951403018192164,880.0,880.0,160.0,1.4,2,0
343,31,0,0.0,0.0,0.7951403018192165,0.9951403018192164,880.0,880.0,160.0,1.4,2,0
344,32,1,0.0,14.766666666666666,0.7951403018192165,0.9951403018192164,880.0,880.0,160.0,1.2,2,0
345,32,0,0.0,0.0,0.7969581108809263,0.9969581108809262,880.0,880.0,160.0,1.4,2,0
346,32,0,0.0,0.0,0.7969581108809263,0.9969581108809262,825.0,860.75,160.0,1.2,2,0
347,33,1,0.0,14.766666666666666,0.7969581108809263,0.9969581108809262,825.0,825.0,160.0,1.4,2,0
348,33,0,0.0,0.0,0.7969581108809263,0.9969581108809262,825.0,825.0,160.0,1.4,2,0
349,34,1,0.0,14.766666666666666,0.7969581108809263,0.9969581108809262,825.0,825.0,160.0,1.7999999999999998,3,0
350,34,0,0.0,0.0,0.7986993806137219,0.9986993806137219,825.0,825.0,160.0,1.9999999999999998,3,0
351,34,0,0.0,0.0,0.7986993806137219,0.9986993806137219,825.0,825.0,160.0,2.1999999999999997,4,0
352,35,1,0.0,14.766666666666666,0.7986993806137219,0.9986993806137219,825.0,825.0,160.0,2.1999999999999997,4,0
353,35,0,0.0,0.0,0.7986993806137219,0.9986993806137219,770.0,805.75,160.0,2.1999999999999997,4,0
354,36,1,0.0,14.766666666666666,0.7986993806137219,0.9986993806137219,770.0,770.0,160.0,2.1999999999999997,4,0
355,36,0,0.0,0.0,0.8004597851787463,1.0,770.0,770.0,160.0,2.1999999999999997,4,0
356,37,1,0.0,14.766666666666666,0.8004597851787463,1.0,715.0,750.75,160.0,1.9999999999999998,3,0
357,38,1,0.0,14.766666666666666,0.8004597851787463,1.0,660.0,695.75,160.0,1.9999999999999998,3,0
358,38,0,0.0,0.0,0.8004597851787463,1.0,660.0,660.0,160.0,1.9999999999999998,3,0
359,39,1,0.0,14.766666666666666,0.8004597851787463,1.0,660.0,660.0,160.0,1.9999999999999998,3,0
360,39,0,0.0,0.0,0.812305063896672,1.0,660.0,660.0,160.0,1.9999999999999998,3,0
361,40,1,0.0,14.766666666666666,0.819805063896672,1.0,605.0,640.75,154.0,1.7999999999999998,3,0
362,41,1,0.0,0.0,0.8196800638966719,1.0,495.0,566.5,145.6,1.5999999999999999,3,0
363,41,1,0.0,0.0,0.8196800638966719,1.0,495.0,495.0,145.6,1.5999999999999999,3,0
364,43,2,0.0,0.0,0.830305063896672,1.0,550.0,514.25,145.6,1.5999999999999999,3,0
365,43,1,0.0,0.0,0.8359689742363152,1.0,550.0,550.0,145.6,1.5999999999999999,3,0
366,41,0,0.0,0.0,0.8359689742363152,1.0,550.0,550.0,145.6,1.5999999999999999,3,0
367,41,0,0.0,0.0,0.8359689742363152,1.0,660.0,588.5,145.6,1.5999999999999999,3,0
368,41,1,0.0,0.0,0.8604689742363152,1.0,550.0,621.5,126.0,1.2,2,0
369,42,1,0.0,0.0,0.8673439742363153,1.0,495.0,530.75,112.0,0.8,1,0
370,41,0,0.0,0.0,0.8527716035672794,1.0,495.0,495.0,126.0,0.8,1,0
371,40,0,0.0,0.0,0.8527716035672794,1.0,495.0,495.0,126.0,0.6000000000000001,1,0
372,41,1,0.0,0.0,0.8527716035672794,1.0,495.0,495.0,126.0,0.6000000000000001,1,0
373,41,2,0.0,0.0,0.8352716035672794,1.0,495.0,495.0,140.0,0.8,1,0
374,40,0,0.0,0.0,0.8388966035672796,1.0,605.0,533.5,145.6,0.8,1,0
375,41,1,0.0,0.0,0.8408674912868175,1.0,605.0,605.0,145.6,0.8,1,0
376,41,0,0.0,0.0,0.8408674912868175,1.0,550.0,585.75,145.6,0.8,1,0
377,40,0,0.0,0.0,0.8408674912868175,1.0,550.0,550.0,145.6,0.8,1,0
378,38,0,0.0,0.0,0.8408674912868175,1.0,605.0,569.25,145.6,0.6000000000000001,1,0
379,35,0,0.0,0.0,0.8408674912868175,1.0,605.0,605.0,145.6,0.6000000000000001,1,0
380,34,0,0.0,0.0,0.8426470306840703,1.0,660.0,624.25,145.6,0.6000000000000001,1,0
381,35,0,0.0,0.0,0.8426470306840703,1.0,660.0,660.0,145.6,0.8,1,0
382,35,0,0.0,0.0,0.8426470306840703,1.0,660.0,660.0,145.6,0.8,1,0
383,35,0,0.0,0.0,0.8426470306840703,1.0,660.0,660.0,145.6,1.0,2,0
384,35,0,0.0,0.0,0.8426470306840703,1.0,660.0,660.0,145.6,1.2,2,0
385,35,0,0.0,0.0,0.844350030752409,1.0,660.0,660.0,145.6,1.2,2,0
386,35,0,0.0,0.0,0.844350030752409,1.0,605.0,640.75,145.6,1.2,2,0
387,36,1,0.0,0.0,0.844350030752409,1.0,605.0,605.0,145.6,1.2,2,0
388,37,0,0.0,0.0,0.8513500307524089,1.0,605.0,605.0,140.0,1.0,2,0
389,38,1,0.0,0.0,0.8513500307524089,1.0,605.0,605.0,140.0,1.0,2,0
390,39,1,0.0,0.0,0.8465605139069228,1.0,605.0,605.0,144.0,1.0,2,0
391,40,1,0.0,0.0,0.8465605139069228,1.0,605.0,605.0,144.0,1.2,2,0
392,39,0,0.0,0.0,0.8445605139069228,1.0,605.0,605.0,145.6,1.2,2,0
393,39,0,0.0,0.0,0.8445605139069228,1.0,660.0,624.25,145.6,1.2,2,0
394,39,0,0.0,0.0,0.8465605139069228,1.0,605.0,640.75,144.0,1.0,2,0
395,39,0,0.0,0.0,0.8488375589421173,1.0,605.0,605.0,144.0,1.4,2,0
396,38,0,0.0,0.0,0.8468375589421173,1.0,605.0,605.0,145.6,1.4,2,0
397,37,0,0.0,0.0,0.8468375589421173,1.0,660.0,624.25,145.6,1.2,2,0
398,37,0,0.0,0.0,0.8468375589421173,1.0,715.0,679.25,145.6,1.2,2,0
399,37,0,0.0,0.0,0.8468375589421173,1.0,715.0,715.0,145.6,1.2,2,0
400,36,0,0.0,0.0,0.8492294129706828,1.0,715.0,715.0,145.6,1.2,2,0
401,37,1,0.0,14.766666666666666,0.8492294129706828,1.0,770.0,734.25,145.6,1.2,2,0
402,38,1,0.0,14.766666666666666,0.8492294129706828,1.0,770.0,770.0,145.6,1.0,2,0
403,38,0,0.0,0.0,0.8492294129706828,1.0,770.0,770.0,145.6,1.0,2,0
404,39,1,0.0,14.766666666666666,0.8492294129706828,1.0,770.0,770.0,145.6,1.2,2,0
405,39,0,0.0,0.0,0.8501287500854235,1.0,770.0,770.0,145.6,1.4,2,0
406,39,0,0.0,0.0,0.8501287500854235,1.0,770.0,770.0,145.6,1.4,2,0
407,40,0,0.0,0.0,0.8501287500854235,1.0,770.0,770.0,145.6,1.4,2,0
408,40,0,0.0,0.0,0.8501287500854235,1.0,770.0,770.0,145.6,1.2,2,0
409,40,0,0.0,0.0,0.8501287500854235,1.0,770.0,770.0,145.6,1.2,2,0
410,40,0,0.0,0.0,0.8510089523679356,1.0,770.0,770.0,145.6,1.2,2,0
411,40,0,0.0,0.0,0.8510089523679356,1.0,715.0,750.75,145.6,1.0,2,0
412,41,1,0.0,1.4055555555555554,0.8510089523679356,1.0,715.0,715.0,145.6,1.2,2,0
413,41,0,0.0,0.0,0.8510089523679356,1.0,715.0,715.0,145.6,1.0,2,0
414,42,2,0.0,1.4055555555555554,0.8510089523679356,1.0,715.0,715.0,145.6,1.2,2,0
415,43,0,0.0,0.0,0.8511620310257637,1.0,715.0,715.0,145.6,1.0,2,0
416,44,1,0.0,0.0,0.8511620310257637,1.0,660.0,695.75,145.6,0.8,1,0
417,45,1,0.0,0.0,0.8511620310257637,1.0,605.0,640.75,145.6,0.6000000000000001,1,0
418,46,1,0.0,0.0,0.8511620310257637,1.0,605.0,605.0,145.6,0.6000000000000001,1,0
419,47,1,0.0,0.0,0.8511620310257637,1.0,605.0,605.0,145.6,0.6000000000000001,1,0
420,47,0,0.0,0.0,1.0,1.0,605.0,605.0,145.6,0.8,1,0
421,45,0,0.0,0.0,1.0,1.0,605.0,605.0,145.6,0.8,1,0
422,46,1,0.0,0.0,1.0,1.0,715.0,643.5,145.6,1.0,2,0
423,45,0,0.0,0.0,1.0,1.0,660.0,695.75,145.6,0.8,1,0
424,45,0,0.0,0.0,1.0,1.0,715.0,679.25,145.6,1.0,2,0
425,43,0,0.0,0.0,1.0,1.0,715.0,715.0,145.6,1.0,2,0
426,44,1,0.0,1.4055555555555554,1.0,1.0,825.0,753.5,160.0,1.0,2,0
427,45,1,0.0,1.4055555555555554,1.0,1.0,825.0,825.0,160.0,1.0,2,0
428,44,0,0.0,0.0,1.0,1.0,825.0,825.0,160.0,1.2,2,0
429,44,0,0.0,0.0,1.0,1.0,880.0,844.25,160.0,1.5999999999999999,3,0
430,44,1,0.0,14.766666666666666,1.0,1.0,825.0,860.75,160.0,1.4,2,0
431,44,1,0.0,14.766666666666666,1.0,1.0,825.0,825.0,160.0,1.4,2,0
432,44,0,0.0,0.0,1.0,1.0,825.0,825.0,160.0,1.2,2,0
433,43,0,0.0,0.0,1.0,1.0,770.0,805.75,160.0,1.0,2,0
434,43,0,0.0,0.0,1.0,1.0,825.0,789.25,160.0,1.0,2,0
435,43,0,0.0,0.0,1.0,1.0,825.0,825.0,160.0,1.2,2,0
436,43,0,0.0,0.0,1.0,1.0,825.0,825.0,160.0,1.4,2,0
437,44,2,0.0,14.766666666666666,1.0,1.0,770.0,805.75,160.0,1.4,2,0
438,45,1,0.0,14.766666666666666,1.0,1.0,770.0,770.0,160.0,1.5999999999999999,3,0
439,45,0,0.0,0.0,1.0,1.0,770.0,770.0,160.0,1.7999999999999998,3,0
440,45,0,0.0,0.0,1.0,1.0,770.0,770.0,160.0,1.7999999999999998,3,0
441,46,1,0.0,14.766666666666666,1.0,1.0,770.0,770.0,160.0,1.9999999999999998,3,0
442,49,3,0.0,1.4055555555555557,1.0,1.0,715.0,750.75,160.0,1.7999999999999998,3,0
443,49,0,0.0,0.0,1.0,1.0,715.0,715.0,160.0,1.7999999999999998,3,0
444,47,0,0.0,0.0,1.0,1.0,715.0,715.0,160.0,1.7999999999999998,3,0
445,49,2,0.0,1.4055555555555554,1.0,1.0,715.0,715.0,160.0,1.7999999999999998,3,0
446,49,0,0.0,0.0,1.0,1.0,715.0,715.0,160.0,1.7999999999999998,3,0
447,51,2,0.0,1.4055555555555554,1.0,1.0,715.0,715.0,160.0,1.9999999999999998,3,0
448,50,0,0.0,0.0,1.0,1.0,715.0,715.0,160.0,1.7999999999999998,3,0
449,50,0,0.0,0.0,1.0,1.0,770.0,734.25,160.0,1.9999999999999998,3,0
450,50,0,0.0,0.0,1.0,1.0,715.0,750.75,160.0,1.7999999999999998,3,0
451,50,0,0.0,0.0,1.0,1.0,715.0,715.0,160.0,1.7999999999999998,3,0
452,51,0,0.0,0.0,1.0,1.0,660.0,695.75,144.0,1.2,2,0
453,50,0,0.0,0.0,1.0,1.0,715.0,679.25,145.6,1.2,2,0
454,51,1,0.0,1.4055555555555554,1.0,1.0,770.0,734.25,145.6,1.2,2,0
455,51,1,0.0,1.4055555555555554,1.0,1.0,770.0,770.0,160.0,1.5999999999999999,3,0
456,49,0,0.0,0.0,1.0,1.0,825.0,789.25,160.0,1.7999999999999998,3,0
457,48,0,0.0,0.0,1.0,1.0,935.0,863.5,160.0,1.7999999999999998,3,0
458,48,0,0.0,0.0,1.0,1.0,825.0,896.5,145.6,1.5999999999999999,3,0
459,46,0,0.0,0.0,1.0,1.0,770.0,805.75,145.6,1.4,2,0
460,46,0,0.0,0.0,1.0,1.0,770.0,770.0,145.6,1.4,2,0
461,46,0,0.0,0.0,1.0,1.0,715.0,750.75,145.6,1.2,2,0
462,46,0,0.0,0.0,1.0,1.0,715.0,715.0,145.6,1.2,2,0
463,45,0,0.0,0.0,1.0,1.0,715.0,715.0,145.6,1.2,2,0
464,45,1,0.0,0.0,1.0,1.0,715.0,715.0,145.6,1.4,2,0
465,46,1,0.0,0.0,1.0,1.0,715.0,715.0,145.6,1.4,2,0
466,45,0,0.0,0.0,1.0,1.0,715.0,715.0,145.6,1.4,2,0
467,47,1,0.0,0.0,1.0,1.0,605.0,676.5,126.0,1.0,2,0
468,47,1,0.0,0.0,1.0,1.0,605.0,605.0,140.0,1.0,2,0
469,47,0,0.0,0.0,1.0,1.0,660.0,624.25,140.0,1.0,2,0
470,44,0,0.0,0.0,1.0,1.0,605.0,640.75,140.0,0.6000000000000001,1,0
471,43,0,0.0,0.0,1.0,1.0,660.0,624.25,145.6,0.6000000000000001,1,0
472,44,1,0.0,0.0,1.0,1.0,715.0,679.25,145.6,0.6000000000000001,1,0
473,43,0,0.0,0.0,1.0,1.0,715.0,715.0,145.6,0.8,1,0
474,44,1,0.0,0.0,1.0,1.0,715.0,715.0,145.6,0.8,1,0
475,45,1,0.0,0.0,1.0,1.0,715.0,715.0,145.6,0.6000000000000001,1,0
476,45,0,0.0,0.0,1.0,1.0,715.0,715.0,145.6,0.6000000000000001,1,0
477,45,0,0.0,0.0,1.0,1.0,715.0,715.0,145.6,0.4,0,0
478,45,0,0.0,0.0,1.0,1.0,770.0,734.25,145.6,0.6000000000000001,1,0
479,45,0,0.0,0.0,1.0,1.0,770.0,770.0,145.6,0.4,0,0
480,44,0,0.0,0.0,1.0,1.0,770.0,770.0,145.6,0.4,0,0
481,45,2,0.0,14.766666666666666,1.0,1.0,825.0,789.25,145.6,0.6000000000000001,1,0
482,47,2,0.0,22.766666666666666,1.0,1.0,825.0,825.0,145.6,0.8,1,0
483,48,1,0.0,22.766666666666666,1.0,1.0,825.0,825.0,145.6,1.4,2,0
484,48,0,0.0,0.0,1.0,1.0,825.0,825.0,145.6,1.2,2,0
485,49,1,0.0,14.766666666666666,1.0,1.0,825.0,825.0,145.6,1.2,2,0
486,50,1,0.0,1.4055555555555554,1.0,1.0,770.0,805.75,145.6,1.0,2,0
487,51,1,0.0,1.4055555555555554,1.0,1.0,770.0,770.0,160.0,1.2,2,0
488,51,0,0.0,0.0,1.0,1.0,770.0,770.0,160.0,1.2,2,0
489,52,1,0.0,1.4055555555555554,1.0,1.0,770.0,770.0,160.0,1.2,2,0
490,53,0,0.0,0.0,1.0,1.0,715.0,750.75,160.0,1.0,2,0
491,51,0,0.0,0.0,1.0,1.0,715.0,715.0,160.0,1.2,2,0
492,51,0,0.0,0.0,1.0,1.0,770.0,734.25,160.0,1.4,2,0
493,51,0,0.0,0.0,1.0,1.0,770.0,770.0,160.0,1.5999999999999999,3,0
494,51,0,0.0,0.0,1.0,1.0,770.0,770.0,160.0,1.5999999999999999,3,0
495,51,0,0.0,0.0,1.0,1.0,770.0,770.0,160.0,1.4,2,0
496,51,0,0.0,0.0,1.0,1.0,770.0,770.0,160.0,1.4,2,0
497,51,0,0.0,0.0,1.0,1.0,770.0,770.0,160.0,1.5999999999999999,3,0
498,52,1,0.0,22.766666666666666,1.0,1.0,770.0,770.0,160.0,1.7999999999999998,3,0
499,52,0,0.0,0.0,1.0,1.0,770.0,770.0,160.0,1.7999999999999998,3,0
500,53,1,0.0,14.766666666666666,1.0,1.0,770.0,770.0,160.0,1.9999999999999998,3,0
501,53,0,0.0,0.0,1.0,1.0,770.0,770.0,160.0,1.9999999999999998,3,0
502,54,1,0.0,14.766666666666666,1.0,1.0,770.0,770.0,160.0,1.9999999999999998,3,0
503,54,0,0.0,0.0,1.0,1.0,770.0,770.0,160.0,1.9999999999999998,3,0
504,53,0,0.0,0.0,1.0,1.0,715.0,750.75,160.0,1.5999999999999999,3,0
505,55,1,0.0,14.766666666666666,1.0,1.0,770.0,734.25,160.0,2.1999999999999997,4,0
506,55,0,0.0,0.0,1.0,1.0,770.0,770.0,160.0,2.1999999999999997,4,0
507,54,0,0.0,0.0,1.0,1.0,770.0,770.0,160.0,2.1999999999999997,4,0
508,53,0,0.0,0.0,1.0,1.0,770.0,770.0,160.0,1.9999999999999998,3,0
509,52,0,0.0,0.0,1.0,1.0,825.0,789.25,160.0,1.9999999999999998,3,0
510,52,0,0.0,0.0,1.0,1.0,880.0,844.25,160.0,2.1999999999999997,4,0
511,51,0,0.0,0.0,1.0,1.0,825.0,860.75,160.0,1.9999999999999998,3,0
512,51,0,0.0,0.0,1.0,1.0,825.0,825.0,160.0,1.7999999999999998,3,0
513,51,1,0.0,0.0,1.0,1.0,825.0,825.0,160.0,1.7999999999999998,3,0
514,51,0,0.0,0.0,1.0,1.0,825.0,825.0,160.0,1.5999999999999999,3,0
515,51,0,0.0,0.0,1.0,1.0,825.0,825.0,160.0,1.7999999999999998,3,0
516,51,0,0.0,0.0,1.0,1.0,825.0,825.0,160.0,1.7999999999999998,3,0
517,51,0,0.0,0.0,1.0,1.0,770.0,805.75,160.0,1.5999999999999999,3,0
518,52,1,0.0,0.0,1.0,1.0,715.0,750.75,160.0,1.5999999999999999,3,0
519,51,0,0.0,0.0,1.0,1.0,660.0,695.75,160.0,1.5999999999999999,3,0
520,52,1,0.0,0.0,1.0,1.0,715.0,679.25,160.0,1.5999999999999999,3,0
521,52,0,0.0,0.0,1.0,1.0,605.0,676.5,154.0,1.2,2,0
522,50,0,0.0,0.0,1.0,1.0,605.0,605.0,160.0,1.2,2,0
523,50,0,0.0,0.0,1.0,1.0,605.0,605.0,145.6,1.4,2,0
524,50,0,0.0,0.0,1.0,1.0,605.0,605.0,145.6,1.5999999999999999,3,0
525,49,0,0.0,0.0,1.0,1.0,605.0,605.0,145.6,1.5999999999999999,3,0
526,49,0,0.0,0.0,1.0,1.0,660.0,624.25,145.6,1.5999999999999999,3,0
527,50,1,0.0,0.0,1.0,1.0,660.0,660.0,144.0,1.4,2,0
528,50,1,0.0,0.0,1.0,1.0,660.0,660.0,145.6,1.4,2,0
529,51,1,0.0,0.0,1.0,1.0,660.0,660.0,145.6,1.4,2,0
530,51,1,0.0,0.0,1.0,1.0,660.0,660.0,145.6,1.4,2,0
531,52,1,0.0,0.0,1.0,1.0,605.0,640.75,140.0,1.2,2,0
532,52,0,0.0,0.0,1.0,1.0,605.0,605.0,140.0,1.4,2,0
533,53,1,0.0,0.0,1.0,1.0,550.0,585.75,126.0,1.2,2,0
534,53,0,0.0,0.0,1.0,1.0,550.0,550.0,140.0,1.2,2,0
535,53,0,0.0,0.0,1.0,1.0,550.0,550.0,140.0,1.0,2,0
536,54,1,0.0,0.0,1.0,1.0,605.0,569.25,140.0,1.0,2,0
537,54,0,0.0,0.0,1.0,1.0,605.0,605.0,140.0,1.0,2,0
538,54,0,0.0,0.0,1.0,1.0,550.0,585.75,126.0,0.8,1,0
539,54,0,0.0,0.0,1.0,1.0,550.0,550.0,126.0,0.6000000000000001,1,0
540,54,0,0.0,0.0,0.8630499976876997,1.0,495.0,530.75,126.0,0.4,0,0
541,54,0,0.0,0.0,0.8630499976876997,1.0,495.0,495.0,126.0,0.4,0,0
542,54,0,0.0,0.0,0.8630499976876997,1.0,495.0,495.0,126.0,0.4,0,0
543,54,0,0.0,0.0,0.8630499976876997,1.0,495.0,495.0,126.0,0.4,0,0
544,53,0,0.0,0.0,0.8630499976876997,1.0,495.0,495.0,126.0,0.4,0,0
545,52,0,0.0,0.0,0.8591847615775379,1.0,495.0,495.0,126.0,0.2,0,0
546,49,0,0.0,0.0,0.8698097615775378,1.0,550.0,514.25,126.0,0.4,0,0
547,50,1,0.0,0.0,0.8698097615775378,1.0,715.0,607.75,126.0,0.4,0,0
548,52,1,0.0,0.0,0.8453097615775378,1.0,715.0,715.0,145.6,0.4,0,0
549,52,0,0.0,0.0,0.8453097615775378,1.0,715.0,715.0,145.6,0.4,0,0
550,53,1,0.0,0.0,0.8427074243944586,1.0,715.0,715.0,145.6,0.6000000000000001,1,0
551,53,1,0.0,0.0,0.8427074243944586,1.0,715.0,715.0,145.6,0.6000000000000001,1,0
552,53,0,0.0,0.0,0.8247074243944585,1.0,715.0,715.0,160.0,0.4,0,0
553,51,0,0.0,0.0,0.8247074243944585,1.0,715.0,715.0,160.0,0.8,1,0
554,52,1,0.0,0.0,0.8247074243944585,1.0,825.0,753.5,160.0,0.8,1,0
555,50,0,0.0,0.0,0.8229470198294342,1.0,825.0,825.0,160.0,1.0,2,0
556,50,0,0.0,0.0,0.8229470198294342,1.0,935.0,863.5,160.0,1.4,2,0
557,50,0,0.0,0.0,0.8229470198294342,1.0,935.0,935.0,160.0,1.7999999999999998,3,0
558,50,0,0.0,0.0,0.8229470198294342,1.0,935.0,935.0,160.0,1.7999999999999998,3,0
559,50,0,0.0,0.0,0.8229470198294342,1.0,935.0,935.0,160.0,1.9999999999999998,3,0
560,51,1,0.0,22.766666666666666,0.8191965927126434,1.0,935.0,935.0,160.0,2.1999999999999997,4,0
561,52,1,0.0,22.766666666666666,0.8191965927126434,1.0,935.0,935.0,160.0,2.1999999999999997,4,0
562,53,0,0.0,0.0,0.8191965927126434,1.0,935.0,935.0,160.0,2.1999999999999997,4,0
563,53,0,0.0,0.0,0.8191965927126434,1.0,935.0,935.0,160.0,2.1999999999999997,4,0
564,54,0,0.0,0.0,0.8191965927126434,1.0,935.0,935.0,160.0,1.9999999999999998,3,0
565,54,0,0.0,0.0,0.8160010757304799,1.0,935.0,935.0,160.0,1.9999999999999998,3,0
566,55,0,0.0,0.0,0.8160010757304799,1.0,935.0,935.0,160.0,2.1999999999999997,4,0
567,55,0,0.0,0.0,0.8160010757304799,1.0,935.0,935.0,160.0,2.6,5,0
568,55,0,0.0,0.0,0.8160010757304799,1.0,935.0,935.0,160.0,2.6,5,0
569,55,0,0.0,0.0,0.8160010757304799,1.0,825.0,896.5,160.0,1.9999999999999998,3,0
570,55,0,0.0,0.0,0.8125950755938025,1.0,825.0,825.0,160.0,1.9999999999999998,3,0
571,55,0,0.0,0.0,0.8125950755938025,1.0,770.0,805.75,160.0,1.7999999999999998,3,0
572,55,0,0.0,0.0,0.8125950755938025,1.0,770.0,770.0,160.0,2.1999999999999997,4,0
573,55,0,0.0,0.0,0.8125950755938025,1.0,770.0,770.0,160.0,2.1999999999999997,4,0
574,54,0,0.0,0.0,0.8125950755938025,1.0,715.0,750.75,160.0,2.1999999999999997,4,0
575,55,1,0.0,1.4055555555555554,0.8095717721016955,1.0,715.0,715.0,160.0,1.9999999999999998,3,0
576,55,1,0.0,1.4055555555555554,0.8095717721016955,1.0,660.0,695.75,160.0,1.7999999999999998,3,0
577,55,0,0.0,0.0,0.8095717721016955,1.0,715.0,679.25,160.0,1.7999999999999998,3,0
578,55,0,0.0,0.0,0.8095717721016955,1.0,715.0,715.0,160.0,1.7999999999999998,3,0
579,55,0,0.0,0.0,0.8095717721016955,1.0,715.0,715.0,160.0,1.7999999999999998,3,0
580,56,1,0.0,1.4055555555555554,0.8149478057243292,1.0,660.0,695.75,154.0,1.5999999999999999,3,0
581,57,1,0.0,0.0,0.8274478057243293,1.0,605.0,640.75,144.0,1.4,2,0
582,58,1,0.0,0.0,0.8274478057243293,1.0,605.0,605.0,144.0,1.5999999999999999,3,0
583,59,1,0.0,0.0,0.8568228057243293,1.0,495.0,566.5,112.0,1.2,2,0
584,60,0,0.0,0.0,0.8393228057243294,1.0,495.0,495.0,126.0,1.2,2,0
585,61,1,0.0,0.0,0.8337737043780571,1.0,495.0,495.0,126.0,1.2,2,0
586,62,1,0.0,0.0,0.8337737043780571,1.0,495.0,495.0,126.0,1.2,2,0
587,62,0,0.0,0.0,0.8029149543780572,1.0,440.0,475.75,123.187,1.0,2,0
588,62,0,0.0,0.0,0.7788524543780572,0.9252737043780571,330.0,401.5,87.437,0.6000000000000001,1,0
589,62,0,0.0,0.0,0.7788524543780572,0.9252737043780571,330.0,330.0,87.437,0.6000000000000001,1,0
590,62,0,0.0,0.0,0.7647811874642322,0.8832186874642323,275.0,310.75,70.0,0.6000000000000001,1,0
591,63,1,0.0,0.0,0.7647811874642322,0.8832186874642323,275.0,275.0,70.0,0.6000000000000001,1,0
592,63,0,0.0,0.0,0.7647811874642322,0.8832186874642323,275.0,275.0,70.0,0.8,1,0
593,63,0,0.0,0.0,0.7966561874642323,0.9237811874642322,330.0,294.25,72.0,0.8,1,0
594,62,0,0.0,0.0,0.7783299374642323,0.9237811874642322,330.0,330.0,86.661,0.8,1,0
595,61,0,0.0,0.0,0.7896172210868659,0.9622197210868659,385.0,349.25,103.432,0.8,1,0
596,61,0,0.0,0.0,0.813282221086866,0.998282221086866,440.0,404.25,112.0,0.8,1,0
597,61,2,0.0,0.0,0.801648471086866,0.998282221086866,440.0,440.0,121.307,0.8,1,0
598,61,0,0.0,0.0,0.823282221086866,0.998282221086866,550.0,478.5,140.0,0.8,1,0
599,61,0,0.0,0.0,0.830157221086866,0.998282221086866,495.0,530.75,126.0,0.6000000000000001,1,0
600,61,0,0.0,0.0,0.8328400782029048,1.0,495.0,495.0,126.0,0.6000000000000001,1,0
601,62,1,0.0,0.0,0.8159650782029049,1.0,440.0,475.75,112.0,0.8,1,0
602,59,0,0.0,0.0,0.7905563282029049,0.9649025782029048,385.0,420.75,104.827,0.6000000000000001,1,0
603,59,1,0.0,0.0,0.8328400782029048,1.0,495.0,423.5,126.0,0.6000000000000001,1,0
604,60,0,0.0,0.0,0.843465078202905,1.0,550.0,514.25,126.0,0.6000000000000001,1,0
605,59,1,0.0,0.0,0.8255249770616488,1.0,550.0,550.0,140.0,0.6000000000000001,1,0
606,58,0,0.0,0.0,0.8255249770616488,1.0,605.0,569.25,140.0,0.6000000000000001,1,0
607,57,0,0.0,0.0,0.818524977061649,1.0,605.0,605.0,145.6,0.6000000000000001,1,0
608,57,0,0.0,0.0,0.818524977061649,1.0,660.0,624.25,145.6,0.8,1,0
609,57,0,0.0,0.0,0.818524977061649,1.0,660.0,660.0,145.6,0.8,1,0
610,56,0,0.0,0.0,0.8173734123619973,0.9982096623619974,660.0,660.0,144.669,0.8,1,0
611,56,0,0.0,0.0,0.8173734123619973,0.9982096623619974,715.0,679.25,144.669,0.8,1,0
612,56,0,0.0,0.0,0.8173734123619973,0.9982096623619974,715.0,715.0,144.669,0.8,1,0
613,56,0,0.0,0.0,0.8173734123619973,0.9982096623619974,715.0,715.0,144.669,1.0,2,0
614,56,0,0.0,0.0,0.8173734123619973,0.9982096623619974,715.0,715.0,144.669,0.8,1,0
615,57,1,0.0,14.766666666666666,0.8158867296072649,0.9939617296072649,715.0,715.0,142.46,0.8,1,0
616,62,4,0.0,14.766666666666666,0.813961729607265,0.9939617296072649,715.0,715.0,144.0,1.0,2,0
617,62,0,0.0,0.0,0.793961729607265,0.9939617296072649,715.0,715.0,160.0,1.0,2,0
618,62,0,0.0,0.0,0.813961729607265,0.9939617296072649,660.0,695.75,144.0,1.2,2,0
619,62,0,0.0,0.0,0.793961729607265,0.9939617296072649,660.0,660.0,160.0,1.2,2,0
620,62,0,0.0,0.0,0.7910149654440721,0.9910149654440721,660.0,660.0,160.0,1.0,2,0
621,62,0,0.0,0.0,0.7910149654440721,0.9910149654440721,660.0,660.0,160.0,1.2,2,0
622,62,0,0.0,0.0,0.7910149654440721,0.9910149654440721,660.0,660.0,160.0,1.4,2,0
623,62,0,0.0,0.0,0.7985149654440721,0.9910149654440721,605.0,640.75,154.0,1.2,2,0
624,63,1,0.0,0.0,0.7985149654440721,0.9910149654440721,605.0,605.0,154.0,1.5999999999999999,3,0
625,63,0,0.0,0.0,0.7957021451064791,0.9882021451064791,605.0,605.0,154.0,1.5999999999999999,3,0
626,63,0,0.0,0.0,0.8082021451064791,0.9882021451064791,605.0,605.0,144.0,1.5999999999999999,3,0
627,64,0,0.0,0.0,0.8082021451064791,0.9882021451064791,605.0,605.0,144.0,1.5999999999999999,3,0
628,65,1,0.0,0.0,0.8082021451064791,0.9882021451064791,605.0,605.0,144.0,1.5999999999999999,3,0
629,65,0,0.0,0.0,0.8082021451064791,0.9882021451064791,605.0,605.0,144.0,1.5999999999999999,3,0
630,65,0,0.0,0.0,0.8100066281243155,0.9850066281243155,550.0,585.75,140.0,1.4,2,0
631,66,1,0.0,0.0,0.8100066281243155,0.9850066281243155,550.0,550.0,140.0,1.4,2,0
632,67,1,0.0,0.0,0.8100066281243155,0.9850066281243155,550.0,550.0,140.0,1.4,2,0
633,67,1,0.0,0.0,0.7925066281243155,0.9850066281243155,550.0,550.0,154.0,1.4,2,0
634,67,0,0.0,0.0,0.8100066281243155,0.9850066281243155,550.0,550.0,140.0,1.2,2,0
635,67,0,0.0,0.0,0.8150829538948341,0.9832079538948342,495.0,530.75,126.0,1.2,2,0
636,67,1,0.0,0.0,0.7963729538948341,0.9832079538948342,440.0,475.75,113.468,1.0,2,0
637,67,0,0.0,0.0,0.7982079538948341,0.9832079538948342,440.0,440.0,112.0,0.8,1,0
638,65,0,0.0,0.0,0.7963729538948341,0.9832079538948342,440.0,440.0,113.468,1.2,2,0
639,66,1,0.0,14.766666666666666,0.8150829538948341,0.9832079538948342,495.0,459.25,126.0,1.0,2,0
640,67,0,0.0,0.0,0.8125380212084403,0.9806630212084404,495.0,495.0,126.0,1.0,2,0
641,66,0,0.0,0.0,0.7954817712084403,0.9806630212084404,440.0,475.75,112.145,0.8,1,0
642,65,0,0.0,0.0,0.8075130212084403,0.9806630212084404,495.0,459.25,130.02,0.8,1,0
643,64,0,0.0,0.0,0.8112317712084405,0.9806630212084404,550.0,514.25,135.545,0.8,1,0
644,64,0,0.0,0.0,0.8231630212084404,0.9806630212084404,550.0,550.0,126.0,0.6000000000000001,1,0
645,64,1,0.0,14.766666666666666,0.8102941446964468,0.9779841446964468,550.0,550.0,134.152,0.6000000000000001,1,0
646,63,0,0.0,0.0,0.8102941446964468,0.9779841446964468,605.0,569.25,134.152,0.8,1,0
647,63,0,0.0,0.0,0.8102941446964468,0.9779841446964468,660.0,624.25,134.152,0.8,1,0
648,63,0,0.0,0.0,0.8102941446964468,0.9779841446964468,660.0,660.0,134.152,0.8,1,0
649,64,0,0.0,0.0,0.8102941446964468,0.9779841446964468,715.0,679.25,134.152,1.0,2,0
650,63,0,0.0,0.0,0.8094639255001098,0.9756114255001098,715.0,715.0,132.918,1.2,2,0
651,64,1,0.0,14.766666666666666,0.8094639255001098,0.9756114255001098,660.0,695.75,132.918,1.2,2,0
652,64,0,0.0,0.0,0.8094639255001098,0.9756114255001098,605.0,640.75,132.918,1.0,2,0
653,65,1,0.0,1.4055555555555554,0.8094639255001098,0.9756114255001098,605.0,605.0,132.918,1.0,2,0
654,64,0,0.0,0.0,0.8094639255001098,0.9756114255001098,605.0,605.0,132.918,1.0,2,0
655,65,1,0.0,1.4055555555555554,0.8086138018070872,0.9731813018070872,660.0,624.25,131.654,1.0,2,0
656,65,0,0.0,0.0,0.8086138018070872,0.9731813018070872,660.0,660.0,131.654,1.0,2,0
657,66,1,0.0,1.4055555555555554,0.8086138018070872,0.9731813018070872,660.0,660.0,131.654,1.0,2,0
658,66,0,0.0,0.0,0.8086138018070872,0.9731813018070872,660.0,660.0,131.654,1.4,2,0
659,66,0,0.0,0.0,0.8086138018070872,0.9731813018070872,605.0,640.75,131.654,1.2,2,0
660,66,0,0.0,0.0,0.8089672848796228,0.9741922848796227,605.0,605.0,132.18,1.2,2,0
661,66,0,0.0,0.0,0.8089672848796228,0.9741922848796227,605.0,605.0,132.18,1.0,2,0
662,66,1,0.0,0.0,0.8089672848796228,0.9741922848796227,550.0,585.75,132.18,0.8,1,0
663,66,0,0.0,0.0,0.8089672848796228,0.9741922848796227,605.0,569.25,132.18,0.8,1,0
664,67,1,0.0,0.0,0.8089672848796228,0.9741922848796227,605.0,605.0,132.18,0.8,1,0
665,67,0,0.0,0.0,0.8012971164247602,0.9762971164247602,605.0,605.0,140.0,0.8,1,0
666,69,1,0.0,0.0,0.7962971164247603,0.9762971164247602,605.0,605.0,144.0,1.0,2,0
667,69,0,0.0,0.0,0.7837971164247602,0.9762971164247602,605.0,605.0,154.0,1.0,2,0
668,69,0,0.0,0.0,0.7837971164247602,0.9762971164247602,605.0,605.0,154.0,1.2,2,0
669,69,0,0.0,0.0,0.7837971164247602,0.9762971164247602,605.0,605.0,154.0,1.4,2,0
670,70,1,0.0,0.0,0.7981781387715108,0.9731781387715108,550.0,585.75,140.0,1.4,2,0
671,67,0,0.0,0.0,0.7731781387715109,0.9731781387715108,550.0,550.0,160.0,1.5999999999999999,3,0
672,66,0,0.0,0.0,0.7731781387715109,0.9731781387715108,660.0,588.5,160.0,1.5999999999999999,3,0
673,68,1,0.0,0.0,0.7931781387715109,0.9731781387715108,660.0,660.0,144.0,1.4,2,0
674,68,0,0.0,0.0,0.7931781387715109,0.9731781387715108,660.0,660.0,144.0,1.4,2,0
675,71,3,0.0,0.0,0.8080362931998578,0.9715325431998578,605.0,640.75,130.797,1.2,2,0
676,73,1,0.0,0.0,0.8080362931998578,0.9715325431998578,550.0,585.75,130.797,1.0,2,0
677,71,0,0.0,0.0,0.8080362931998578,0.9715325431998578,550.0,550.0,130.797,1.2,2,0
678,70,0,0.0,0.0,0.8080362931998578,0.9715325431998578,660.0,588.5,130.797,1.2,2,0
679,70,0,0.0,0.0,0.8080362931998578,0.9715325431998578,660.0,660.0,130.797,1.2,2,0
680,68,0,0.0,0.0,0.8074341582992904,0.9698104082992904,660.0,660.0,129.901,1.2,2,0
681,65,0,0.0,0.0,0.8074341582992904,0.9698104082992904,770.0,698.5,129.901,1.2,2,0
682,67,1,0.0,1.4055555555555554,0.8074341582992904,0.9698104082992904,825.0,789.25,129.901,1.0,2,0
683,67,0,0.0,0.0,0.8074341582992904,0.9698104082992904,825.0,825.0,129.901,1.0,2,0
684,67,0,0.0,0.0,0.8074341582992904,0.9698104082992904,825.0,825.0,129.901,1.2,2,0
685,68,1,0.0,1.4055555555555554,0.78774384641861,0.9677438464186099,825.0,825.0,144.0,1.0,2,0
686,67,0,0.0,0.0,0.7677438464186099,0.9677438464186099,825.0,825.0,160.0,1.2,2,0
687,67,0,0.0,0.0,0.7677438464186099,0.9677438464186099,825.0,825.0,160.0,1.2,2,0
688,66,0,0.0,0.0,0.7677438464186099,0.9677438464186099,825.0,825.0,160.0,1.2,2,0
689,66,0,0.0,0.0,0.7677438464186099,0.9677438464186099,880.0,844.25,160.0,1.0,2,0
690,66,1,0.0,14.766666666666666,0.7656198800412437,0.9656198800412437,880.0,880.0,160.0,1.4,2,0
691,67,1,0.0,22.766666666666666,0.7656198800412437,0.9656198800412437,880.0,880.0,160.0,1.5999999999999999,3,0
692,68,0,0.0,0.0,0.7656198800412437,0.9656198800412437,880.0,880.0,160.0,1.7999999999999998,3,0
693,68,0,0.0,0.0,0.7656198800412437,0.9656198800412437,880.0,880.0,160.0,1.5999999999999999,3,0
694,69,1,0.0,14.766666666666666,0.7656198800412437,0.9656198800412437,880.0,880.0,160.0,1.7999999999999998,3,0
695,69,0,0.0,0.0,0.7636107226572486,0.9636107226572486,880.0,880.0,160.0,1.7999999999999998,3,0
696,69,0,0.0,0.0,0.7636107226572486,0.9636107226572486,880.0,880.0,160.0,2.1999999999999997,4,0
697,70,0,0.0,0.0,0.7636107226572486,0.9636107226572486,825.0,860.75,160.0,1.9999999999999998,3,0
698,71,1,0.0,14.766666666666666,0.7636107226572486,0.9636107226572486,715.0,786.5,160.0,1.5999999999999999,3,0
699,72,0,0.0,0.0,0.7636107226572486,0.9636107226572486,660.0,695.75,160.0,1.5999999999999999,3,0
700,72,0,0.0,0.0,0.8050828321870783,0.9630940821870784,550.0,621.5,126.409,1.2,2,0
701,72,0,0.0,0.0,0.8050828321870783,0.9630940821870784,550.0,550.0,126.409,1.2,2,0
702,73,1,0.0,0.0,0.7949690821870785,0.9630940821870784,495.0,530.75,126.0,1.0,2,0
703,74,1,0.0,0.0,0.7949690821870785,0.9630940821870784,495.0,495.0,126.0,1.2,2,0
704,74,0,0.0,0.0,0.7949690821870785,0.9630940821870784,495.0,495.0,126.0,1.2,2,0
705,74,0,0.0,0.0,0.7938401270855955,0.9619651270855953,495.0,495.0,126.0,1.2,2,0
706,74,0,0.0,0.0,0.7938401270855955,0.9619651270855953,495.0,495.0,126.0,1.2,2,0
707,74,0,0.0,0.0,0.7938401270855955,0.9619651270855953,495.0,495.0,126.0,1.4,2,0
708,75,1,0.0,0.0,0.7938401270855955,0.9619651270855953,495.0,495.0,126.0,1.4,2,0
709,75,0,0.0,0.0,0.7938401270855955,0.9619651270855953,495.0,495.0,126.0,1.4,2,0
710,75,0,0.0,0.0,0.7750133741982859,0.9600133741982859,440.0,475.75,112.0,1.2,2,0
711,75,0,0.0,0.0,0.7750133741982859,0.9600133741982859,440.0,440.0,112.0,1.5999999999999999,3,0
712,76,1,0.0,0.0,0.7581383741982859,0.9239508741982858,385.0,420.75,98.0,1.4,2,0
713,77,0,0.0,0.0,0.7581383741982859,0.9239508741982858,385.0,385.0,98.0,1.4,2,0
714,78,1,0.0,0.0,0.7581383741982859,0.9239508741982858,385.0,385.0,98.0,1.4,2,0
715,79,1,0.0,0.0,0.722857587620004,0.841295087620004,275.0,346.5,70.0,1.0,2,0
716,80,1,0.0,0.0,0.722857587620004,0.841295087620004,275.0,275.0,70.0,1.0,2,0
717,80,2,0.0,0.0,0.6978575876200039,0.841295087620004,275.0,275.0,90.0,1.0,2,0
718,82,1,0.0,0.0,0.7666075876200039,0.9224200876200039,385.0,313.5,90.0,1.0,2,0
719,81,0,0.0,0.0,0.7666075876200039,0.9224200876200039,385.0,385.0,90.0,1.0,2,0
720,81,0,0.0,0.0,0.7882233438973554,0.9599220938973554,440.0,404.25,101.359,1.0,2,0
721,81,0,0.0,0.0,0.7882233438973554,0.9599220938973554,440.0,440.0,101.359,1.0,2,0
722,81,0,0.0,0.0,0.7882233438973554,0.9599220938973554,440.0,440.0,101.359,1.0,2,0
723,84,2,0.0,0.0,0.7799220938973553,0.9599220938973554,440.0,440.0,108.0,1.0,2,0
724,85,1,0.0,0.0,0.7680470938973553,0.9238595938973553,385.0,420.75,90.0,0.8,1,0
725,86,1,0.0,0.0,0.7553492961115288,0.8824742961115288,330.0,365.75,72.0,0.6000000000000001,1,0
726,86,0,0.0,0.0,0.7403492961115288,0.8824742961115288,330.0,330.0,84.0,0.6000000000000001,1,0
727,87,1,0.0,0.0,0.7234742961115288,0.8419117961115288,275.0,310.75,70.0,0.4,0,0
728,87,0,0.0,0.0,0.7234742961115288,0.8419117961115288,275.0,275.0,70.0,0.6000000000000001,1,0
729,85,0,0.0,0.0,0.7209742961115289,0.8419117961115288,275.0,275.0,72.0,0.6000000000000001,1,0
730,83,0,0.0,0.0,0.755827666917242,0.882952666917242,330.0,294.25,72.0,0.4,0,0
731,83,0,0.0,0.0,0.792077666917242,0.959577666917242,440.0,368.5,98.0,0.8,1,0
732,83,3,0.0,0.0,0.7760714169172419,0.9235151669172419,385.0,420.75,83.305,0.6000000000000001,1,0
733,82,0,0.0,0.0,0.8089526669172419,0.959577666917242,495.0,423.5,112.0,0.6000000000000001,1,0
734,82,1,0.0,0.0,0.8001339169172419,0.959577666917242,495.0,495.0,119.055,0.6000000000000001,1,0
735,81,0,0.0,0.0,0.803216107855532,0.957759857855532,550.0,514.25,123.635,0.6000000000000001,1,0
736,79,1,0.0,0.0,0.803216107855532,0.957759857855532,605.0,569.25,123.635,0.6000000000000001,1,0
737,80,1,0.0,0.0,0.803216107855532,0.957759857855532,715.0,643.5,123.635,0.8,1,0
738,79,0,0.0,0.0,0.803216107855532,0.957759857855532,715.0,715.0,123.635,0.8,1,0
739,80,1,0.0,0.0,0.803216107855532,0.957759857855532,660.0,695.75,123.635,0.4,0,0
740,80,0,0.0,0.0,0.8029099505398758,0.9574537005398758,660.0,660.0,123.635,0.4,0,0
741,80,0,0.0,0.0,0.8029099505398758,0.9574537005398758,660.0,660.0,123.635,0.6000000000000001,1,0
742,78,0,0.0,0.0,0.8031087005398758,0.9574537005398758,660.0,660.0,123.476,0.6000000000000001,1,0
743,77,0,0.0,0.0,0.8031087005398758,0.9574537005398758,770.0,698.5,123.476,0.6000000000000001,1,0
744,76,0,0.0,0.0,0.8031087005398758,0.9574537005398758,825.0,789.25,123.476,0.6000000000000001,1,0
745,77,1,0.0,1.4055555555555554,0.8030145628886763,0.9571858128886763,880.0,844.25,123.337,0.6000000000000001,1,0
746,74,0,0.0,0.0,0.8030145628886763,0.9571858128886763,825.0,860.75,123.337,0.6000000000000001,1,0
747,75,1,0.0,1.4055555555555554,0.7771858128886764,0.9571858128886763,935.0,863.5,144.0,0.6000000000000001,1,0
748,75,0,0.0,0.0,0.7771858128886764,0.9571858128886763,935.0,935.0,144.0,0.6000000000000001,1,0
749,76,1,0.0,1.4055555555555554,0.7996858128886764,0.9571858128886763,935.0,935.0,126.0,0.6000000000000001,1,0
750,73,0,0.0,0.0,0.7767457117474204,0.9567457117474203,935.0,935.0,144.0,0.8,1,0
751,75,1,10.0,14.766666666666666,0.7567457117474203,0.9567457117474203,990.0,954.25,160.0,1.2,2,0
752,76,1,10.0,14.766666666666666,0.7567457117474203,0.9567457117474203,990.0,990.0,160.0,1.4,2,0
753,75,0,0.0,0.0,0.7567457117474203,0.9567457117474203,990.0,990.0,160.0,1.4,2,0
754,74,0,0.0,0.0,0.7567457117474203,0.9567457117474203,990.0,990.0,160.0,1.5999999999999999,3,0
755,75,0,0.0,0.0,0.7560377229549649,0.9560377229549648,990.0,990.0,160.0,1.5999999999999999,3,0
756,73,0,0.0,0.0,0.7560377229549649,0.9560377229549648,990.0,990.0,160.0,2.1999999999999997,4,0
757,73,0,0.0,0.0,0.7560377229549649,0.9560377229549648,990.0,990.0,160.0,2.1999999999999997,4,0
758,73,0,0.0,0.0,0.7560377229549649,0.9560377229549648,990.0,990.0,160.0,1.9999999999999998,3,0
759,73,0,0.0,0.0,0.7560377229549649,0.9560377229549648,990.0,990.0,160.0,1.7999999999999998,3,0
760,73,0,0.0,0.0,0.7564778240962209,0.9564778240962208,990.0,990.0,160.0,1.7999999999999998,3,0
761,73,0,0.0,0.0,0.7564778240962209,0.9564778240962208,990.0,990.0,160.0,1.9999999999999998,3,0
762,75,2,10.0,38.766666666666666,0.7564778240962209,0.9564778240962208,990.0,990.0,160.0,1.9999999999999998,3,0
763,75,0,0.0,0.0,0.7564778240962209,0.9564778240962208,990.0,990.0,160.0,2.1999999999999997,4,0
764,75,0,0.0,0.0,0.7564778240962209,0.9564778240962208,990.0,990.0,160.0,1.9999999999999998,3,0
765,75,0,0.0,0.0,0.7555784869814803,0.9555784869814803,935.0,970.75,160.0,1.7999999999999998,3,0
766,75,0,0.0,0.0,0.7555784869814803,0.9555784869814803,935.0,935.0,160.0,1.7999999999999998,3,0
767,75,0,0.0,0.0,0.7555784869814803,0.9555784869814803,935.0,935.0,160.0,2.1999999999999997,4,0
768,75,0,0.0,0.0,0.7555784869814803,0.9555784869814803,935.0,935.0,160.0,2.1999999999999997,4,0
769,76,1,0.0,38.766666666666666,0.7555784869814803,0.9555784869814803,935.0,935.0,160.0,2.1999999999999997,4,0
770,77,1,0.0,30.766666666666666,0.7560185881227364,0.9560185881227363,935.0,935.0,160.0,1.9999999999999998,3,0
771,78,1,0.0,22.766666666666666,0.7560185881227364,0.9560185881227363,935.0,935.0,160.0,1.9999999999999998,3,0
772,78,0,0.0,0.0,0.7560185881227364,0.9560185881227363,935.0,935.0,160.0,1.7999999999999998,3,0
773,79,1,0.0,22.766666666666666,0.7560185881227364,0.9560185881227363,825.0,896.5,160.0,1.7999999999999998,3,0
774,79,0,0.0,0.0,0.7560185881227364,0.9560185881227363,770.0,805.75,160.0,1.5999999999999999,3,0
775,81,0,0.0,0.0,0.7553297341625096,0.9553297341625095,770.0,770.0,160.0,1.5999999999999999,3,0
776,82,1,0.0,22.766666666666666,0.7553297341625096,0.9553297341625095,770.0,770.0,160.0,1.7999999999999998,3,0
777,82,0,0.0,0.0,0.7553297341625096,0.9553297341625095,770.0,770.0,160.0,1.7999999999999998,3,0
778,83,0,0.0,0.0,0.7553297341625096,0.9553297341625095,770.0,770.0,160.0,1.7999999999999998,3,0
779,83,0,0.0,0.0,0.7553297341625096,0.9553297341625095,770.0,770.0,160.0,1.7999999999999998,3,0
780,83,0,0.0,0.0,0.7611223402339587,0.9536223402339588,660.0,731.5,154.0,1.4,2,0
781,85,1,0.0,1.4055555555555554,0.7786223402339587,0.9536223402339588,605.0,640.75,140.0,1.4,2,0
782,87,1,0.0,1.4055555555555554,0.7786223402339587,0.9536223402339588,605.0,605.0,140.0,1.7999999999999998,3,0
783,87,0,0.0,0.0,0.7961223402339588,0.9536223402339588,550.0,585.75,126.0,1.5999999999999999,3,0
784,87,0,0.0,0.0,0.7786223402339587,0.9536223402339588,550.0,550.0,140.0,1.5999999999999999,3,0
785,87,0,0.0,0.0,0.7861287896975,0.9542537896975001,495.0,530.75,126.0,1.5999999999999999,3,0
786,88,1,0.0,0.0,0.7861287896975,0.9542537896975001,495.0,495.0,126.0,1.5999999999999999,3,0
787,88,0,0.0,0.0,0.7692537896975,0.9542537896975001,440.0,475.75,112.0,1.4,2,0
788,89,1,0.0,0.0,0.7692537896975,0.9542537896975001,440.0,440.0,112.0,1.4,2,0
789,89,1,0.0,0.0,0.7692537896975,0.9542537896975001,440.0,440.0,112.0,1.4,2,0
790,90,2,0.0,0.0,0.7848403064746476,0.9523403064746476,440.0,440.0,98.0,1.2,2,0
791,90,1,0.0,0.0,0.7855690564746476,0.9523403064746476,440.0,440.0,97.417,1.0,2,0
792,92,1,0.0,0.0,0.8192153064746475,0.9523403064746476,495.0,459.25,98.0,1.0,2,0
793,92,0,0.0,0.0,0.8017153064746475,0.9523403064746476,495.0,495.0,112.0,1.0,2,0
794,91,0,0.0,0.0,0.7976003064746475,0.9523403064746476,495.0,495.0,115.292,1.0,2,0
795,89,0,0.0,0.0,0.7977475227836751,0.9527612727836752,495.0,495.0,115.511,0.8,1,0
796,90,1,0.0,0.0,0.8014662727836752,0.9527612727836752,605.0,533.5,121.036,0.8,1,0
797,90,0,0.0,0.0,0.8014662727836752,0.9527612727836752,605.0,605.0,121.036,0.8,1,0
798,91,1,0.0,0.0,0.8014662727836752,0.9527612727836752,605.0,605.0,121.036,0.8,1,0
799,90,0,0.0,0.0,0.802136272783675,0.9527612727836752,495.0,566.5,112.0,0.4,0,0
800,89,0,0.0,0.0,0.8128760817770463,0.9528760817770463,550.0,514.25,112.0,0.6000000000000001,1,0
801,89,0,0.0,0.0,0.8128760817770463,0.9528760817770463,605.0,569.25,112.0,0.6000000000000001,1,0
802,89,1,0.0,0.0,0.8128760817770463,0.9528760817770463,605.0,605.0,112.0,0.6000000000000001,1,0
803,86,0,0.0,0.0,0.8015060817770463,0.9528760817770463,660.0,624.25,121.096,0.6000000000000001,1,0
804,86,1,0.0,0.0,0.8015060817770463,0.9528760817770463,770.0,698.5,121.096,0.4,0,0
805,84,0,0.0,0.0,0.8022168739932699,0.9549043739932699,770.0,770.0,122.15,0.2,0,0
806,85,1,0.0,0.0,0.7974043739932699,0.9549043739932699,880.0,808.5,126.0,0.2,0,0
807,84,1,0.0,0.0,0.8022168739932699,0.9549043739932699,825.0,860.75,122.15,0.4,0,0
808,84,0,0.0,0.0,0.8022168739932699,0.9549043739932699,880.0,844.25,122.15,0.4,0,0
809,85,1,0.0,0.0,0.7974043739932699,0.9549043739932699,880.0,880.0,126.0,0.6000000000000001,1,0
810,82,0,0.0,0.0,0.7979975537923543,0.9554975537923542,880.0,880.0,126.0,0.8,1,0
811,81,0,0.0,0.0,0.7754975537923543,0.9554975537923542,935.0,899.25,144.0,1.0,2,0
812,82,1,0.0,1.4055555555555554,0.7754975537923543,0.9554975537923542,935.0,935.0,144.0,1.0,2,0
813,81,0,0.0,0.0,0.7554975537923543,0.9554975537923542,935.0,935.0,160.0,1.2,2,0
814,82,2,10.0,14.766666666666666,0.7554975537923543,0.9554975537923542,990.0,954.25,160.0,1.4,2,0
815,83,1,18.0,22.766666666666666,0.7581955651365762,0.9581955651365761,990.0,990.0,160.0,1.4,2,0
816,83,0,0.0,0.0,0.7581955651365762,0.9581955651365761,990.0,990.0,160.0,1.4,2,0
817,82,0,0.0,0.0,0.7581955651365762,0.9581955651365761,990.0,990.0,160.0,1.5999999999999999,3,0
818,83,1,18.0,22.766666666666666,0.7581955651365762,0.9581955651365761,990.0,990.0,160.0,1.5999999999999999,3,0
819,83,1,18.0,30.766666666666666,0.7581955651365762,0.9581955651365761,990.0,990.0,160.0,1.7999999999999998,3,0
820,83,0,0.0,0.0,0.7582338348010331,0.9582338348010331,990.0,990.0,160.0,1.9999999999999998,3,0
821,82,0,0.0,0.0,0.7582338348010331,0.9582338348010331,990.0,990.0,160.0,2.4,4,0
822,82,0,0.0,0.0,0.7582338348010331,0.9582338348010331,990.0,990.0,160.0,2.6,5,0
823,81,0,0.0,0.0,0.7582338348010331,0.9582338348010331,990.0,990.0,160.0,2.6,5,0
824,81,0,0.0,0.0,0.7582338348010331,0.9582338348010331,990.0,990.0,160.0,2.4,4,0
825,81,0,0.0,0.0,0.7596880820504011,0.959688082050401,990.0,990.0,160.0,2.4,4,0
826,81,0,0.0,0.0,0.7596880820504011,0.959688082050401,990.0,990.0,160.0,2.1999999999999997,4,0
827,81,0,0.0,0.0,0.7596880820504011,0.959688082050401,990.0,990.0,160.0,2.4,4,0
828,82,0,0.0,0.0,0.7596880820504011,0.959688082050401,990.0,990.0,160.0,2.4,4,0
829,84,2,0.0,46.766666666666666,0.7596880820504011,0.959688082050401,935.0,970.75,160.0,2.1999999999999997,4,0
830,84,0,0.0,0.0,0.7609318461452552,0.9609318461452552,825.0,896.5,160.0,1.7999999999999998,3,0
831,84,0,0.0,0.0,0.7609318461452552,0.9609318461452552,825.0,825.0,160.0,1.9999999999999998,3,0
832,84,0,0.0,0.0,0.7609318461452552,0.9609318461452552,825.0,825.0,160.0,1.7999999999999998,3,0
833,84,0,0.0,0.0,0.7609318461452552,0.9609318461452552,825.0,825.0,160.0,1.9999999999999998,3,0
834,84,0,0.0,0.0,0.7609318461452552,0.9609318461452552,825.0,825.0,160.0,1.5999999999999999,3,0
835,85,1,0.0,30.766666666666666,0.7612380034609116,0.9612380034609116,825.0,825.0,160.0,1.7999999999999998,3,0
836,86,1,0.0,30.766666666666666,0.7612380034609116,0.9612380034609116,770.0,805.75,160.0,1.7999999999999998,3,0
837,87,1,0.0,22.766666666666666,0.7612380034609116,0.9612380034609116,770.0,770.0,160.0,1.5999999999999999,3,0
838,88,1,0.0,22.766666666666666,0.7612380034609116,0.9612380034609116,715.0,750.75,160.0,1.5999999999999999,3,0
839,88,0,0.0,0.0,0.7612380034609116,0.9612380034609116,715.0,715.0,160.0,1.5999999999999999,3,0
840,88,0,0.0,0.0,0.7571463123995836,0.9571463123995836,715.0,715.0,160.0,1.5999999999999999,3,0
841,89,1,0.0,22.766666666666666,0.7571463123995836,0.9571463123995836,715.0,715.0,160.0,1.7999999999999998,3,0
842,90,1,0.0,22.766666666666666,0.7571463123995836,0.9571463123995836,660.0,695.75,160.0,1.5999999999999999,3,0
843,90,0,0.0,0.0,0.7571463123995836,0.9571463123995836,660.0,660.0,160.0,1.5999999999999999,3,0
844,89,0,0.0,0.0,0.7571463123995836,0.9571463123995836,660.0,660.0,160.0,1.4,2,0
845,89,0,0.0,0.0,0.7569932337417555,0.9569932337417555,715.0,679.25,160.0,1.5999999999999999,3,0
846,90,1,0.0,14.766666666666666,0.7569932337417555,0.9569932337417555,715.0,715.0,160.0,1.7999999999999998,3,0
847,90,0,0.0,0.0,0.7569932337417555,0.9569932337417555,660.0,695.75,160.0,1.5999999999999999,3,0
848,90,0,0.0,0.0,0.7769932337417556,0.9569932337417555,605.0,640.75,144.0,1.5999999999999999,3,0
849,91,1,0.0,14.766666666666666,0.7994932337417555,0.9569932337417555,550.0,585.75,126.0,1.4,2,0
850,92,1,0.0,1.4055555555555554,0.7906669079712367,0.9587919079712368,495.0,530.75,126.0,1.2,2,0
851,93,2,0.0,1.4055555555555554,0.7906669079712367,0.9587919079712368,495.0,495.0,126.0,1.2,2,0
852,93,0,0.0,0.0,0.8012919079712368,0.9587919079712368,550.0,514.25,126.0,1.2,2,0
853,94,1,0.0,1.4055555555555554,0.8012919079712368,0.9587919079712368,550.0,550.0,126.0,1.2,2,0
854,93,0,0.0,0.0,0.8012919079712368,0.9587919079712368,550.0,550.0,126.0,1.2,2,0
855,93,0,0.0,0.0,0.8041126945495187,0.9603226945495187,550.0,550.0,124.968,1.2,2,0
856,93,0,0.0,0.0,0.8003939445495188,0.9603226945495187,495.0,530.75,119.443,1.0,2,0
857,94,1,0.0,1.4055555555555554,0.8003939445495188,0.9603226945495187,495.0,495.0,119.443,1.0,2,0
858,94,0,0.0,0.0,0.7883626945495188,0.9603226945495187,440.0,475.75,101.568,0.8,1,0
859,91,0,0.0,0.0,0.7578226945495188,0.9603226945495187,440.0,440.0,126.0,0.8,1,0
860,91,0,0.0,0.0,0.8044004923353453,0.9611454923353453,550.0,478.5,125.396,0.6000000000000001,1,0
861,88,0,0.0,0.0,0.8036454923353453,0.9611454923353453,550.0,550.0,126.0,0.6000000000000001,1,0
862,88,0,0.0,0.0,0.7811454923353454,0.9611454923353453,715.0,607.75,144.0,0.8,1,0
863,89,1,0.0,0.0,0.7811454923353454,0.9611454923353453,715.0,715.0,144.0,0.8,1,0
864,88,0,0.0,0.0,0.8036454923353453,0.9611454923353453,660.0,695.75,126.0,1.0,2,0
865,89,2,0.0,0.0,0.8046022339467716,0.9621022339467715,715.0,679.25,126.0,1.0,2,0
866,89,1,0.0,0.0,0.8046022339467716,0.9621022339467715,770.0,734.25,126.0,1.2,2,0
867,91,2,0.0,0.0,0.7821022339467716,0.9621022339467715,770.0,770.0,144.0,1.2,2,0
868,91,0,0.0,0.0,0.7621022339467716,0.9621022339467715,770.0,770.0,160.0,1.2,2,0
869,88,0,0.0,0.0,0.7621022339467716,0.9621022339467715,770.0,770.0,160.0,1.2,2,0
870,87,1,0.0,0.0,0.7635182115316823,0.9635182115316823,825.0,789.25,160.0,1.2,2,0
871,84,1,0.0,0.0,0.7835182115316823,0.9635182115316823,770.0,805.75,144.0,1.0,2,0
872,86,2,10.0,14.766666666666666,0.7835182115316823,0.9635182115316823,990.0,847.0,144.0,1.2,2,0
873,85,0,0.0,0.0,0.7835182115316823,0.9635182115316823,990.0,990.0,144.0,1.4,2,0
874,86,1,18.0,22.766666666666666,0.7635182115316823,0.9635182115316823,990.0,990.0,160.0,1.5999999999999999,3,0
875,85,0,0.0,0.0,0.7657952565668769,0.9657952565668768,990.0,990.0,160.0,1.5999999999999999,3,0
876,86,1,18.0,30.766666666666666,0.7657952565668769,0.9657952565668768,990.0,990.0,160.0,1.5999999999999999,3,0
877,83,0,0.0,0.0,0.7657952565668769,0.9657952565668768,990.0,990.0,160.0,1.5999999999999999,3,0
878,84,1,18.0,54.766666666666666,0.7657952565668769,0.9657952565668768,990.0,990.0,160.0,1.5999999999999999,3,0
879,85,1,18.0,62.766666666666666,0.7657952565668769,0.9657952565668768,990.0,990.0,160.0,1.5999999999999999,3,0
880,87,2,18.0,62.766666666666666,0.7676322004608152,0.9676322004608151,990.0,990.0,160.0,1.5999999999999999,3,0
881,88,1,18.0,62.766666666666666,0.7676322004608152,0.9676322004608151,990.0,990.0,160.0,1.7999999999999998,3,0
882,91,3,10.0,62.76666666666667,0.7676322004608152,0.9676322004608151,990.0,990.0,160.0,1.5999999999999999,3,0
883,91,0,0.0,0.0,0.7676322004608152,0.9676322004608151,990.0,990.0,160.0,1.5999999999999999,3,0
884,91,0,0.0,0.0,0.7676322004608152,0.9676322004608151,990.0,990.0,160.0,1.5999999999999999,3,0
885,91,0,0.0,0.0,0.767995762273157,0.967995762273157,990.0,990.0,160.0,1.5999999999999999,3,0
886,91,0,0.0,0.0,0.767995762273157,0.967995762273157,990.0,990.0,160.0,2.1999999999999997,4,0
887,92,1,0.0,62.766666666666666,0.767995762273157,0.967995762273157,880.0,951.5,160.0,1.5999999999999999,3,0
888,93,1,0.0,62.766666666666666,0.787995762273157,0.967995762273157,825.0,860.75,144.0,1.4,2,0
889,93,0,0.0,0.0,0.787995762273157,0.967995762273157,825.0,825.0,144.0,1.4,2,0
890,93,0,0.0,0.0,0.7891055825424116,0.9691055825424115,770.0,805.75,144.0,1.2,2,0
891,93,0,0.0,0.0,0.7891055825424116,0.9691055825424115,770.0,770.0,144.0,1.4,2,0
892,93,0,0.0,0.0,0.7891055825424116,0.9691055825424115,770.0,770.0,144.0,1.4,2,0
893,92,0,0.0,0.0,0.7891055825424116,0.9691055825424115,770.0,770.0,144.0,1.4,2,0
894,91,0,0.0,0.0,0.8071868325424115,0.9691055825424115,770.0,770.0,129.535,1.2,2,0
895,90,0,0.0,0.0,0.7906746387851507,0.9706746387851506,825.0,789.25,144.0,1.4,2,0
896,89,0,0.0,0.0,0.8077358887851506,0.9706746387851506,825.0,825.0,130.351,1.2,2,0
897,89,0,0.0,0.0,0.8077358887851506,0.9706746387851506,825.0,825.0,130.351,1.0,2,0
898,88,0,0.0,0.0,0.8077358887851506,0.9706746387851506,825.0,825.0,130.351,1.0,2,0
899,88,0,0.0,0.0,0.7906746387851507,0.9706746387851506,825.0,825.0,144.0,1.0,2,0
900,89,0,0.0,0.0,0.7868628265676287,0.9668628265676287,825.0,825.0,144.0,1.2,2,0
901,90,1,0.0,62.766666666666666,0.7668628265676287,0.9668628265676287,825.0,825.0,160.0,1.2,2,0
902,89,1,0.0,54.766666666666666,0.7668628265676287,0.9668628265676287,825.0,825.0,160.0,0.8,1,0
903,90,0,0.0,0.0,0.7668628265676287,0.9668628265676287,880.0,844.25,160.0,1.0,2,0
904,91,1,0.0,54.766666666666666,0.7668628265676287,0.9668628265676287,880.0,880.0,160.0,1.2,2,0
905,91,0,0.0,0.0,0.767781298514598,0.9677812985145979,880.0,880.0,160.0,1.2,2,0
906,90,0,0.0,0.0,0.767781298514598,0.9677812985145979,880.0,880.0,160.0,1.2,2,0
907,89,0,0.0,0.0,0.767781298514598,0.9677812985145979,880.0,880.0,160.0,1.9999999999999998,3,0
908,91,2,0.0,54.766666666666666,0.767781298514598,0.9677812985145979,935.0,899.25,160.0,2.4,4,0
909,90,0,0.0,0.0,0.767781298514598,0.9677812985145979,935.0,935.0,160.0,2.4,4,0
910,90,0,0.0,0.0,0.7641456803911781,0.9641456803911781,990.0,954.25,160.0,2.1999999999999997,4,0
911,90,0,0.0,0.0,0.7641456803911781,0.9641456803911781,935.0,970.75,160.0,2.1999999999999997,4,0
912,90,0,0.0,0.0,0.7641456803911781,0.9641456803911781,935.0,935.0,160.0,2.4,4,0
913,91,0,0.0,0.0,0.7641456803911781,0.9641456803911781,880.0,915.75,160.0,2.4,4,0
914,90,0,0.0,0.0,0.7641456803911781,0.9641456803911781,880.0,880.0,160.0,2.1999999999999997,4,0
915,91,1,0.0,46.766666666666666,0.7664801299230581,0.9664801299230581,935.0,899.25,160.0,2.1999999999999997,4,0
916,92,1,0.0,38.766666666666666,0.7664801299230581,0.9664801299230581,935.0,935.0,160.0,1.9999999999999998,3,0
917,92,0,0.0,0.0,0.7664801299230581,0.9664801299230581,935.0,935.0,160.0,1.7999999999999998,3,0
918,93,1,0.0,30.766666666666666,0.7664801299230581,0.9664801299230581,935.0,935.0,160.0,1.9999999999999998,3,0
919,94,0,0.0,0.0,0.7664801299230581,0.9664801299230581,935.0,935.0,160.0,2.1999999999999997,4,0
920,94,0,0.0,0.0,0.7720866357660159,0.9720866357660158,935.0,935.0,160.0,2.1999999999999997,4,0
921,95,1,0.0,30.766666666666666,0.7720866357660159,0.9720866357660158,935.0,935.0,160.0,2.4,4,0
922,95,0,0.0,0.0,0.7720866357660159,0.9720866357660158,935.0,935.0,160.0,2.6,5,0
923,95,0,0.0,0.0,0.7720866357660159,0.9720866357660158,880.0,915.75,160.0,2.1999999999999997,4,0
924,95,0,0.0,0.0,0.7720866357660159,0.9720866357660158,880.0,880.0,160.0,2.1999999999999997,4,0
925,95,1,0.0,14.766666666666666,0.7744210852978959,0.9744210852978958,880.0,880.0,160.0,1.9999999999999998,3,0
926,96,1,0.0,14.766666666666666,0.7744210852978959,0.9744210852978958,935.0,899.25,160.0,1.9999999999999998,3,0
927,96,0,0.0,0.0,0.7944210852978959,0.9744210852978958,825.0,896.5,144.0,1.5999999999999999,3,0
928,95,0,0.0,0.0,0.7944210852978959,0.9744210852978958,770.0,805.75,144.0,1.4,2,0
929,95,0,0.0,0.0,0.8090473352978959,0.9744210852978958,770.0,770.0,132.299,1.2,2,0
930,96,1,0.0,14.766666666666666,0.8097170685207483,0.9763345685207483,770.0,770.0,133.294,1.2,2,0
931,95,0,0.0,0.0,0.8097170685207483,0.9763345685207483,770.0,770.0,133.294,1.2,2,0
932,95,0,0.0,0.0,0.8097170685207483,0.9763345685207483,825.0,789.25,133.294,1.2,2,0
933,95,0,0.0,0.0,0.8097170685207483,0.9763345685207483,770.0,805.75,133.294,1.2,2,0
934,95,0,0.0,0.0,0.8097170685207483,0.9763345685207483,770.0,770.0,133.294,1.2,2,0
935,94,0,0.0,0.0,0.8107421978517126,0.9792621978517126,715.0,750.75,134.816,1.0,2,0
936,93,0,0.0,0.0,0.8107421978517126,0.9792621978517126,715.0,715.0,134.816,1.0,2,0
937,93,0,0.0,0.0,0.8107421978517126,0.9792621978517126,715.0,715.0,134.816,0.8,1,0
938,93,0,0.0,0.0,0.8107421978517126,0.9792621978517126,715.0,715.0,134.816,1.0,2,0
939,93,0,0.0,0.0,0.8107421978517126,0.9792621978517126,660.0,695.75,134.816,0.8,1,0
940,94,1,0.0,0.0,0.8113986614101081,0.9811374114101081,660.0,660.0,135.791,1.0,2,0
941,94,0,0.0,0.0,0.8113986614101081,0.9811374114101081,660.0,660.0,135.791,1.2,2,0
942,94,0,0.0,0.0,0.8113986614101081,0.9811374114101081,660.0,660.0,135.791,1.0,2,0
943,93,0,0.0,0.0,0.8113986614101081,0.9811374114101081,660.0,660.0,135.791,1.0,2,0
944,93,0,0.0,0.0,0.8113986614101081,0.9811374114101081,660.0,660.0,135.791,1.0,2,0
945,93,1,0.0,0.0,0.8123760969154726,0.9839310969154726,660.0,660.0,137.244,1.0,2,0
946,93,0,0.0,0.0,0.8123760969154726,0.9839310969154726,715.0,679.25,137.244,1.0,2,0
947,92,0,0.0,0.0,0.8123760969154726,0.9839310969154726,715.0,715.0,137.244,0.8,1,0
948,89,0,0.0,0.0,0.8123760969154726,0.9839310969154726,715.0,715.0,137.244,0.8,1,0
949,89,0,0.0,0.0,0.8123760969154726,0.9839310969154726,715.0,715.0,137.244,1.0,2,0
950,89,0,0.0,0.0,0.8062846812795812,0.9862846812795811,715.0,715.0,144.0,1.2,2,0
951,88,0,0.0,0.0,0.8062846812795812,0.9862846812795811,660.0,695.75,144.0,1.0,2,0
952,88,0,0.0,0.0,0.8062846812795812,0.9862846812795811,660.0,660.0,144.0,1.0,2,0
953,89,1,0.0,0.0,0.8062846812795812,0.9862846812795811,660.0,660.0,144.0,1.0,2,0
954,89,0,0.0,0.0,0.7862846812795812,0.9862846812795811,660.0,660.0,160.0,1.0,2,0
955,89,0,0.0,0.0,0.7886191308114612,0.9886191308114611,660.0,660.0,160.0,1.4,2,0
956,89,1,0.0,0.0,0.7886191308114612,0.9886191308114611,660.0,660.0,160.0,1.5999999999999999,3,0
957,89,1,0.0,0.0,0.7886191308114612,0.9886191308114611,715.0,679.25,160.0,1.5999999999999999,3,0
958,89,0,0.0,0.0,0.7886191308114612,0.9886191308114611,715.0,715.0,160.0,1.4,2,0
959,91,3,0.0,0.0,0.7886191308114612,0.9886191308114611,715.0,715.0,160.0,1.7999999999999998,3,0
960,92,0,0.0,0.0,0.8029180619148502,0.9829180619148501,715.0,715.0,144.0,1.5999999999999999,3,0
961,91,0,0.0,0.0,0.8029180619148502,0.9829180619148501,660.0,695.75,144.0,1.4,2,0
962,91,1,0.0,0.0,0.8120218119148501,0.9829180619148501,715.0,679.25,136.717,1.2,2,0
963,92,1,0.0,1.4055555555555554,0.7829180619148501,0.9829180619148501,770.0,734.25,160.0,1.2,2,0
964,92,0,0.0,0.0,0.7829180619148501,0.9829180619148501,770.0,770.0,160.0,1.2,2,0
965,93,1,0.0,1.4055555555555554,0.7829180619148501,0.9829180619148501,770.0,770.0,160.0,1.2,2,0
966,94,1,0.0,1.4055555555555554,0.8029180619148502,0.9829180619148501,715.0,750.75,144.0,1.2,2,0
967,94,0,0.0,0.0,0.8029180619148502,0.9829180619148501,715.0,715.0,144.0,1.2,2,0
968,94,0,0.0,0.0,0.7829180619148501,0.9829180619148501,715.0,715.0,160.0,1.5999999999999999,3,0
969,93,0,0.0,0.0,0.7829180619148501,0.9829180619148501,715.0,715.0,160.0,1.5999999999999999,3,0
970,93,0,0.0,0.0,0.7845062529898177,0.9845062529898176,770.0,734.25,160.0,1.5999999999999999,3,0
971,94,1,0.0,14.766666666666666,0.7845062529898177,0.9845062529898176,770.0,770.0,160.0,1.4,2,0
972,95,0,0.0,0.0,0.7845062529898177,0.9845062529898176,770.0,770.0,160.0,1.5999999999999999,3,0
973,97,2,0.0,14.766666666666666,0.7845062529898177,0.9845062529898176,770.0,770.0,160.0,1.5999999999999999,3,0
974,98,1,0.0,14.766666666666666,0.7845062529898177,0.9845062529898176,770.0,770.0,160.0,1.5999999999999999,3,0
975,98,0,0.0,0.0,0.7879696576231805,0.9879696576231805,770.0,770.0,160.0,1.7999999999999998,3,0
976,96,0,0.0,0.0,0.7879696576231805,0.9879696576231805,770.0,770.0,160.0,1.9999999999999998,3,0
977,96,0,0.0,0.0,0.7879696576231805,0.9879696576231805,825.0,789.25,160.0,1.7999999999999998,3,0
978,95,0,0.0,0.0,0.7879696576231805,0.9879696576231805,825.0,825.0,160.0,1.7999999999999998,3,0
979,95,1,0.0,14.766666666666666,0.7879696576231805,0.9879696576231805,880.0,844.25,160.0,1.9999999999999998,3,0
980,95,0,0.0,0.0,0.7899022756782617,0.9899022756782616,880.0,880.0,160.0,1.7999999999999998,3,0
981,95,0,0.0,0.0,0.7899022756782617,0.9899022756782616,935.0,899.25,160.0,1.9999999999999998,3,0
982,95,0,0.0,0.0,0.7899022756782617,0.9899022756782616,935.0,935.0,160.0,1.9999999999999998,3,0
983,96,2,0.0,1.4055555555555554,0.7899022756782617,0.9899022756782616,880.0,915.75,160.0,1.7999999999999998,3,0
984,96,1,0.0,1.4055555555555554,0.7899022756782617,0.9899022756782616,935.0,899.25,160.0,1.9999999999999998,3,0
985,96,0,0.0,0.0,0.7950112758832777,0.9950112758832776,935.0,935.0,160.0,1.7999999999999998,3,0
986,97,1,0.0,0.0,0.8150112758832777,0.9950112758832776,880.0,915.75,144.0,1.4,2,0
987,98,1,0.0,0.0,0.8162537758832776,0.9950112758832776,880.0,880.0,143.006,1.0,2,0
988,99,1,0.0,0.0,0.8162537758832776,0.9950112758832776,770.0,841.5,143.006,0.6000000000000001,1,0
989,97,0,0.0,0.0,0.8162537758832776,0.9950112758832776,770.0,770.0,143.006,0.6000000000000001,1,0
990,95,0,0.0,0.0,0.8174991046777831,0.9985703546777831,880.0,808.5,144.857,0.6000000000000001,1,0
991,94,0,0.0,0.0,0.8174991046777831,0.9985703546777831,935.0,899.25,144.857,0.8,1,0
992,92,0,0.0,0.0,0.8174991046777831,0.9985703546777831,880.0,915.75,144.857,0.8,1,0
993,91,0,0.0,0.0,0.8174991046777831,0.9985703546777831,935.0,899.25,144.857,1.2,2,0
994,92,1,0.0,30.766666666666666,0.8174991046777831,0.9985703546777831,935.0,935.0,144.857,1.2,2,0
995,92,0,0.0,0.0,0.8209522312581152,1.0,935.0,935.0,145.6,1.2,2,0
996,92,0,0.0,0.0,0.8209522312581152,1.0,935.0,935.0,145.6,1.4,2,0
997,92,0,0.0,0.0,0.8209522312581152,1.0,935.0,935.0,145.6,1.4,2,0
998,91,0,0.0,0.0,0.8209522312581152,1.0,935.0,935.0,145.6,1.4,2,0
999,91,0,0.0,0.0,0.8029522312581152,1.0,880.0,915.75,160.0,1.2,2,0
1000,91,0,0.0,0.0,0.805420624615595,1.0,880.0,880.0,160.0,1.4,2,0
1001,93,2,0.0,30.766666666666666,0.805420624615595,1.0,880.0,880.0,160.0,1.4,2,0
1002,93,0,0.0,0.0,0.805420624615595,1.0,880.0,880.0,160.0,1.4,2,0
1003,94,1,0.0,30.766666666666666,0.805420624615595,1.0,880.0,880.0,160.0,1.4,2,0
1004,94,0,0.0,0.0,0.805420624615595,1.0,880.0,880.0,160.0,1.5999999999999999,3,0
1005,96,2,0.0,30.766666666666666,0.8097068270347845,1.0,880.0,880.0,160.0,1.9999999999999998,3,0
1006,97,1,0.0,30.766666666666666,0.8097068270347845,1.0,880.0,880.0,160.0,2.1999999999999997,4,0
1007,97,0,0.0,0.0,0.8097068270347845,1.0,880.0,880.0,160.0,2.1999999999999997,4,0
1008,97,0,0.0,0.0,0.8097068270347845,1.0,880.0,880.0,160.0,2.1999999999999997,4,0
1009,97,0,0.0,0.0,0.8097068270347845,1.0,880.0,880.0,160.0,2.1999999999999997,4,0
1010,97,0,0.0,0.0,0.813189366500376,1.0,880.0,880.0,160.0,2.1999999999999997,4,0
1011,101,4,0.0,14.766666666666666,0.813189366500376,1.0,880.0,880.0,160.0,1.9999999999999998,3,0
1012,101,0,0.0,0.0,0.813189366500376,1.0,825.0,860.75,160.0,1.9999999999999998,3,0
1013,102,0,0.0,0.0,0.813189366500376,1.0,825.0,825.0,160.0,1.9999999999999998,3,0
1014,102,0,0.0,0.0,0.813189366500376,1.0,825.0,825.0,160.0,1.9999999999999998,3,0
1015,103,0,0.0,0.0,0.8156960295223126,1.0,825.0,825.0,160.0,1.7999999999999998,3,0
1016,104,1,0.0,1.4055555555555554,0.8156960295223126,1.0,825.0,825.0,160.0,1.7999999999999998,3,0
1017,106,2,0.0,0.0,0.8156960295223126,1.0,770.0,805.75,160.0,1.5999999999999999,3,0
1018,105,0,0.0,0.0,0.8156960295223126,1.0,770.0,770.0,160.0,2.1999999999999997,4,0
1019,107,2,0.0,0.0,0.8156960295223126,1.0,825.0,789.25,160.0,2.1999999999999997,4,0
1020,109,2,0.0,0.0,0.9889955554896064,1.0,825.0,825.0,160.0,2.1999999999999997,4,0
1021,109,1,0.0,0.0,0.9889955554896064,1.0,770.0,805.75,160.0,1.7999999999999998,3,0
1022,107,0,0.0,0.0,0.9889955554896064,1.0,825.0,789.25,160.0,1.7999999999999998,3,0
1023,107,0,0.0,0.0,0.9889955554896064,1.0,825.0,825.0,160.0,1.4,2,0
1024,106,0,0.0,0.0,0.9889955554896064,1.0,825.0,825.0,160.0,1.4,2,0
1025,102,0,0.0,0.0,0.9918466454916566,1.0,825.0,825.0,160.0,1.4,2,0
1026,102,0,0.0,0.0,0.9918466454916566,1.0,825.0,825.0,160.0,1.5999999999999999,3,0
1027,101,0,0.0,0.0,0.9918466454916566,1.0,770.0,805.75,160.0,1.4,2,0
1028,101,0,0.0,0.0,0.9918466454916566,1.0,825.0,789.25,160.0,1.5999999999999999,3,0
1029,101,0,0.0,0.0,0.9918466454916566,1.0,825.0,825.0,160.0,1.5999999999999999,3,0
1030,101,0,0.0,0.0,0.9965920838843305,1.0,825.0,825.0,160.0,1.5999999999999999,3,0
1031,100,0,0.0,0.0,0.9965920838843305,1.0,770.0,805.75,160.0,1.5999999999999999,3,0
1032,100,0,0.0,0.0,0.9965920838843305,1.0,770.0,770.0,160.0,1.5999999999999999,3,0
1033,101,1,0.0,62.766666666666666,0.9965920838843305,1.0,770.0,770.0,160.0,1.7999999999999998,3,0
1034,99,0,0.0,0.0,0.9965920838843305,1.0,770.0,770.0,160.0,1.9999999999999998,3,0
1035,100,1,0.0,54.766666666666666,1.0,1.0,880.0,808.5,160.0,1.7999999999999998,3,0
1036,99,0,0.0,0.0,1.0,1.0,880.0,880.0,160.0,1.5999999999999999,3,0
1037,99,1,0.0,46.766666666666666,1.0,1.0,880.0,880.0,160.0,1.5999999999999999,3,0
1038,96,1,0.0,46.766666666666666,1.0,1.0,880.0,880.0,160.0,1.5999999999999999,3,0
1039,96,0,0.0,0.0,1.0,1.0,880.0,880.0,160.0,1.5999999999999999,3,0
1040,97,1,0.0,46.766666666666666,1.0,1.0,825.0,860.75,160.0,1.4,2,0
1041,98,1,0.0,46.766666666666666,1.0,1.0,825.0,825.0,160.0,1.5999999999999999,3,0
1042,98,0,0.0,0.0,1.0,1.0,770.0,805.75,160.0,1.2,2,0
1043,99,1,0.0,38.766666666666666,1.0,1.0,770.0,770.0,160.0,1.5999999999999999,3,0
1044,99,0,0.0,0.0,1.0,1.0,770.0,770.0,160.0,1.5999999999999999,3,0
1045,99,0,0.0,0.0,1.0,1.0,770.0,770.0,160.0,1.7999999999999998,3,0
1046,100,1,0.0,30.766666666666666,1.0,1.0,715.0,750.75,145.6,1.4,2,0
1047,99,0,0.0,0.0,1.0,1.0,715.0,715.0,145.6,1.5999999999999999,3,0
1048,99,0,0.0,0.0,1.0,1.0,770.0,734.25,145.6,1.5999999999999999,3,0
1049,99,0,0.0,0.0,1.0,1.0,770.0,770.0,145.6,1.5999999999999999,3,0
1050,99,1,0.0,30.766666666666666,1.0,1.0,770.0,770.0,160.0,1.5999999999999999,3,0
1051,100,0,0.0,0.0,1.0,1.0,825.0,789.25,160.0,1.5999999999999999,3,0
1052,101,1,0.0,30.766666666666666,1.0,1.0,825.0,825.0,160.0,1.5999999999999999,3,0
1053,101,1,0.0,30.766666666666666,1.0,1.0,825.0,825.0,160.0,1.5999999999999999,3,0
1054,101,0,0.0,0.0,1.0,1.0,880.0,844.25,160.0,1.4,2,0
1055,99,0,0.0,0.0,1.0,1.0,880.0,880.0,160.0,1.5999999999999999,3,0
1056,98,0,0.0,0.0,1.0,1.0,825.0,860.75,145.6,1.2,2,0
1057,100,2,0.0,22.766666666666666,1.0,1.0,880.0,844.25,145.6,1.2,2,0
1058,100,0,0.0,0.0,1.0,1.0,880.0,880.0,145.6,1.2,2,0
1059,99,0,0.0,0.0,1.0,1.0,880.0,880.0,160.0,1.4,2,0
1060,98,0,0.0,0.0,1.0,1.0,935.0,899.25,160.0,1.4,2,0
1061,98,0,0.0,0.0,1.0,1.0,990.0,954.25,160.0,1.4,2,0
1062,98,0,0.0,0.0,1.0,1.0,990.0,990.0,160.0,1.5999999999999999,3,0
1063,100,1,10.0,22.766666666666666,1.0,1.0,990.0,990.0,160.0,1.4,2,0
1064,100,0,0.0,0.0,1.0,1.0,990.0,990.0,160.0,1.5999999999999999,3,0
1065,100,0,0.0,0.0,1.0,1.0,990.0,990.0,160.0,1.5999999999999999,3,0
1066,99,0,0.0,0.0,1.0,1.0,990.0,990.0,160.0,1.7999999999999998,3,0
1067,99,0,0.0,0.0,1.0,1.0,990.0,990.0,160.0,1.7999999999999998,3,0
1068,100,1,18.0,22.766666666666666,1.0,1.0,990.0,990.0,160.0,1.7999999999999998,3,0
1069,101,2,18.0,22.766666666666666,1.0,1.0,990.0,990.0,160.0,1.9999999999999998,3,0
1070,102,1,18.0,22.766666666666666,1.0,1.0,990.0,990.0,160.0,1.9999999999999998,3,0
1071,100,0,0.0,0.0,1.0,1.0,990.0,990.0,160.0,2.1999999999999997,4,0
1072,100,1,18.0,22.766666666666666,1.0,1.0,990.0,990.0,160.0,2.1999999999999997,4,0
1073,100,2,26.0,30.766666666666666,1.0,1.0,990.0,990.0,160.0,2.1999999999999997,4,0
1074,102,1,26.0,38.766666666666666,1.0,1.0,990.0,990.0,160.0,2.6,5,0
1075,102,1,18.0,22.766666666666666,1.0,1.0,990.0,990.0,160.0,1.9999999999999998,3,0
1076,101,0,0.0,0.0,1.0,1.0,990.0,990.0,160.0,2.1999999999999997,4,0
1077,100,0,0.0,0.0,1.0,1.0,990.0,990.0,160.0,1.7999999999999998,3,0
1078,100,0,0.0,0.0,1.0,1.0,990.0,990.0,160.0,1.7999999999999998,3,0
1079,98,0,0.0,0.0,1.0,1.0,990.0,990.0,160.0,1.5999999999999999,3,0
1080,97,0,0.0,0.0,1.0,1.0,990.0,990.0,160.0,1.5999999999999999,3,0
1081,98,0,0.0,0.0,1.0,1.0,990.0,990.0,160.0,1.4,2,0
1082,98,0,0.0,0.0,1.0,1.0,990.0,990.0,160.0,1.4,2,0
1083,98,0,0.0,0.0,1.0,1.0,990.0,990.0,160.0,1.2,2,0
1084,99,1,18.0,38.766666666666666,1.0,1.0,990.0,990.0,160.0,1.4,2,0
1085,99,0,0.0,0.0,1.0,1.0,990.0,990.0,160.0,1.5999999999999999,3,0
1086,99,0,0.0,0.0,1.0,1.0,990.0,990.0,160.0,1.5999999999999999,3,0
1087,101,1,18.0,38.766666666666666,1.0,1.0,990.0,990.0,160.0,1.5999999999999999,3,0
1088,101,0,0.0,0.0,1.0,1.0,990.0,990.0,160.0,1.7999999999999998,3,0
1089,101,0,0.0,0.0,1.0,1.0,990.0,990.0,160.0,1.7999999999999998,3,0
1090,101,0,0.0,0.0,1.0,1.0,990.0,990.0,160.0,1.9999999999999998,3,0
1091,102,0,0.0,0.0,1.0,1.0,990.0,990.0,160.0,1.7999999999999998,3,0
1092,102,0,0.0,0.0,1.0,1.0,990.0,990.0,160.0,1.4,2,0
1093,102,0,0.0,0.0,1.0,1.0,990.0,990.0,160.0,1.4,2,0
1094,102,0,0.0,0.0,1.0,1.0,990.0,990.0,160.0,1.4,2,0
1095,103,1,0.0,38.766666666666666,1.0,1.0,935.0,970.75,160.0,1.4,2,0
1096,104,1,0.0,30.766666666666666,1.0,1.0,880.0,915.75,145.6,1.2,2,0
1097,105,1,0.0,30.766666666666666,1.0,1.0,880.0,880.0,160.0,1.4,2,0
1098,105,0,0.0,0.0,1.0,1.0,880.0,880.0,160.0,1.4,2,0
1099,105,1,0.0,30.766666666666666,1.0,1.0,880.0,880.0,160.0,1.5999999999999999,3,0
1100,105,0,0.0,0.0,1.0,1.0,935.0,899.25,160.0,1.4,2,0
1101,106,1,0.0,22.766666666666666,1.0,1.0,935.0,935.0,160.0,1.5999999999999999,3,0
1102,106,0,0.0,0.0,1.0,1.0,935.0,935.0,160.0,1.7999999999999998,3,0
1103,107,1,0.0,22.766666666666666,1.0,1.0,935.0,935.0,160.0,1.7999999999999998,3,0
1104,107,0,0.0,0.0,1.0,1.0,880.0,915.75,160.0,1.4,2,0
1105,108,1,0.0,14.766666666666666,1.0,1.0,880.0,880.0,160.0,1.4,2,0
1106,109,1,0.0,1.4055555555555554,1.0,1.0,825.0,860.75,160.0,1.4,2,0
1107,110,1,0.0,1.4055555555555554,1.0,1.0,770.0,805.75,160.0,1.2,2,0
1108,110,0,0.0,0.0,1.0,1.0,715.0,750.75,160.0,1.2,2,0
1109,111,2,0.0,1.4055555555555554,1.0,1.0,715.0,715.0,160.0,1.5999999999999999,3,0
1110,111,0,0.0,0.0,1.0,1.0,715.0,715.0,160.0,1.4,2,0
1111,111,1,0.0,0.0,1.0,1.0,660.0,695.75,160.0,1.5999999999999999,3,0
1112,111,0,0.0,0.0,1.0,1.0,660.0,660.0,160.0,1.7999999999999998,3,0
1113,111,0,0.0,0.0,1.0,1.0,715.0,679.25,160.0,1.7999999999999998,3,0
1114,111,1,0.0,0.0,1.0,1.0,715.0,715.0,160.0,1.7999999999999998,3,0
1115,112,1,0.0,0.0,1.0,1.0,770.0,734.25,160.0,1.7999999999999998,3,0
1116,111,0,0.0,0.0,1.0,1.0,770.0,770.0,160.0,1.7999999999999998,3,0
1117,111,0,0.0,0.0,1.0,1.0,715.0,750.75,145.6,1.4,2,0
1118,110,0,0.0,0.0,1.0,1.0,605.0,676.5,145.6,1.0,2,0
1119,109,0,0.0,0.0,1.0,1.0,605.0,605.0,145.6,1.0,2,0
1120,108,0,0.0,0.0,1.0,1.0,605.0,605.0,145.6,1.0,2,0
1121,108,1,0.0,0.0,1.0,1.0,605.0,605.0,140.0,0.8,1,0
1122,107,0,0.0,0.0,1.0,1.0,660.0,624.25,140.0,0.8,1,0
1123,108,1,0.0,0.0,1.0,1.0,660.0,660.0,145.6,0.8,1,0
1124,106,0,0.0,0.0,1.0,1.0,660.0,660.0,145.6,0.8,1,0
1125,104,0,0.0,0.0,1.0,1.0,660.0,660.0,145.6,0.8,1,0
1126,102,0,0.0,0.0,1.0,1.0,715.0,679.25,145.6,1.0,2,0
1127,103,1,0.0,0.0,1.0,1.0,770.0,734.25,145.6,1.2,2,0
1128,102,0,0.0,0.0,1.0,1.0,770.0,770.0,145.6,1.2,2,0
1129,102,0,0.0,0.0,1.0,1.0,770.0,770.0,145.6,1.0,2,0
1130,102,0,0.0,0.0,1.0,1.0,770.0,770.0,145.6,1.0,2,0
1131,102,0,0.0,0.0,1.0,1.0,770.0,770.0,145.6,1.0,2,0
1132,102,0,0.0,0.0,1.0,1.0,770.0,770.0,145.6,1.0,2,0
1133,102,1,0.0,1.4055555555555554,1.0,1.0,770.0,770.0,145.6,1.0,2,0
1134,102,0,0.0,0.0,1.0,1.0,825.0,789.25,145.6,1.2,2,0
1135,102,0,0.0,0.0,1.0,1.0,825.0,825.0,160.0,1.2,2,0
1136,102,0,0.0,0.0,1.0,1.0,825.0,825.0,160.0,1.2,2,0
1137,102,0,0.0,0.0,1.0,1.0,770.0,805.75,160.0,1.0,2,0
1138,101,0,0.0,0.0,1.0,1.0,770.0,770.0,160.0,1.2,2,0
1139,101,0,0.0,0.0,1.0,1.0,825.0,789.25,160.0,1.2,2,0
1140,101,0,0.0,0.0,1.0,1.0,825.0,825.0,160.0,1.4,2,0
1141,101,0,0.0,0.0,1.0,1.0,825.0,825.0,145.6,1.4,2,0
1142,102,1,0.0,14.766666666666666,1.0,1.0,825.0,825.0,145.6,1.4,2,0
1143,103,1,0.0,14.766666666666666,1.0,1.0,825.0,825.0,160.0,1.5999999999999999,3,0
1144,103,0,0.0,0.0,1.0,1.0,825.0,825.0,160.0,1.4,2,0
1145,104,1,0.0,14.766666666666666,1.0,1.0,825.0,825.0,160.0,1.4,2,0
1146,107,2,0.0,14.766666666666666,1.0,1.0,770.0,805.75,145.6,1.2,2,0
1147,107,0,0.0,0.0,1.0,1.0,770.0,770.0,145.6,1.0,2,0
1148,107,0,0.0,0.0,1.0,1.0,770.0,770.0,145.6,1.0,2,0
1149,107,0,0.0,0.0,1.0,1.0,770.0,770.0,145.6,1.4,2,0
1150,107,0,0.0,0.0,1.0,1.0,770.0,770.0,160.0,1.4,2,0
1151,107,0,0.0,0.0,1.0,1.0,770.0,770.0,160.0,1.4,2,0
1152,107,0,0.0,0.0,1.0,1.0,770.0,770.0,160.0,1.4,2,0
1153,107,0,0.0,0.0,1.0,1.0,770.0,770.0,160.0,1.4,2,0
1154,107,0,0.0,0.0,1.0,1.0,770.0,770.0,160.0,1.7999999999999998,3,0
1155,108,1,0.0,14.766666666666666,1.0,1.0,770.0,770.0,160.0,1.7999999999999998,3,0
1156,108,0,0.0,0.0,1.0,1.0,770.0,770.0,160.0,1.7999999999999998,3,0
1157,108,0,0.0,0.0,1.0,1.0,770.0,770.0,160.0,1.5999999999999999,3,0
1158,109,1,0.0,14.766666666666666,1.0,1.0,715.0,750.75,145.6,1.4,2,0
1159,110,0,0.0,0.0,1.0,1.0,715.0,715.0,160.0,1.5999999999999999,3,0
1160,110,0,0.0,0.0,1.0,1.0,715.0,715.0,160.0,1.5999999999999999,3,0
1161,110,0,0.0,0.0,1.0,1.0,715.0,715.0,160.0,1.5999999999999999,3,0
1162,111,1,0.0,14.766666666666666,1.0,1.0,715.0,715.0,160.0,1.5999999999999999,3,0
1163,111,0,0.0,0.0,1.0,1.0,715.0,715.0,160.0,1.7999999999999998,3,0
1164,111,0,0.0,0.0,1.0,1.0,660.0,695.75,160.0,1.7999999999999998,3,0
1165,111,0,0.0,0.0,1.0,1.0,660.0,660.0,160.0,1.7999999999999998,3,0
1166,111,0,0.0,0.0,1.0,1.0,660.0,660.0,160.0,1.7999999999999998,3,0
1167,110,0,0.0,0.0,1.0,1.0,605.0,640.75,160.0,1.5999999999999999,3,0
1168,110,0,0.0,0.0,1.0,1.0,605.0,605.0,154.0,1.5999999999999999,3,0
1169,109,0,0.0,0.0,1.0,1.0,495.0,566.5,144.0,1.2,2,0
1170,110,0,0.0,0.0,1.0,1.0,550.0,514.25,144.0,1.2,2,0
1171,111,1,0.0,0.0,1.0,1.0,550.0,550.0,144.0,1.2,2,0
1172,111,0,0.0,0.0,1.0,1.0,550.0,550.0,144.0,1.2,2,0
1173,111,0,0.0,0.0,1.0,1.0,495.0,530.75,126.0,1.2,2,0
1174,112,2,0.0,0.0,1.0,1.0,440.0,475.75,126.0,1.2,2,0
1175,112,1,0.0,0.0,1.0,1.0,495.0,459.25,145.6,1.2,2,0
1176,112,0,0.0,0.0,1.0,1.0,605.0,533.5,145.6,1.2,2,0
1177,112,0,0.0,0.0,1.0,1.0,605.0,605.0,154.0,1.2,2,0
1178,113,1,0.0,0.0,1.0,1.0,495.0,566.5,140.0,0.8,1,0
1179,112,1,0.0,0.0,1.0,1.0,495.0,495.0,145.6,0.8,1,0
1180,112,0,0.0,0.0,1.0,1.0,605.0,533.5,145.6,0.8,1,0
1181,113,1,0.0,0.0,1.0,1.0,550.0,585.75,140.0,0.8,1,0
1182,111,0,0.0,0.0,1.0,1.0,550.0,550.0,145.6,1.0,2,0
1183,111,0,0.0,0.0,1.0,1.0,605.0,569.25,145.6,1.0,2,0
1184,111,0,0.0,0.0,1.0,1.0,605.0,605.0,145.6,1.0,2,0
1185,110,0,0.0,0.0,1.0,1.0,605.0,605.0,145.6,1.2,2,0
1186,111,1,0.0,1.4055555555555554,1.0,1.0,605.0,605.0,140.0,1.0,2,0
1187,111,0,0.0,0.0,1.0,1.0,605.0,605.0,140.0,1.0,2,0
1188,114,3,0.0,1.4055555555555557,1.0,1.0,605.0,605.0,140.0,1.2,2,0
1189,113,0,0.0,0.0,1.0,1.0,605.0,605.0,140.0,1.2,2,0
1190,114,0,0.0,0.0,1.0,1.0,605.0,605.0,144.0,1.4,2,0
1191,115,1,0.0,1.4055555555555554,1.0,1.0,605.0,605.0,145.6,1.4,2,0
1192,115,0,0.0,0.0,1.0,1.0,550.0,585.75,140.0,1.0,2,0
1193,116,1,0.0,0.0,1.0,1.0,495.0,530.75,126.0,0.8,1,0
1194,115,0,0.0,0.0,1.0,1.0,495.0,495.0,140.0,0.8,1,0
1195,117,2,0.0,0.0,1.0,1.0,550.0,514.25,140.0,1.0,2,0
1196,118,2,0.0,0.0,1.0,1.0,550.0,550.0,140.0,1.0,2,0
1197,117,0,0.0,0.0,1.0,1.0,550.0,550.0,140.0,0.8,1,0
1198,119,2,0.0,0.0,1.0,1.0,550.0,550.0,140.0,1.0,2,0
1199,119,0,0.0,0.0,1.0,1.0,550.0,550.0,140.0,1.0,2,0
1200,118,0,0.0,0.0,0.8943261122121233,1.0,550.0,550.0,145.6,1.0,2,0
1201,118,0,0.0,0.0,0.9013261122121232,1.0,605.0,569.25,140.0,1.0,2,0
1202,119,1,0.0,0.0,0.8943261122121233,1.0,605.0,605.0,145.6,1.0,2,0
1203,118,0,0.0,0.0,0.8943261122121233,1.0,605.0,605.0,145.6,1.0,2,0
1204,118,1,0.0,0.0,0.8943261122121233,1.0,660.0,624.25,145.6,1.0,2,0
1205,119,1,0.0,0.0,0.8954933369780633,1.0,715.0,679.25,145.6,1.0,2,0
1206,120,1,0.0,0.0,0.8954933369780633,1.0,660.0,695.75,145.6,1.0,2,0
1207,119,0,0.0,0.0,0.8954933369780633,1.0,660.0,660.0,145.6,1.0,2,0
1208,118,1,0.0,0.0,0.8954933369780633,1.0,660.0,660.0,145.6,0.8,1,0
1209,118,0,0.0,0.0,0.8954933369780633,1.0,770.0,698.5,145.6,1.0,2,0
1210,117,1,0.0,0.0,0.8965840224150894,1.0,770.0,770.0,145.6,1.0,2,0
1211,117,0,0.0,0.0,0.8965840224150894,1.0,770.0,770.0,145.6,1.2,2,0
1212,116,0,0.0,0.0,0.8785840224150894,1.0,770.0,770.0,160.0,1.2,2,0
1213,113,0,0.0,0.0,0.8965840224150894,1.0,715.0,750.75,145.6,1.0,2,0
1214,114,1,0.0,0.0,0.8965840224150894,1.0,660.0,695.75,145.6,0.8,1,0
1215,114,0,0.0,0.0,0.8966414269117748,1.0,660.0,660.0,145.6,1.0,2,0
1216,114,1,0.0,1.4055555555555554,0.8966414269117748,1.0,715.0,679.25,145.6,1.2,2,0
1217,114,0,0.0,0.0,0.8966414269117748,1.0,715.0,715.0,145.6,1.4,2,0
1218,115,1,0.0,1.4055555555555554,0.8966414269117748,1.0,715.0,715.0,145.6,1.4,2,0
1219,115,0,0.0,0.0,0.8966414269117748,1.0,715.0,715.0,145.6,1.4,2,0
1220,114,0,0.0,0.0,0.8980000000000001,1.0,660.0,695.75,145.6,1.2,2,0
1221,115,1,0.0,1.4055555555555554,0.8980000000000001,1.0,715.0,679.25,145.6,1.2,2,0
1222,115,0,0.0,0.0,0.8980000000000001,1.0,660.0,695.75,145.6,1.0,2,0
1223,114,0,0.0,0.0,0.8980000000000001,1.0,660.0,660.0,145.6,1.0,2,0
1224,113,1,0.0,0.0,0.8800000000000001,1.0,660.0,660.0,160.0,1.0,2,0
1225,112,0,0.0,0.0,0.8797703820132579,1.0,715.0,679.25,160.0,1.2,2,0
1226,114,2,0.0,1.4055555555555554,0.8797703820132579,1.0,715.0,715.0,160.0,1.4,2,0
1227,114,0,0.0,0.0,0.8797703820132579,1.0,660.0,695.75,160.0,1.2,2,0
1228,115,1,0.0,0.0,0.8797703820132579,1.0,660.0,660.0,160.0,1.0,2,0
1229,114,0,0.0,0.0,0.8797703820132579,1.0,660.0,660.0,160.0,1.2,2,0
1230,115,0,0.0,0.0,0.8777420897970343,1.0,660.0,660.0,160.0,1.4,2,0
1231,116,1,0.0,0.0,0.8777420897970343,1.0,660.0,660.0,160.0,1.4,2,0
1232,115,0,0.0,0.0,0.8777420897970343,1.0,660.0,660.0,160.0,1.4,2,0
1233,115,0,0.0,0.0,0.8957420897970343,1.0,715.0,679.25,145.6,1.5999999999999999,3,0
1234,115,0,0.0,0.0,0.8957420897970343,1.0,715.0,715.0,145.6,1.5999999999999999,3,0
1235,116,1,0.0,1.4055555555555554,0.8943643818765805,1.0,715.0,715.0,145.6,1.5999999999999999,3,0
1236,115,0,0.0,0.0,0.8943643818765805,1.0,715.0,715.0,145.6,1.5999999999999999,3,0
1237,115,0,0.0,0.0,0.8943643818765805,1.0,770.0,734.25,145.6,1.4,2,0
1238,115,0,0.0,0.0,0.8943643818765805,1.0,770.0,770.0,145.6,1.4,2,0
1239,115,0,0.0,0.0,0.8763643818765805,1.0,770.0,770.0,160.0,1.4,2,0
1240,115,0,0.0,0.0,0.8747187863049273,1.0,715.0,750.75,160.0,1.2,2,0
1241,117,2,0.0,1.4055555555555554,0.8747187863049273,1.0,715.0,715.0,160.0,1.2,2,0
1242,117,0,0.0,0.0,0.8747187863049273,1.0,715.0,715.0,160.0,1.2,2,0
1243,116,0,0.0,0.0,0.8747187863049273,1.0,715.0,715.0,160.0,1.5999999999999999,3,0
1244,118,2,0.0,1.4055555555555554,0.8747187863049273,1.0,770.0,734.25,160.0,1.5999999999999999,3,0
1245,118,0,0.0,0.0,0.8735132918745303,1.0,770.0,770.0,160.0,1.5999999999999999,3,0
1246,118,0,0.0,0.0,0.8735132918745303,1.0,770.0,770.0,160.0,1.5999999999999999,3,0
1247,118,0,0.0,0.0,0.8735132918745303,1.0,715.0,750.75,160.0,1.5999999999999999,3,0
1248,118,0,0.0,0.0,0.8735132918745303,1.0,715.0,715.0,160.0,1.5999999999999999,3,0
1249,116,0,0.0,0.0,0.8735132918745303,1.0,715.0,715.0,160.0,1.7999999999999998,3,0
1250,114,0,0.0,0.0,0.8730157862365886,1.0,825.0,753.5,160.0,1.5999999999999999,3,0
1251,114,0,0.0,0.0,0.8910157862365886,1.0,935.0,863.5,145.6,1.4,2,0
1252,115,1,0.0,14.766666666666666,0.8910157862365886,1.0,935.0,935.0,145.6,1.4,2,0
1253,114,0,0.0,0.0,0.8910157862365886,1.0,880.0,915.75,145.6,1.4,2,0
1254,114,0,0.0,0.0,0.8910157862365886,1.0,935.0,899.25,145.6,1.4,2,0
1255,114,0,0.0,0.0,0.8890448985170505,1.0,935.0,935.0,145.6,1.2,2,0
1256,115,1,0.0,14.766666666666666,0.8890448985170505,1.0,935.0,935.0,145.6,1.2,2,0
1257,115,0,0.0,0.0,0.8890448985170505,1.0,935.0,935.0,145.6,1.0,2,0
1258,115,0,0.0,0.0,0.8890448985170505,1.0,880.0,915.75,145.6,0.8,1,0
1259,114,0,0.0,0.0,0.8890448985170505,1.0,880.0,880.0,145.6,0.8,1,0
1260,115,1,0.0,0.0,0.8793829193491349,1.0,880.0,880.0,145.6,0.6000000000000001,1,0
1261,116,1,0.0,0.0,0.8793829193491349,1.0,825.0,860.75,145.6,0.4,0,0
1262,118,2,0.0,0.0,0.8793829193491349,1.0,825.0,825.0,145.6,0.8,1,0
1263,119,1,0.0,0.0,0.8793829193491349,1.0,770.0,805.75,145.6,0.8,1,0
1264,117,0,0.0,0.0,0.8793829193491349,1.0,715.0,750.75,145.6,0.6000000000000001,1,0
1265,117,0,0.0,0.0,0.8794020541813634,1.0,770.0,734.25,145.6,0.6000000000000001,1,0
1266,116,0,0.0,0.0,0.8794020541813634,1.0,770.0,770.0,145.6,0.8,1,0
1267,115,1,0.0,0.0,0.8794020541813634,1.0,770.0,770.0,145.6,0.8,1,0
1268,114,1,0.0,0.0,0.8794020541813634,1.0,880.0,808.5,145.6,0.8,1,0
1269,115,1,10.0,14.766666666666666,0.8794020541813634,1.0,990.0,918.5,145.6,0.8,1,0
1270,116,1,10.0,14.766666666666666,0.8807414924373602,1.0,990.0,990.0,145.6,1.0,2,0
1271,116,0,0.0,0.0,0.8627414924373602,1.0,990.0,990.0,160.0,1.0,2,0
1272,116,1,10.0,14.766666666666666,0.8627414924373602,1.0,990.0,990.0,160.0,1.4,2,0
1273,115,0,0.0,0.0,0.8627414924373602,1.0,990.0,990.0,160.0,1.4,2,0
1274,116,2,10.0,30.766666666666666,0.8627414924373602,1.0,990.0,990.0,160.0,1.5999999999999999,3,0
1275,115,0,0.0,0.0,0.8616316721681057,1.0,990.0,990.0,160.0,1.5999999999999999,3,0
1276,115,0,0.0,0.0,0.8616316721681057,1.0,990.0,990.0,160.0,2.1999999999999997,4,0
1277,114,0,0.0,0.0,0.8616316721681057,1.0,990.0,990.0,160.0,2.1999999999999997,4,0
1278,114,1,10.0,30.766666666666666,0.8616316721681057,1.0,990.0,990.0,160.0,1.9999999999999998,3,0
1279,115,1,10.0,38.766666666666666,0.8616316721681057,1.0,990.0,990.0,160.0,1.9999999999999998,3,0
1280,115,0,0.0,0.0,0.8603879080732517,1.0,990.0,990.0,160.0,1.9999999999999998,3,0
1281,115,0,0.0,0.0,0.8603879080732517,1.0,880.0,951.5,160.0,1.5999999999999999,3,0
1282,115,0,0.0,0.0,0.8603879080732517,1.0,825.0,860.75,160.0,1.4,2,0
1283,115,0,0.0,0.0,0.8783879080732517,1.0,825.0,825.0,145.6,1.2,2,0
1284,116,1,0.0,38.766666666666666,0.8783879080732517,1.0,825.0,825.0,145.6,1.4,2,0
1285,116,0,0.0,0.0,0.8579003798835434,1.0,825.0,825.0,160.0,1.5999999999999999,3,0
1286,116,0,0.0,0.0,0.8759003798835434,1.0,825.0,825.0,145.6,1.4,2,0
1287,116,0,0.0,0.0,0.8579003798835434,1.0,825.0,825.0,160.0,1.4,2,0
1288,115,0,0.0,0.0,0.8579003798835434,1.0,825.0,825.0,160.0,1.4,2,0
1289,114,0,0.0,0.0,0.8579003798835434,1.0,880.0,844.25,160.0,1.4,2,0
1290,114,1,0.0,30.766666666666666,0.8550875595459504,1.0,880.0,880.0,160.0,1.7999999999999998,3,0
1291,116,2,0.0,30.766666666666666,0.8550875595459504,1.0,880.0,880.0,160.0,1.5999999999999999,3,0
1292,117,1,0.0,30.766666666666666,0.8550875595459504,1.0,825.0,860.75,160.0,1.5999999999999999,3,0
1293,117,0,0.0,0.0,0.8550875595459504,1.0,825.0,825.0,160.0,1.5999999999999999,3,0
1294,116,0,0.0,0.0,0.8550875595459504,1.0,825.0,825.0,160.0,1.5999999999999999,3,0
1295,117,1,0.0,22.766666666666666,0.852925323504127,1.0,880.0,844.25,160.0,1.5999999999999999,3,0
1296,117,0,0.0,0.0,0.852925323504127,1.0,880.0,880.0,160.0,1.5999999999999999,3,0
1297,118,1,0.0,22.766666666666666,0.870925323504127,1.0,825.0,860.75,145.6,1.2,2,0
1298,120,3,0.0,22.766666666666666,0.852925323504127,1.0,825.0,825.0,160.0,1.2,2,0
1299,119,0,0.0,0.0,0.852925323504127,1.0,880.0,844.25,160.0,1.4,2,0
1300,119,0,0.0,0.0,0.8508587616234464,1.0,935.0,899.25,160.0,1.4,2,0
1301,120,0,0.0,0.0,0.8508587616234464,1.0,935.0,935.0,160.0,1.5999999999999999,3,0
1302,121,1,0.0,22.766666666666666,0.8508587616234464,1.0,935.0,935.0,160.0,1.5999999999999999,3,0
1303,122,0,0.0,0.0,0.8508587616234464,1.0,935.0,935.0,160.0,1.7999999999999998,3,0
1304,123,1,0.0,22.766666666666666,0.8508587616234464,1.0,935.0,935.0,160.0,1.7999999999999998,3,0
1305,124,1,0.0,22.766666666666666,0.8489835480650509,1.0,935.0,935.0,160.0,1.7999999999999998,3,0
1306,124,0,0.0,0.0,0.8489835480650509,1.0,825.0,896.5,160.0,1.5999999999999999,3,0
1307,122,0,0.0,0.0,0.8489835480650509,1.0,770.0,805.75,160.0,1.5999999999999999,3,0
1308,122,1,0.0,14.766666666666666,0.8489835480650509,1.0,880.0,808.5,160.0,1.4,2,0
1309,122,1,0.0,1.4055555555555554,0.866983548065051,1.0,880.0,880.0,145.6,1.2,2,0
1310,122,0,0.0,0.0,0.8649743906810559,1.0,880.0,880.0,145.6,1.2,2,0
1311,121,0,0.0,0.0,0.8649743906810559,1.0,825.0,860.75,145.6,1.2,2,0
1312,120,0,0.0,0.0,0.8649743906810559,1.0,825.0,825.0,145.6,1.2,2,0
1313,121,1,0.0,1.4055555555555554,0.8649743906810559,1.0,770.0,805.75,145.6,1.0,2,0
1314,120,0,0.0,0.0,0.8649743906810559,1.0,770.0,770.0,145.6,1.2,2,0
1315,120,0,0.0,0.0,0.8626399411491759,1.0,715.0,750.75,145.6,1.0,2,0
1316,119,0,0.0,0.0,0.8446399411491758,1.0,770.0,734.25,160.0,1.2,2,0
1317,120,1,0.0,0.0,0.8626399411491759,1.0,715.0,750.75,145.6,1.0,2,0
1318,120,0,0.0,0.0,0.8626399411491759,1.0,715.0,715.0,145.6,1.0,2,0
1319,120,1,0.0,0.0,0.8626399411491759,1.0,715.0,715.0,145.6,1.2,2,0
1320,120,0,0.0,0.0,0.8538722073844662,1.0,715.0,715.0,145.6,1.2,2,0
1321,120,0,0.0,0.0,0.8538722073844662,1.0,715.0,715.0,145.6,1.4,2,0
1322,120,0,0.0,0.0,0.8538722073844662,1.0,660.0,695.75,145.6,1.2,2,0
1323,119,0,0.0,0.0,0.8538722073844662,1.0,605.0,640.75,145.6,1.0,2,0
1324,119,0,0.0,0.0,0.8538722073844662,1.0,660.0,624.25,145.6,1.0,2,0
1325,118,0,0.0,0.0,0.8504662072477889,1.0,660.0,660.0,145.6,1.0,2,0
1326,118,0,0.0,0.0,0.8504662072477889,1.0,715.0,679.25,145.6,0.8,1,0
1327,119,1,0.0,14.766666666666666,0.8324662072477889,1.0,715.0,715.0,160.0,0.8,1,0
1328,120,1,0.0,14.766666666666666,0.8324662072477889,1.0,770.0,734.25,160.0,1.2,2,0
1329,120,0,0.0,0.0,0.8324662072477889,1.0,770.0,770.0,160.0,1.2,2,0
1330,122,1,0.0,14.766666666666666,0.829557712749053,1.0,770.0,770.0,160.0,1.4,2,0
1331,123,1,0.0,14.766666666666666,0.829557712749053,1.0,770.0,770.0,160.0,1.4,2,0
1332,124,1,0.0,14.766666666666666,0.829557712749053,1.0,770.0,770.0,160.0,1.9999999999999998,3,0
1333,125,1,0.0,14.766666666666666,0.829557712749053,1.0,825.0,789.25,160.0,1.9999999999999998,3,0
1334,127,1,0.0,14.766666666666666,0.829557712749053,1.0,825.0,825.0,160.0,1.7999999999999998,3,0
1335,126,0,0.0,0.0,0.8449553755659738,1.0,770.0,805.75,145.6,1.4,2,0
1336,125,0,0.0,0.0,0.8269553755659738,1.0,825.0,789.25,160.0,1.5999999999999999,3,0
1337,126,1,0.0,1.4055555555555554,0.8269553755659738,1.0,880.0,844.25,160.0,1.4,2,0
1338,126,0,0.0,0.0,0.8269553755659738,1.0,880.0,880.0,160.0,1.4,2,0
1339,126,0,0.0,0.0,0.8269553755659738,1.0,880.0,880.0,160.0,1.4,2,0
1340,128,2,0.0,1.4055555555555554,0.8233580271070111,1.0,880.0,880.0,160.0,1.2,2,0
1341,128,0,0.0,0.0,0.8233580271070111,1.0,880.0,880.0,160.0,1.4,2,0
1342,128,0,0.0,0.0,0.8233580271070111,1.0,880.0,880.0,160.0,1.7999999999999998,3,0
1343,127,0,0.0,0.0,0.8233580271070111,1.0,880.0,880.0,160.0,1.7999999999999998,3,0
1344,128,1,0.0,14.766666666666666,0.8233580271070111,1.0,935.0,899.25,160.0,1.9999999999999998,3,0
1345,128,0,0.0,0.0,0.8203155887826756,1.0,825.0,896.5,160.0,1.5999999999999999,3,0
1346,127,1,0.0,0.0,0.8203155887826756,1.0,825.0,825.0,160.0,1.5999999999999999,3,0
1347,128,0,0.0,0.0,0.8203155887826756,1.0,935.0,863.5,160.0,1.5999999999999999,3,0
1348,128,0,0.0,0.0,0.8203155887826756,1.0,935.0,935.0,160.0,1.7999999999999998,3,0
1349,128,0,0.0,0.0,0.8203155887826756,1.0,935.0,935.0,160.0,1.5999999999999999,3,0
1350,128,0,0.0,0.0,0.817885465089653,1.0,935.0,935.0,160.0,1.5999999999999999,3,0
1351,126,0,0.0,0.0,0.817885465089653,1.0,935.0,935.0,160.0,1.5999999999999999,3,0
1352,127,1,0.0,22.766666666666666,0.817885465089653,1.0,935.0,935.0,160.0,1.5999999999999999,3,0
1353,128,1,0.0,22.766666666666666,0.817885465089653,1.0,935.0,935.0,160.0,1.5999999999999999,3,0
1354,128,0,0.0,0.0,0.817885465089653,1.0,880.0,915.75,160.0,1.5999999999999999,3,0
1355,129,0,0.0,0.0,0.8144985997852043,1.0,825.0,860.75,160.0,1.4,2,0
1356,129,0,0.0,0.0,0.8144985997852043,1.0,825.0,825.0,160.0,1.9999999999999998,3,0
1357,126,0,0.0,0.0,0.8144985997852043,1.0,825.0,825.0,160.0,1.7999999999999998,3,0
1358,124,0,0.0,0.0,0.8144985997852043,1.0,880.0,844.25,160.0,1.7999999999999998,3,0
1359,125,1,0.0,14.766666666666666,0.8144985997852043,1.0,880.0,880.0,160.0,1.7999999999999998,3,0
1360,125,1,0.0,1.4055555555555554,0.8119345322665819,1.0,825.0,860.75,160.0,1.5999999999999999,3,0
1361,126,1,0.0,1.4055555555555554,0.8119345322665819,1.0,825.0,825.0,160.0,1.5999999999999999,3,0
1362,126,0,0.0,0.0,0.8119345322665819,1.0,825.0,825.0,160.0,1.5999999999999999,3,0
1363,126,0,0.0,0.0,0.8119345322665819,1.0,825.0,825.0,160.0,1.7999999999999998,3,0
1364,127,1,0.0,1.4055555555555554,0.8119345322665819,1.0,770.0,805.75,160.0,1.5999999999999999,3,0
1365,128,1,0.0,1.4055555555555554,0.8266050714588187,1.0,770.0,770.0,145.6,1.5999999999999999,3,0
1366,128,0,0.0,0.0,0.8266050714588187,1.0,770.0,770.0,145.6,1.5999999999999999,3,0
1367,129,1,0.0,1.4055555555555554,0.8266050714588187,1.0,715.0,750.75,145.6,1.4,2,0
1368,128,1,0.0,0.0,0.8266050714588187,1.0,660.0,695.75,145.6,1.2,2,0
1369,128,0,0.0,0.0,0.8266050714588187,1.0,715.0,679.25,145.6,1.0,2,0
1370,128,0,0.0,0.0,0.823773116288997,1.0,660.0,695.75,145.6,0.8,1,0
1371,128,0,0.0,0.0,0.8307731162889969,1.0,605.0,640.75,140.0,0.6000000000000001,1,0
1372,130,1,0.0,0.0,0.8482731162889969,1.0,550.0,585.75,126.0,0.4,0,0
1373,130,1,0.0,0.0,0.8482731162889969,1.0,550.0,550.0,126.0,0.4,0,0
1374,130,0,0.0,0.0,0.8482731162889969,1.0,605.0,569.25,126.0,0.4,0,0
1375,129,0,0.0,0.0,0.8234195319248885,1.0,605.0,605.0,144.0,0.6000000000000001,1,0
1376,128,0,0.0,0.0,0.8459195319248884,1.0,605.0,605.0,126.0,0.4,0,0
1377,126,0,0.0,0.0,0.8214195319248885,1.0,660.0,624.25,145.6,0.6000000000000001,1,0
1378,126,0,0.0,0.0,0.8214195319248885,1.0,770.0,698.5,145.6,0.8,1,0
1379,126,1,0.0,0.0,0.8214195319248885,1.0,770.0,770.0,145.6,1.2,2,0
1380,126,0,0.0,0.0,0.8163045373714539,0.9963045373714539,825.0,789.25,144.0,1.2,2,0
1381,126,0,0.0,0.0,0.8163045373714539,0.9963045373714539,825.0,825.0,144.0,1.4,2,0
1382,127,1,0.0,0.0,0.7963045373714539,0.9963045373714539,825.0,825.0,160.0,1.4,2,0
1383,127,1,0.0,0.0,0.7963045373714539,0.9963045373714539,825.0,825.0,160.0,1.5999999999999999,3,0
1384,125,0,0.0,0.0,0.7963045373714539,0.9963045373714539,880.0,844.25,160.0,1.7999999999999998,3,0
1385,125,1,0.0,1.4055555555555554,0.7944484586452869,0.9944484586452869,935.0,899.25,160.0,1.9999999999999998,3,0
1386,124,0,0.0,0.0,0.7944484586452869,0.9944484586452869,935.0,935.0,160.0,1.9999999999999998,3,0
1387,123,0,0.0,0.0,0.7944484586452869,0.9944484586452869,990.0,954.25,160.0,2.1999999999999997,4,0
1388,123,0,0.0,0.0,0.7944484586452869,0.9944484586452869,990.0,990.0,160.0,1.9999999999999998,3,0
1389,124,1,18.0,22.766666666666666,0.7944484586452869,0.9944484586452869,990.0,990.0,160.0,2.4,4,0
1390,125,2,18.0,22.766666666666666,0.7928602675703194,0.9928602675703193,990.0,990.0,160.0,2.4,4,0
1391,125,0,0.0,0.0,0.7928602675703194,0.9928602675703193,990.0,990.0,160.0,2.4,4,0
1392,127,1,10.0,22.766666666666666,0.7928602675703194,0.9928602675703193,990.0,990.0,160.0,1.9999999999999998,3,0
1393,128,0,0.0,0.0,0.7928602675703194,0.9928602675703193,990.0,990.0,160.0,2.4,4,0
1394,127,1,0.0,22.766666666666666,0.7928602675703194,0.9928602675703193,880.0,951.5,160.0,1.9999999999999998,3,0
1395,126,0,0.0,0.0,0.7903727393806113,0.9903727393806112,880.0,880.0,160.0,2.1999999999999997,4,0
1396,126,0,0.0,0.0,0.7903727393806113,0.9903727393806112,880.0,880.0,160.0,2.1999999999999997,4,0
1397,127,1,0.0,46.766666666666666,0.7903727393806113,0.9903727393806112,825.0,860.75,160.0,1.5999999999999999,3,0
1398,128,1,0.0,46.766666666666666,0.7903727393806113,0.9903727393806112,825.0,825.0,160.0,1.5999999999999999,3,0
1399,128,0,0.0,0.0,0.7903727393806113,0.9903727393806112,825.0,825.0,160.0,1.5999999999999999,3,0
1400,129,1,0.0,46.766666666666666,0.7877895370297603,0.9877895370297602,825.0,825.0,160.0,1.5999999999999999,3,0
1401,129,0,0.0,0.0,0.7877895370297603,0.9877895370297602,770.0,805.75,160.0,1.4,2,0
1402,129,0,0.0,0.0,0.7877895370297603,0.9877895370297602,770.0,770.0,160.0,1.4,2,0
1403,129,0,0.0,0.0,0.7877895370297603,0.9877895370297602,770.0,770.0,160.0,1.7999999999999998,3,0
1404,129,0,0.0,0.0,0.7877895370297603,0.9877895370297602,770.0,770.0,160.0,1.7999999999999998,3,0
1405,130,1,0.0,38.766666666666666,0.7854933571623375,0.9854933571623374,770.0,770.0,160.0,1.5999999999999999,3,0
1406,132,2,0.0,38.766666666666666,0.7854933571623375,0.9854933571623374,770.0,770.0,160.0,1.5999999999999999,3,0
1407,133,1,0.0,38.766666666666666,0.7854933571623375,0.9854933571623374,770.0,770.0,160.0,1.7999999999999998,3,0
1408,132,0,0.0,0.0,0.7854933571623375,0.9854933571623374,770.0,770.0,160.0,1.9999999999999998,3,0
1409,132,0,0.0,0.0,0.7854933571623375,0.9854933571623374,825.0,789.25,160.0,1.9999999999999998,3,0
1410,133,0,0.0,0.0,0.8031589076304575,0.9831589076304574,825.0,825.0,144.0,1.5999999999999999,3,0
1411,131,0,0.0,0.0,0.7831589076304575,0.9831589076304574,825.0,825.0,160.0,1.5999999999999999,3,0
1412,132,1,0.0,22.766666666666666,0.7831589076304575,0.9831589076304574,935.0,863.5,160.0,1.5999999999999999,3,0
1413,132,0,0.0,0.0,0.7831589076304575,0.9831589076304574,880.0,915.75,160.0,1.2,2,0
1414,133,1,0.0,1.4055555555555554,0.7831589076304575,0.9831589076304574,825.0,860.75,160.0,1.2,2,0
1415,132,0,0.0,0.0,0.7806139749440637,0.9806139749440637,825.0,825.0,160.0,1.2,2,0
1416,132,0,0.0,0.0,0.7806139749440637,0.9806139749440637,825.0,825.0,160.0,1.0,2,0
1417,132,0,0.0,0.0,0.7806139749440637,0.9806139749440637,825.0,825.0,160.0,1.2,2,0
1418,133,1,0.0,0.0,0.7806139749440637,0.9806139749440637,715.0,786.5,160.0,1.0,2,0
1419,132,0,0.0,0.0,0.7806139749440637,0.9806139749440637,770.0,734.25,160.0,1.2,2,0
1420,132,0,0.0,0.0,0.7779733680965273,0.9779733680965272,825.0,789.25,160.0,1.2,2,0
1421,132,0,0.0,0.0,0.7779733680965273,0.9779733680965272,825.0,825.0,160.0,1.4,2,0
1422,131,0,0.0,0.0,0.7779733680965273,0.9779733680965272,770.0,805.75,160.0,1.4,2,0
1423,130,0,0.0,0.0,0.7779733680965273,0.9779733680965272,770.0,770.0,160.0,1.7999999999999998,3,0
1424,129,0,0.0,0.0,0.7779733680965273,0.9779733680965272,770.0,770.0,160.0,1.7999999999999998,3,0
1425,129,0,0.0,0.0,0.7758494017191611,0.975849401719161,770.0,770.0,160.0,1.5999999999999999,3,0
1426,128,0,0.0,0.0,0.7758494017191611,0.975849401719161,770.0,770.0,160.0,1.7999999999999998,3,0
1427,129,1,0.0,0.0,0.7758494017191611,0.975849401719161,770.0,770.0,160.0,1.9999999999999998,3,0
1428,131,2,0.0,0.0,0.7758494017191611,0.975849401719161,770.0,770.0,160.0,1.9999999999999998,3,0
1429,131,1,0.0,0.0,0.7758494017191611,0.975849401719161,715.0,750.75,160.0,1.7999999999999998,3,0
1430,132,1,0.0,0.0,0.7735149521872811,0.973514952187281,715.0,715.0,160.0,1.7999999999999998,3,0
1431,133,0,0.0,0.0,0.7735149521872811,0.973514952187281,715.0,715.0,160.0,1.7999999999999998,3,0
1432,132,0,0.0,0.0,0.7735149521872811,0.973514952187281,715.0,715.0,160.0,1.7999999999999998,3,0
1433,130,0,0.0,0.0,0.7935149521872811,0.973514952187281,715.0,715.0,144.0,1.4,2,0
1434,129,1,0.0,14.766666666666666,0.7935149521872811,0.973514952187281,825.0,753.5,144.0,1.4,2,0
1435,129,0,0.0,0.0,0.7709317498364303,0.9709317498364303,825.0,825.0,160.0,1.4,2,0
1436,128,0,0.0,0.0,0.7709317498364303,0.9709317498364303,825.0,825.0,160.0,1.4,2,0
1437,128,0,0.0,0.0,0.7709317498364303,0.9709317498364303,825.0,825.0,160.0,1.5999999999999999,3,0
1438,130,1,0.0,30.766666666666666,0.7709317498364303,0.9709317498364303,825.0,825.0,160.0,1.4,2,0
1439,130,0,0.0,0.0,0.7709317498364303,0.9709317498364303,770.0,805.75,160.0,1.2,2,0
